type,vehicle_id,operator,prev_route,prev_headsign,prev_last_stop_planned,next_route,next_headsign,next_first_stop_planned,deadhead_start,deadhead_end,duration_min,period,day_type,from_stop_observed,to_stop_observed,from_lat,from_lon,to_lat,to_lon,move_m,speed_kmh,dwell_start_min,dwell_end_min,deadhead_label,beräknad_körtid_min
observed,9031001001007598,Keolis,540,-,Tensta centrum,157,-,Lunda industri,2025-03-17 05:02:38,2025-03-17 05:08:02,5.4,Bas,Vardag,Tensta centrum,Spånga,59.393836975097656,17.906042098999023,59.38460159301758,17.895584106445312,1185.4,13.2,0.0,0.0,Tensta centrum → Spånga,4.9
observed,9031001001007637,Keolis,508,-,Danderyds sjukhus,528,-,Sollentuna station,2025-03-17 05:10:02,2025-03-17 05:29:01,19.0,Bas,Vardag,Danderyds sjukhus,Sollentuna station,59.38997268676758,18.04256248474121,59.43000030517578,17.94806671142578,6957.2,22.0,0.0,0.0,Danderyds sjukhus → Sollentuna station,13.4
observed,9031001001004609,Keolis,116,-,Spånga station,118,-,Vällingby,2025-03-17 05:13:34,2025-03-17 05:26:02,12.5,Bas,Vardag,Spånga station,Vällingby,59.3832893371582,17.898237228393555,59.363407135009766,17.87101173400879,2695.6,12.9,0.0,0.0,Spånga station → Vällingby,7.4
observed,9031001001004612,Keolis,506,-,Hallonbergen,116,-,Spånga station,2025-03-17 05:15:44,2025-03-17 05:21:01,5.3,Bas,Vardag,Hallonbergen,Rinkeby kvarn,59.3756103515625,17.970169067382812,59.38225173950195,17.936279296875,2056.6,23.3,0.0,0.0,Hallonbergen → Rinkeby kvarn,4.3
observed,9031001003007242,Nobina,802,-,Gullmarsplan,814,-,Hedvigslunds torg,2025-03-17 05:15:56,2025-03-17 05:20:05,4.2,Bas,Vardag,Gullmarsplan,Kvarter 16,59.29834365844727,18.08184051513672,59.27156066894531,18.09405517578125,3057.9,43.7,0.0,0.0,Gullmarsplan → Kvarter 16,3.8
observed,9031001001001609,Nobina,159,-,Spånga station,115,-,Vällingby,2025-03-17 05:18:42,2025-03-17 05:23:01,4.3,Bas,Vardag,Spånga station,Ivarskärrsvägen,59.382694244384766,17.89797019958496,59.37669372558594,17.86602210998535,1928.5,26.9,0.0,0.0,Spånga station → Ivarskärrsvägen,5.0
observed,9031001001008051,Keolis,516,-,Sergels torg,528,-,Sollentuna station,2025-03-17 05:29:03,2025-03-17 05:58:01,29.0,Bas,Vardag,Sergels torg,Sollentuna station,59.3336067199707,18.0648136138916,59.43021774291992,17.947364807128906,12635.1,26.1,0.0,0.0,Sergels torg → Sollentuna station,19.3
observed,9031001001007617,Keolis,66,-,Reimersholme,74,-,Moa Martinsons torg,2025-03-17 05:29:47,2025-03-17 05:34:00,4.2,Bas,Vardag,Reimersholme,Hornstull,59.31787490844727,18.02151870727539,59.31565475463867,18.034156799316406,758.4,10.8,0.0,0.0,Reimersholme → Hornstull,2.8
observed,9031001001004693,Keolis,506,-,Hallonbergen,509,-,Danderyds sjukhus,2025-03-17 05:30:21,2025-03-17 05:44:02,13.7,Bas,Vardag,Råsta,Danderyds sjukhus,59.38011932373047,17.98004150390625,59.39109420776367,18.043426513671875,3791.1,16.6,0.0,0.0,Råsta → Danderyds sjukhus,7.4
observed,9031001001004917,Keolis,523,-,Sollentuna station,523,-,Kista centrum,2025-03-17 05:34:25,2025-03-17 05:48:33,14.1,Bas,Vardag,Råstagaraget,Kista centrum,59.38031768798828,17.9771728515625,59.403621673583984,17.94242286682129,3253.5,13.8,0.0,0.0,Råstagaraget → Kista centrum,8.0
observed,9031001004505053,Transdev,670,-,Tekniska högskolan,624,-,Åkersberga station,2025-03-17 05:35:47,2025-03-17 05:38:01,2.2,Bas,Vardag,Kanalvägen,Åkersberga station,59.48065948486328,18.28745651245117,59.47792816162109,18.302928924560547,925.0,25.2,0.0,0.0,Kanalvägen → Åkersberga station,3.2
observed,9031001001001209,Övrigt,517,-,Spånga station,115,-,Vällingby,2025-03-17 05:43:06,2025-03-17 05:52:00,8.9,Bas,Vardag,Spånga station,Vällingby,59.38286209106445,17.898862838745117,59.36332321166992,17.87122917175293,2677.8,18.1,0.0,0.0,Spånga station → Vällingby,7.4
observed,9031001001004677,Keolis,118,-,Hallonbergen,112,-,Alvik,2025-03-17 05:43:53,2025-03-17 06:03:01,19.1,Bas,Vardag,Hallonbergen,Alvik,59.37578582763672,17.970083236694336,59.33284378051758,17.979066848754883,4802.0,15.1,0.0,0.0,Hallonbergen → Alvik,13.3
observed,9031001004500490,Transdev,571,-,Märsta station,571,-,Märsta station,2025-03-17 05:44:37,2025-03-17 05:48:02,3.4,Bas,Vardag,Märsta station,Märstagaraget,59.62876129150391,17.860551834106445,59.628448486328125,17.87808609008789,986.4,17.4,0.0,0.0,Märsta station → Märstagaraget,4.4
observed,9031001001004137,Keolis,516,-,Sergels torg,516,-,Mossvägen,2025-03-17 05:46:52,2025-03-17 06:10:00,23.1,Bas,Vardag,Sergels torg,Mossvägen,59.33360290527344,18.06488609313965,59.43750381469727,17.93006134033203,13848.0,36.0,0.0,0.0,Sergels torg → Mossvägen,19.3
observed,9031001003001722,Nobina,418,-,Orminge centrum,445C,-,Sandholmsvägen,2025-03-17 05:46:54,2025-03-17 05:50:03,3.1,Bas,Vardag,Sandholmsvägen,Björkholmsvägen,59.32948303222656,18.273122787475582,59.32655715942383,18.260591506958008,781.7,15.1,0.0,0.0,Sandholmsvägen → Björkholmsvägen,2.3
observed,9031001003001589,Nobina,809,-,Gullmarsplan,809,-,Skyttens gata,2025-03-17 05:47:06,2025-03-17 06:00:06,13.0,Bas,Vardag,Kvarter 16,Brandbergens centrum,59.270782470703125,18.094480514526367,59.17291259765625,18.169864654541016,11697.5,54.0,0.0,0.0,Kvarter 16 → Brandbergens centrum,13.3
observed,9031001001004679,Övrigt,517,-,Kista centrum,159,-,Spånga station,2025-03-17 05:47:17,2025-03-17 05:55:00,7.7,Bas,Vardag,Kista centrum,Tavastehusgatan,59.403587341308594,17.94225311279297,59.413204193115234,17.901729583740234,2530.2,19.7,0.0,0.0,Kista centrum → Tavastehusgatan,7.0
observed,9031001001007473,Keolis,205,-,Ropsten,205,-,Sticklinge,2025-03-17 05:47:56,2025-03-17 05:58:01,10.1,Bas,Vardag,Ropsten,Blåklintsvägen,59.35717391967773,18.102275848388672,59.3769416809082,18.12820243835449,2643.7,15.7,0.0,0.0,Ropsten → Blåklintsvägen,6.3
observed,9031001001004943,Keolis,515,-,Odenplan,526,-,Sollentuna station,2025-03-17 05:48:11,2025-03-17 06:15:01,26.8,Bas,Vardag,Odenplan,Sollentuna station,59.34273147583008,18.050033569335938,59.43034744262695,17.94745445251465,11342.6,25.4,0.0,0.0,Odenplan → Sollentuna station,18.5
observed,9031001003007242,Nobina,814,-,Gullmarsplan,401,-,Ekstubben,2025-03-17 05:48:20,2025-03-17 06:10:04,21.7,Bas,Vardag,Gullmarsplan,Flatenbadet,59.29770278930664,18.08227157592773,59.25284194946289,18.163063049316406,6778.6,18.7,0.0,0.0,Gullmarsplan → Flatenbadet,11.2
observed,9031001001004694,Keolis,503,-,Ulriksdals station,513,-,Solna centrum,2025-03-17 05:49:24,2025-03-17 05:52:00,2.6,Bas,Vardag,Ulriksdals station,Järva krog,59.38114929199219,18.00249481201172,59.37810516357422,18.010330200195312,558.1,12.9,0.0,0.0,Ulriksdals station → Järva krog,1.6
observed,9031001001004940,Keolis,508,-,Karolinska sjukhuset norra,156,-,Danderyds sjukhus,2025-03-17 05:50:25,2025-03-17 06:05:02,14.6,Bas,Vardag,Karolinska sjukhuset norra,Danderyds sjukhus,59.35301971435547,18.032197952270508,59.39076614379883,18.043472290039062,4245.5,17.4,0.0,0.0,Karolinska sjukhuset norra → Danderyds sjukhus,8.7
observed,9031001003001707,Övrigt,446C,-,Cityterminalen,446C,-,Nämdöstigen,2025-03-17 05:50:46,2025-03-17 06:13:03,22.3,Bas,Vardag,Centralen,Nämdöstigen,59.329345703125,18.054500579833984,59.32378005981445,18.251724243164062,11204.7,30.1,0.0,0.0,Centralen → Nämdöstigen,18.7
observed,9031001001004644,Keolis,504,-,Rissne,129,-,Brommaplan,2025-03-17 05:58:22,2025-03-17 06:19:00,20.6,Bas,Vardag,Rissne,Brommaplan,59.37553787231445,17.940237045288086,59.33832550048828,17.93678092956543,4142.5,12.1,0.0,0.0,Rissne → Brommaplan,11.2
observed,9031001001004826,Övrigt,129,-,Solna centrum,507,-,Tomteboda postterminal,2025-03-17 06:00:43,2025-03-17 06:09:02,8.3,FM-topp,Vardag,Solna centrum,Tomteboda postterminal,59.35855102539063,17.997047424316406,59.34891128540039,18.011951446533203,1364.8,9.9,0.0,0.0,Solna centrum → Tomteboda postterminal,5.5
observed,9031001001004502,Keolis,201,-,Båtsmansvägen,238,-,Högsätra,2025-03-17 06:01:01,2025-03-17 06:12:02,11.0,FM-topp,Vardag,Båtsmansvägen,Högsätra,59.360260009765625,18.171632766723636,59.35149383544922,18.151514053344727,1500.1,8.2,0.0,0.0,Båtsmansvägen → Högsätra,5.6
observed,9031001001004652,Keolis,525,-,Norrvikens station,520,-,Sollentuna station,2025-03-17 06:03:21,2025-03-17 06:15:01,11.7,FM-topp,Vardag,Norrvikens station,Sollentuna station,59.45755386352539,17.92383575439453,59.43020248413086,17.947256088256836,3317.0,17.0,0.0,0.0,Norrvikens station → Sollentuna station,6.1
observed,9031001003007248,Nobina,835,-,Handens närsjukhus,809,-,Svartbäcken,2025-03-17 06:04:17,2025-03-17 06:11:05,6.8,FM-topp,Vardag,Handens närsjukhus,Vändplan Albatrossvägen,59.17447662353516,18.144569396972656,59.17416763305664,18.1761417388916,1799.3,15.9,0.0,0.0,Handens närsjukhus → Vändplan Albatrossvägen,5.1
observed,9031001001505009,Övrigt,25M,-,Glasbruksgatan,25M,-,Saltsjöbadens station,2025-03-17 06:05:17,2025-03-17 06:38:04,32.8,FM-topp,Vardag,Glasbruksgatan,Saltsjöbadens station,59.31851196289063,18.0789852142334,59.27887344360352,18.312231063842773,13956.1,25.5,0.0,0.0,Glasbruksgatan → Saltsjöbadens station,20.5
observed,9031001001001618,Keolis,113,-,Solna centrum,113,-,Mariehällskyrkan,2025-03-17 06:17:02,2025-03-17 06:30:01,13.0,FM-topp,Vardag,Solna centrum,Ursviks holme,59.35829925537109,17.998184204101562,59.389381408691406,17.943716049194336,4633.0,21.4,0.0,0.0,Solna centrum → Ursviks holme,11.5
observed,9031001001004910,Keolis,516,-,Sergels torg,516,-,Mossvägen,2025-03-17 06:17:28,2025-03-17 06:38:02,20.6,FM-topp,Vardag,Sergels torg,Malaxgatan,59.33367156982422,18.064916610717773,59.42278289794922,17.924755096435547,12696.6,37.0,0.0,0.0,Sergels torg → Malaxgatan,16.7
observed,9031001001004936,Keolis,540,-,Tensta centrum,540,-,Tensta centrum,2025-03-17 06:17:58,2025-03-17 06:21:00,3.0,FM-topp,Vardag,Tensta centrum,Spånga kyrka,59.39392852783203,17.90610122680664,59.39129638671875,17.91404151916504,536.4,10.7,0.0,0.0,Tensta centrum → Spånga kyrka,2.8
observed,9031001001004049,Keolis,201,-,Ropsten,212,-,Södergarnsvägen,2025-03-17 06:22:41,2025-03-17 06:31:01,8.3,FM-topp,Vardag,Ropsten,Högnäsvägen,59.357208251953125,18.102155685424805,59.37113571166992,18.146873474121094,2969.6,21.5,0.0,0.0,Ropsten → Högnäsvägen,5.8
observed,9031001001004626,Nobina,156,-,Solna strand,156,-,Danderyds sjukhus,2025-03-17 06:23:11,2025-03-17 06:36:00,12.8,FM-topp,Vardag,Solna strand,Väntorpsvägen,59.35480880737305,17.973133087158203,59.37920379638672,18.022855758666992,3910.8,18.3,0.0,0.0,Solna strand → Väntorpsvägen,8.8
observed,9031001001001612,Nobina,155,-,Akalla,158,-,Spånga station,2025-03-17 06:26:07,2025-03-17 06:29:01,2.9,FM-topp,Vardag,Akalla,Hästa gård,59.41516876220703,17.913156509399414,59.41205596923828,17.897777557373047,936.5,19.4,0.0,0.0,Akalla → Hästa gård,2.3
observed,9031001001004811,Keolis,54,-,Fridhemsplan,54,-,Reimersholme,2025-03-17 06:26:44,2025-03-17 06:33:01,6.3,FM-topp,Vardag,Drottningholmsvägen Fridhemsgatan,Högalidsgatan,59.332496643066406,18.02895736694336,59.31821441650391,18.031850814819336,1596.6,15.2,0.0,0.0,Drottningholmsvägen Fridhemsgatan → Högalidsgatan,4.4
observed,9031001001008052,Keolis,516,-,Sergels torg,516,-,Mossvägen,2025-03-17 06:26:48,2025-03-17 06:46:03,19.2,FM-topp,Vardag,Sergels torg,Malaxgatan,59.33388519287109,18.064617156982425,59.42155456542969,17.925973892211914,12517.9,39.1,0.0,0.0,Sergels torg → Malaxgatan,16.3
observed,9031001001007588,Övrigt,127,-,Brommaplan,117,-,Kopparbacken,2025-03-17 06:28:37,2025-03-17 06:33:01,4.4,FM-topp,Vardag,Brommaplan,Kortenslund,59.3382568359375,17.9377384185791,59.34694290161133,17.92786407470703,1116.4,15.2,0.0,0.0,Brommaplan → Kortenslund,3.3
observed,9031001001007456,Keolis,222,-,Ropsten,205,-,Sticklinge,2025-03-17 06:32:18,2025-03-17 06:38:02,5.7,FM-topp,Vardag,Ropsten,Ägirvägen,59.35738754272461,18.102020263671875,59.371578216552734,18.132436752319336,2336.7,24.6,0.0,0.0,Ropsten → Ägirvägen,4.8
observed,9031001001004668,Keolis,119,-,Persikogatan,119,-,Backlura,2025-03-17 06:34:51,2025-03-17 06:44:02,9.2,FM-topp,Vardag,Persikogatan,Backlura,59.36410140991211,17.834787368774414,59.39178085327149,17.81831932067871,3216.0,21.0,0.0,0.0,Persikogatan → Backlura,8.8
observed,9031001003003569,Nobina,555,-,Kungsängens station,555,-,Bro centrum,2025-03-17 06:34:56,2025-03-17 06:41:04,6.1,FM-topp,Vardag,Bygdegårdsvägen,Lindhagaberg,59.47682571411133,17.73980140686035,59.50106048583984,17.668766021728516,4831.6,47.5,0.0,0.0,Bygdegårdsvägen → Lindhagaberg,6.6
observed,9031001001004685,Keolis,506,-,Hallonbergen,525,-,Sollentuna station,2025-03-17 06:35:02,2025-03-17 06:46:03,11.0,FM-topp,Vardag,Hallonbergen,Sörentorp,59.37568664550781,17.969711303710938,59.3934211730957,17.98824119567871,2233.8,12.2,0.0,0.0,Hallonbergen → Sörentorp,7.7
observed,9031001001007198,Övrigt,238,-,Högsätra,222,-,Södergarnsvägen,2025-03-17 06:35:28,2025-03-17 06:40:02,4.6,FM-topp,Vardag,Högsätra,Kvarnen,59.351200103759766,18.1519832611084,59.367557525634766,18.15421295166016,1823.2,23.8,0.0,0.0,Högsätra → Kvarnen,4.2
observed,9031001001004654,Keolis,507,-,Odenplan,157,-,Danderyds sjukhus,2025-03-17 06:35:49,2025-03-17 06:50:01,14.2,FM-topp,Vardag,Odenplan,Mörbylund,59.34295272827149,18.04805374145508,59.38820266723633,18.04278945922852,5040.4,21.3,0.0,0.0,Odenplan → Mörbylund,10.1
observed,9031001003001589,Nobina,809,-,Gullmarsplan,818C,-,Brandbergens centrum,2025-03-17 06:36:15,2025-03-17 07:02:05,25.8,FM-topp,Vardag,Gullmarsplan,Brandbergens centrum,59.29738998413086,18.08119010925293,59.17320251464844,18.16407585144043,14591.6,33.9,0.0,0.0,Gullmarsplan → Brandbergens centrum,16.5
observed,9031001001004923,Keolis,516,-,Sergels torg,516,-,Mossvägen,2025-03-17 06:36:24,2025-03-17 06:55:02,18.6,FM-topp,Vardag,Sergels torg,Poppelvägen,59.3341178894043,18.064476013183597,59.41332244873047,17.944734573364258,11116.4,35.9,0.0,0.0,Sergels torg → Poppelvägen,15.1
observed,9031001001004665,Nobina,159,-,Spånga station,117,-,Spånga station,2025-03-17 06:38:30,2025-03-17 06:41:00,2.5,FM-topp,Vardag,Spånga station,Kälvestavägen,59.3831901550293,17.89808464050293,59.38568878173828,17.885929107666016,742.3,17.8,0.0,0.0,Spånga station → Kälvestavägen,2.1
observed,9031001001004664,Keolis,113,-,Solna centrum,514,-,Sollentuna station,2025-03-17 06:40:15,2025-03-17 07:00:01,19.8,FM-topp,Vardag,Solna centrum,Sollentuna station,59.35865020751953,17.9981746673584,59.430301666259766,17.947294235229492,8472.0,25.7,0.0,0.0,Solna centrum → Sollentuna station,15.3
observed,9031001001007212,Keolis,76,-,Frihamnen,75,-,Ropsten,2025-03-17 06:42:02,2025-03-17 06:51:01,9.0,FM-topp,Vardag,Frihamnen,Ropsten,59.34109115600586,18.11763381958008,59.357460021972656,18.104368209838867,1969.4,13.1,0.0,0.0,Frihamnen → Ropsten,4.7
observed,9031001001004675,Keolis,117,-,Brommaplan,159,-,Spånga station,2025-03-17 06:43:21,2025-03-17 06:55:02,11.7,FM-topp,Vardag,Brommaplan,Daggstigen,59.33838653564453,17.937908172607422,59.37582015991211,17.903278350830078,4601.9,23.6,0.0,0.0,Brommaplan → Daggstigen,11.0
observed,9031001001001606,Övrigt,127,-,Brommaplan,117,-,Kopparbacken,2025-03-17 06:43:23,2025-03-17 06:48:01,4.6,FM-topp,Vardag,Brommaplan,Sedumbacken,59.33827590942383,17.937767028808594,59.34550857543945,17.929271697998047,937.5,12.2,0.0,0.0,Brommaplan → Sedumbacken,3.0
observed,9031001001001616,Övrigt,517,-,Spånga station,119,-,Backlura,2025-03-17 06:43:23,2025-03-17 06:48:01,4.6,FM-topp,Vardag,Spånga station,Lunda industriområde,59.383392333984375,17.89759635925293,59.39199066162109,17.870370864868164,1814.0,23.7,0.0,0.0,Spånga station → Lunda industriområde,2.8
observed,9031001001004907,Keolis,516,-,Sergels torg,516,-,Mossvägen,2025-03-17 06:47:01,2025-03-17 07:05:00,18.0,FM-topp,Vardag,Sergels torg,Lillebovägen,59.3331413269043,18.06515884399414,59.41503143310547,17.940269470214844,11531.0,38.4,0.0,0.0,Sergels torg → Lillebovägen,15.5
observed,9031001001004695,Keolis,117,-,Brommaplan,117,-,Kopparbacken,2025-03-17 06:47:24,2025-03-17 06:53:02,5.6,FM-topp,Vardag,Brommaplan,Urban Hjärnes väg,59.338340759277344,17.93792152404785,59.34963607788086,17.92290687561035,1517.3,16.3,0.0,0.0,Brommaplan → Urban Hjärnes väg,4.1
observed,9031001001004046,Keolis,222,-,Ropsten,222,-,Södergarnsvägen,2025-03-17 06:49:24,2025-03-17 06:55:02,5.6,FM-topp,Vardag,Ropsten,Dalängen,59.357398986816406,18.102035522460938,59.370880126953125,18.12775611877441,2090.7,22.4,0.0,0.0,Ropsten → Dalängen,4.3
observed,9031001001007471,Keolis,225,-,Ropsten,205,-,Sticklinge,2025-03-17 06:51:14,2025-03-17 06:58:01,6.8,FM-topp,Vardag,Ropsten,Kalvhagsvägen,59.357418060302734,18.10204696655273,59.37179946899414,18.13263320922852,2358.1,20.8,0.0,0.0,Ropsten → Kalvhagsvägen,4.9
observed,9031001003007248,Nobina,809,-,Gullmarsplan,834,-,Handens station,2025-03-17 06:51:42,2025-03-17 07:14:05,22.4,FM-topp,Vardag,Gullmarsplan,Handens station,59.29890823364258,18.08171272277832,59.16650390625,18.136716842651367,15051.5,40.3,0.0,0.0,Gullmarsplan → Handens station,17.2
observed,9031001003002491,Nobina,401,-,Slussen,401,-,Slussen,2025-03-17 06:52:51,2025-03-17 07:02:05,9.2,FM-topp,Vardag,Flatenbadet,Kolarängen,59.25289535522461,18.16313362121582,59.27312088012695,18.176258087158203,2369.4,15.5,0.0,0.0,Flatenbadet → Kolarängen,5.7
observed,9031001001001611,Keolis,119,-,Persikogatan,116,-,Spånga station,2025-03-17 06:53:55,2025-03-17 06:59:01,5.1,FM-topp,Vardag,Persikogatan,Loviselundsvägen,59.36398696899414,17.83465576171875,59.37295913696289,17.817087173461914,1409.3,16.6,0.0,0.0,Persikogatan → Loviselundsvägen,3.4
observed,9031001001004927,Nobina,179,-,Sollentuna station,179,-,Vällingby,2025-03-17 06:54:11,2025-03-17 07:17:00,22.8,FM-topp,Vardag,Sollentuna station,Lunda industri,59.429046630859375,17.948366165161133,59.39469528198242,17.874080657958984,5679.6,14.9,0.0,0.0,Sollentuna station → Lunda industri,12.7
observed,9031001001004502,Övrigt,238,-,Näset,921,-,Jupitervägen,2025-03-17 06:57:46,2025-03-17 07:08:01,10.2,FM-topp,Vardag,Näset,Kottlasjön,59.37317657470703,18.14176368713379,59.34883880615234,18.17306327819824,3235.7,19.0,0.0,0.0,Näset → Kottlasjön,7.8
observed,9031001001007172,Keolis,76,-,Ropsten,69,-,Centralen,2025-03-17 07:00:41,2025-03-17 07:20:02,19.4,FM-topp,Vardag,Ropsten,Centralen,59.358001708984375,18.104251861572266,59.33011245727539,18.05324935913086,4240.1,13.1,0.0,0.0,Ropsten → Centralen,11.4
observed,9031001001001200,Nobina,155,-,Akalla,112,-,Spånga station,2025-03-17 07:01:45,2025-03-17 07:06:01,4.3,FM-topp,Vardag,Akalla,Hästa gård,59.4154052734375,17.913297653198242,59.411170959472656,17.895984649658203,1086.9,15.2,0.0,0.0,Akalla → Hästa gård,2.6
observed,9031001001007170,Keolis,76,-,Frihamnen,76,-,Ropsten,2025-03-17 07:03:26,2025-03-17 07:07:01,3.6,FM-topp,Vardag,Frihamnen,Värtahamnens färjeterminal,59.34109878540039,18.117685317993164,59.34859848022461,18.10782623291016,1003.9,16.7,0.0,0.0,Frihamnen → Värtahamnens färjeterminal,2.7
observed,9031001001001220,Keolis,113,-,Solna centrum,157,-,Danderyds sjukhus,2025-03-17 07:03:41,2025-03-17 07:22:02,18.4,FM-topp,Vardag,Solna centrum,Danderyds sjukhus,59.35853958129883,17.99801254272461,59.390419006347656,18.043460845947266,4381.0,14.3,0.0,0.0,Solna centrum → Danderyds sjukhus,10.4
observed,9031001001007639,Keolis,523,-,Rudbecksskolan,514,-,Sollentuna station,2025-03-17 07:06:12,2025-03-17 07:15:02,8.8,FM-topp,Vardag,Rudbecksskolan,Sollentuna station,59.44490051269531,17.955005645751953,59.4300422668457,17.947240829467773,1709.5,11.7,0.0,0.0,Rudbecksskolan → Sollentuna station,4.7
observed,9031001001007198,Keolis,222,-,Ropsten,222,-,Södergarnsvägen,2025-03-17 07:07:01,2025-03-17 07:10:01,3.0,FM-topp,Vardag,Ropsten,Torsvik,59.35719680786133,18.102182388305664,59.36125564575195,18.11237525939941,733.0,14.7,0.0,0.0,Ropsten → Torsvik,1.8
observed,9031001001004962,Keolis,504,-,Hallonbergen,504,-,Skrivargatan,2025-03-17 07:07:48,2025-03-17 07:12:01,4.2,FM-topp,Vardag,Hallonbergen,Ursvik,59.37569046020508,17.970279693603516,59.3795051574707,17.960636138916016,691.6,9.9,0.0,0.0,Hallonbergen → Ursvik,2.3
observed,9031001001007822,Keolis,540,-,Universitetet,156,-,Danderyds sjukhus,2025-03-17 07:08:16,2025-03-17 07:16:00,7.7,FM-topp,Vardag,Universitetet,Danderyds sjukhus,59.36543273925781,18.05422019958496,59.39101028442383,18.043426513671875,2909.1,22.7,0.0,0.0,Universitetet → Danderyds sjukhus,5.6
observed,9031001001003700,Keolis,515,-,Sundbybergs station,113,-,Mariehällskyrkan,2025-03-17 07:12:14,2025-03-17 07:16:00,3.8,FM-topp,Vardag,Sundbybergs station,Vegagatan,59.36141586303711,17.973432540893555,59.36650848388672,17.959970474243164,950.0,15.0,0.0,0.0,Sundbybergs station → Vegagatan,2.6
observed,9031001003007242,Nobina,401,-,Sickla strand,401,-,Ekstubben,2025-03-17 07:18:41,2025-03-17 07:32:05,13.4,FM-topp,Vardag,Sickla strand,Älta gård,59.30310821533203,18.12413787841797,59.260231018066406,18.18484878540039,5884.1,26.3,0.0,0.0,Sickla strand → Älta gård,12.6
observed,9031001001004665,Keolis,117,-,Brommaplan,117,-,Kopparbacken,2025-03-17 07:18:59,2025-03-17 07:26:01,7.0,FM-topp,Vardag,Brommaplan,Urban Hjärnes väg,59.33842086791992,17.93804168701172,59.35160446166992,17.918445587158203,1839.4,15.8,0.0,0.0,Brommaplan → Urban Hjärnes väg,4.8
observed,9031001001004648,Keolis,512,-,Solna centrum,113,-,Mariehällskyrkan,2025-03-17 07:21:02,2025-03-17 07:31:01,10.0,FM-topp,Vardag,Solna centrum,Löfströms allé,59.35856628417969,17.9980525970459,59.36099624633789,17.963945388793945,1951.6,11.7,0.0,0.0,Solna centrum → Löfströms allé,5.9
observed,9031001003007235,Nobina,840,-,Nacka strand,830,-,Handens station,2025-03-17 07:23:46,2025-03-17 07:58:50,35.1,FM-topp,Vardag,Nacka strand,Handens station,59.316287994384766,18.16017723083496,59.166770935058594,18.13618278503418,16681.4,28.5,0.0,0.0,Nacka strand → Handens station,25.4
observed,9031001001004683,Keolis,118,-,Vällingby,512,-,Spånga station,2025-03-17 07:29:55,2025-03-17 07:45:01,15.1,FM-topp,Vardag,Vällingby,Spånga station,59.36339569091797,17.871681213378906,59.382232666015625,17.900644302368164,2660.7,10.6,0.0,0.0,Vällingby → Spånga station,7.8
observed,9031001001004501,Keolis,204,-,Wijk,923,-,Högsätrahuset,2025-03-17 07:31:12,2025-03-17 07:35:02,3.8,FM-topp,Vardag,Wijk,Hembyvägen,59.3668327331543,18.22405242919922,59.37279891967773,18.18856430053711,2117.1,33.4,0.0,0.0,Wijk → Hembyvägen,3.8
observed,9031001001004685,Keolis,525,-,Norrvikens station,527,-,Sollentuna station,2025-03-17 07:41:23,2025-03-17 07:52:01,10.6,FM-topp,Vardag,Norrvikens station,Sollentuna station,59.45756530761719,17.92384910583496,59.43009185791016,17.94724464416504,3328.9,18.8,0.0,0.0,Norrvikens station → Sollentuna station,6.1
observed,9031001001004625,Keolis,504,-,Rissne,509,-,Danderyds sjukhus,2025-03-17 07:42:31,2025-03-17 07:57:01,14.5,FM-topp,Vardag,Rissne,Ritorp,59.3754997253418,17.939733505249023,59.377811431884766,18.01022720336914,4001.2,16.6,0.0,0.0,Rissne → Ritorp,7.9
observed,9031001001007631,Keolis,540,-,Tensta centrum,157,-,Lunda industri,2025-03-17 07:47:16,2025-03-17 07:52:01,4.8,FM-topp,Vardag,Tensta centrum,Spånga station,59.39381790161133,17.906017303466797,59.38090515136719,17.901344299316406,1460.0,18.3,0.0,0.0,Tensta centrum → Spånga station,3.7
observed,9031001004505029,Transdev,687,-,Kista centrum,601,-,Sätra äng,2025-03-17 07:58:30,2025-03-17 08:07:03,8.6,FM-topp,Vardag,Djupdalsvägen,Rösjön,59.4434814453125,17.946386337280273,59.43755340576172,17.988792419433594,2486.4,17.3,0.0,0.0,Djupdalsvägen → Rösjön,4.5
observed,9031001001001613,Nobina,155,-,Akalla,512,-,Spånga station,2025-03-17 08:03:44,2025-03-17 08:22:01,18.3,FM-topp,Vardag,Akalla,Spånga station,59.41603088378906,17.913904190063477,59.38220977783203,17.900646209716797,3834.9,12.6,0.0,0.0,Akalla → Spånga station,11.7
observed,9031001003002494,Nobina,807,-,Brandbergens centrum,807,-,Brandbergens centrum,2025-03-17 08:20:02,2025-03-17 08:22:05,2.0,FM-topp,Vardag,Brandbergens centrum,Brandbergens industriområde,59.17247772216797,18.169225692749023,59.17684173583984,18.16264915466309,613.1,18.4,0.0,0.0,Brandbergens centrum → Brandbergens industriområde,1.7
observed,9031001001004092,Keolis,72,-,Karolinska sjukhuset norra,69,-,Centralen,2025-03-17 08:21:59,2025-03-17 08:30:02,8.1,FM-topp,Vardag,Karolinska sjukhuset norra,Kungsbroplan,59.35301971435547,18.030885696411133,59.3336067199707,18.050485610961918,2427.9,18.0,0.0,0.0,Karolinska sjukhuset norra → Kungsbroplan,5.4
observed,9031001001004905,Keolis,514,-,Sollentuna station,526,-,Karolinska sjukhuset norra,2025-03-17 08:32:13,2025-03-17 08:44:01,11.8,FM-topp,Vardag,Sollentuna station,Järva krog,59.42903137207031,17.948389053344727,59.37849426269531,18.012531280517578,6690.1,34.0,0.0,0.0,Sollentuna station → Järva krog,10.8
observed,9031001003001840,Nobina,727,-,Tumba station,707,-,Fruängen,2025-03-17 08:39:41,2025-03-17 08:55:04,15.4,FM-topp,Vardag,Tumba station,Pyramidbacken,59.20016860961914,17.834596633911133,59.26535034179688,17.90127944946289,8180.4,31.9,0.0,0.0,Tumba station → Pyramidbacken,12.1
observed,9031001003007235,Nobina,830,-,Farsta centrum,827,-,Dåntorpsvägen västra,2025-03-17 08:40:06,2025-03-17 08:55:04,15.0,FM-topp,Vardag,Farsta centrum,Lillsjövägen,59.2440299987793,18.09319305419922,59.160194396972656,18.1110782623291,9377.5,37.5,0.0,0.0,Farsta centrum → Lillsjövägen,14.7
observed,9031001004505530,Transdev,683,-,Arninge station,683,-,Åkersberga station,2025-03-17 08:51:01,2025-03-17 08:55:52,4.8,FM-topp,Vardag,Pilstugetorget,Åkersberga station,59.48683166503906,18.2773494720459,59.47893142700195,18.30220603942871,1655.8,20.7,0.0,0.0,Pilstugetorget → Åkersberga station,3.7
observed,9031001001004650,Keolis,506,-,Karolinska sjukhuset norra,506,-,Hallonbergen,2025-03-17 09:03:59,2025-03-17 09:09:02,5.0,Bas,Vardag,Karolinska sjukhuset norra,Järva krog,59.352935791015625,18.03248786926269,59.37912368774414,18.01421356201172,3090.6,37.1,0.0,0.0,Karolinska sjukhuset norra → Järva krog,4.7
observed,9031001003002500,Nobina,810,-,Gullmarsplan,807,-,Brandbergens centrum,2025-03-17 09:04:18,2025-03-17 09:14:05,9.8,Bas,Vardag,Dåntorpsvägen västra,Handens station,59.15083312988281,18.111204147338867,59.16725158691406,18.137863159179688,2375.4,14.5,0.0,0.0,Dåntorpsvägen västra → Handens station,8.1
observed,9031001003002514,Nobina,840,-,Handens station,840,-,Handens station,2025-03-17 09:07:51,2025-03-17 09:11:04,3.2,Bas,Vardag,Handens station,Fredrika Bremerskolan,59.16686630249024,18.13625144958496,59.16841506958008,18.149532318115234,776.2,14.6,0.0,0.0,Handens station → Fredrika Bremerskolan,2.6
observed,9031001001004645,Övrigt,129,-,Solna centrum,118,-,Hallonbergen,2025-03-17 09:24:35,2025-03-17 09:28:01,3.4,Bas,Vardag,Solna centrum,Gränsgatan,59.35863876342773,17.998001098632812,59.36198425292969,17.98073959350586,1046.5,18.5,0.0,0.0,Solna centrum → Gränsgatan,2.9
observed,9031001001004005,Keolis,6,-,Ropsten,2,-,Sveaplan,2025-03-17 09:27:47,2025-03-17 09:43:00,15.2,Bas,Vardag,Tomteboda postterminal,Sveaplan,59.34770584106445,18.011049270629883,59.350128173828125,18.048471450805664,2138.4,8.4,0.0,0.0,Tomteboda postterminal → Sveaplan,8.9
observed,9031001001004699,Keolis,118,-,Vällingby,514,-,Spånga station,2025-03-17 09:43:52,2025-03-17 09:51:02,7.2,Bas,Vardag,Vällingby,Spånga station,59.36332702636719,17.871583938598633,59.38228225708008,17.8997802734375,2644.6,22.0,0.0,0.0,Vällingby → Spånga station,7.6
observed,9031001001004827,Keolis,515,-,Sundbybergs station,118,-,Hallonbergen,2025-03-17 09:53:46,2025-03-17 09:58:01,4.2,Bas,Vardag,Sundbybergs station,Duvbo,59.36153030395508,17.97341537475586,59.36741256713867,17.965768814086914,784.6,11.2,0.0,0.0,Sundbybergs station → Duvbo,2.6
observed,9031001003007446,Övrigt,748,-,Kungens kurva,787,-,Kakelvägen,2025-03-17 10:01:11,2025-03-17 10:23:03,21.9,Bas,Vardag,Förrådsvägen,Kakelvägen,59.18218612670898,17.59993553161621,59.2101936340332,17.58486557006836,3230.4,8.9,0.0,0.0,Förrådsvägen → Kakelvägen,11.4
observed,9031001001004603,Keolis,504,-,Sundbybergs station,157,-,Spånga station,2025-03-17 10:15:00,2025-03-17 10:30:01,15.0,Bas,Vardag,Sundbybergs station,Spånga station,59.36141204833984,17.97343635559082,59.382286071777344,17.900070190429688,4760.4,19.0,0.0,0.0,Sundbybergs station → Spånga station,10.9
observed,9031001001007821,Keolis,527,-,Vaxmora,527,-,Södersätra,2025-03-17 10:16:42,2025-03-17 10:20:02,3.3,Bas,Vardag,Vaxmora,Edsängen,59.45971298217773,17.9423770904541,59.456356048583984,17.959596633911133,1042.1,18.9,0.0,0.0,Vaxmora → Edsängen,3.2
observed,9031001001505006,Övrigt,26C,-,Cityterminalen,26M,-,Solsidans station,2025-03-17 10:17:15,2025-03-17 10:46:03,28.8,Bas,Vardag,ÖB,Saltsjö-Duvnäs,59.35945510864258,17.87547492980957,59.29336929321289,18.20932960510254,20313.8,42.3,0.0,0.0,ÖB → Saltsjö-Duvnäs,29.3
observed,9031001001004007,Keolis,6,-,Ropsten,1,-,Frihamnen,2025-03-17 10:19:11,2025-03-17 10:29:01,9.8,Bas,Vardag,Tomteboda postterminal,Frihamnens färjeterminal,59.347267150878906,18.0106201171875,59.34322738647461,18.11610984802246,5997.5,36.7,0.0,0.0,Tomteboda postterminal → Frihamnens färjeterminal,11.6
observed,9031001001004681,Keolis,509,-,Danderyds sjukhus,540,-,Universitetet,2025-03-17 10:38:15,2025-03-17 10:43:02,4.8,Bas,Vardag,Danderyds sjukhus,Universitetet,59.38997268676758,18.04256629943848,59.36554718017578,18.051742553710938,2765.3,34.6,0.0,0.0,Danderyds sjukhus → Universitetet,4.2
observed,9031001003003042,Övrigt,782,-,Finkarby,778,-,Lillhagaskolan,2025-03-17 10:43:38,2025-03-17 10:47:04,3.4,Bas,Vardag,Stallbacksvägen,Nykvarns centrum,59.18230819702149,17.441465377807617,59.17864227294922,17.42859649658203,838.8,14.8,0.0,0.0,Stallbacksvägen → Nykvarns centrum,3.7
observed,9031001003003118,VR Sverige,875,-,Gullmarsplan,875,-,Gullmarsplan,2025-03-17 10:48:08,2025-03-17 11:09:04,20.9,Bas,Vardag,Sidvallsvägen,Gullmarsplan,59.24663162231445,18.243959426879883,59.29708862304688,18.081674575805664,10793.3,31.0,0.0,0.0,Sidvallsvägen → Gullmarsplan,17.2
observed,9031001001004920,Keolis,506,-,Hallonbergen,515,-,Sundbybergs station,2025-03-17 10:48:17,2025-03-17 10:57:01,8.7,Bas,Vardag,Hallonbergen,Kronan,59.37554168701172,17.969783782958984,59.360469818115234,17.9747314453125,1699.2,11.7,0.0,0.0,Hallonbergen → Kronan,7.5
observed,9031001003003878,Nobina,409,-,Slussen,402,-,Slussen,2025-03-17 10:49:54,2025-03-17 11:03:02,13.1,Bas,Vardag,Björknäs centrum,Londonviadukten,59.31402587890625,18.23104286193848,59.314823150634766,18.096912384033203,7611.8,34.9,0.0,0.0,Björknäs centrum → Londonviadukten,10.1
observed,9031001001004644,Keolis,505,-,Solna centrum,507,-,Odenplan,2025-03-17 10:50:39,2025-03-17 10:58:01,7.4,Bas,Vardag,Solna centrum,Karolinska vägen,59.358341217041016,17.998035430908203,59.3514518737793,18.02207565307617,1563.1,12.7,0.0,0.0,Solna centrum → Karolinska vägen,4.2
observed,9031001001004824,Övrigt,115,-,Vällingby,113,-,Solna centrum,2025-03-17 11:02:27,2025-03-17 11:09:02,6.6,Bas,Vardag,Råcksta,Jetverkstäderna,59.35273742675781,17.883216857910156,59.34357833862305,17.956737518310547,4290.5,39.0,0.0,0.0,Råcksta → Jetverkstäderna,7.8
observed,9031001004505550,Övrigt,653V,-,Sätuna,653V,-,Sätuna,2025-03-17 11:06:20,2025-03-17 11:15:03,8.7,Bas,Vardag,Österlisa fritidsområde,Torslunda,59.69274139404297,18.573753356933597,59.72160720825195,18.52631378173828,4169.2,28.8,0.0,0.0,Österlisa fritidsområde → Torslunda,5.8
observed,9031001001004133,Nobina,179,-,Vällingby,179,-,Vällingby,2025-03-17 11:12:30,2025-03-17 11:25:02,12.5,Bas,Vardag,Vällingby,Svandammen,59.363582611083984,17.871517181396484,59.38069915771485,17.893230438232422,2266.2,10.9,0.0,0.0,Vällingby → Svandammen,6.3
observed,9031001001007456,Keolis,205,-,Universitetet norra,205,-,Universitetet norra,2025-03-17 11:17:38,2025-03-17 11:32:01,14.4,Bas,Vardag,Universitetet norra,Frihamnen,59.365116119384766,18.053741455078125,59.34251022338867,18.115854263305664,4325.8,18.0,0.0,0.0,Universitetet norra → Frihamnen,8.6
observed,9031001001001305,Keolis,501,-,Hallonbergen,515,-,Sundbybergs station,2025-03-17 11:22:49,2025-03-17 11:27:02,4.2,Bas,Vardag,Hallonbergen,Duvbo,59.37581634521485,17.97006607055664,59.36716842651367,17.96533203125,998.3,14.3,0.0,0.0,Hallonbergen → Duvbo,4.4
observed,9031001001004612,Keolis,504,-,Sundbybergs station,513,-,Solna centrum,2025-03-17 11:31:08,2025-03-17 11:37:01,5.9,Bas,Vardag,Sundbybergs station,Solna centrum,59.36144256591797,17.973466873168945,59.358524322509766,17.998760223388672,1469.6,14.9,0.0,0.0,Sundbybergs station → Solna centrum,4.5
observed,9031001001001615,Keolis,117,-,Brommaplan,117,-,Spånga station,2025-03-17 11:37:16,2025-03-17 11:51:02,13.8,Bas,Vardag,Brommaplan,Daggstigen,59.33841323852539,17.938024520874023,59.37423324584961,17.9033203125,4442.2,19.3,0.0,0.0,Brommaplan → Daggstigen,10.7
observed,9031001001004933,Keolis,506,-,Hallonbergen,514,-,Spånga station,2025-03-17 11:46:21,2025-03-17 11:51:02,4.7,Bas,Vardag,Hallonbergen,Skrivargatan,59.375755310058594,17.970590591430664,59.381256103515625,17.945575714111328,1543.2,19.7,0.0,0.0,Hallonbergen → Skrivargatan,3.9
observed,9031001001001310,Keolis,506,-,Karolinska sjukhuset norra,113,-,Solna centrum,2025-03-17 11:49:55,2025-03-17 11:54:00,4.1,Bas,Vardag,Karolinska sjukhuset norra,Industrivägen,59.35284423828125,18.032176971435547,59.35340881347656,18.017730712890625,821.2,12.0,0.0,0.0,Karolinska sjukhuset norra → Industrivägen,2.3
observed,9031001003007253,Nobina,830,-,Farsta centrum,836,-,Vega station,2025-03-17 11:55:33,2025-03-17 11:59:05,3.5,Bas,Vardag,Bussgaraget,Torfastleden,59.17061996459961,18.1484317779541,59.18376159667969,18.14720726013184,1462.9,25.1,0.0,0.0,Bussgaraget → Torfastleden,3.3
observed,9031001004505173,Transdev,626,-,Danderyds sjukhus,626,-,Linanäs brygga,2025-03-17 12:07:00,2025-03-17 12:25:02,18.0,Bas,Vardag,Skjutbanan,Linanäs garage,59.51456832885742,18.604904174804688,59.47309494018555,18.517147064208984,6767.9,22.6,0.0,0.0,Skjutbanan → Linanäs garage,11.1
observed,9031001001004651,Keolis,506,-,Hallonbergen,157,-,Spånga station,2025-03-17 12:22:24,2025-03-17 12:30:01,7.6,Bas,Vardag,Hallonbergen,Duvkullavägen,59.37565612792969,17.970306396484375,59.370361328125,17.94490623474121,1554.7,12.3,0.0,0.0,Hallonbergen → Duvkullavägen,5.9
observed,9031001003002505,Nobina,809,-,Gullmarsplan,807,-,Gullmarsplan,2025-03-17 12:32:46,2025-03-17 12:40:05,7.3,Bas,Vardag,Dåntorpsvägen västra,Testhållplats,59.15109634399414,18.10843086242676,59.16985321044922,18.15920066833496,3567.2,29.3,0.0,0.0,Dåntorpsvägen västra → Testhållplats,7.2
observed,9031001003003138,Nobina,828,-,Farsta centrum,809,-,Gullmarsplan,2025-03-17 12:38:38,2025-03-17 12:52:05,13.4,Bas,Vardag,Bussgaraget,Skönstaholm,59.170047760009766,18.149141311645508,59.25590896606445,18.10065460205078,9938.2,44.5,0.0,0.0,Bussgaraget → Skönstaholm,11.8
observed,9031001003007243,Nobina,817,-,Bergholmsvägen,801,-,Gullmarsplan,2025-03-17 12:41:31,2025-03-17 13:02:05,20.6,Bas,Vardag,Sidvallsvägen,Gullmarsplan,59.24747467041016,18.24486351013184,59.296817779541016,18.082080841064453,10753.7,31.3,0.0,0.0,Sidvallsvägen → Gullmarsplan,17.8
observed,9031001001001307,Keolis,504,-,Sundbybergs station,505,-,Solna centrum,2025-03-17 12:46:27,2025-03-17 12:52:01,5.6,Bas,Vardag,Sundbybergs station,Solna centrum,59.3614387512207,17.973466873168945,59.35863494873047,17.99846076965332,1450.3,15.5,0.0,0.0,Sundbybergs station → Solna centrum,3.7
observed,9031001003002473,Nobina,807,-,Gullmarsplan,840,-,Nacka strand,2025-03-17 12:47:28,2025-03-17 13:03:04,15.6,Bas,Vardag,Bussgaraget,Skönstaholm,59.16979598999024,18.15070152282715,59.25575256347656,18.10055923461914,9974.9,38.4,0.0,0.0,Bussgaraget → Skönstaholm,12.2
observed,9031001003001635,Nobina,716,-,Tumba station,713,-,Tumba station,2025-03-17 12:48:42,2025-03-17 12:56:03,7.3,Bas,Vardag,Älvestavägen,Tumba bruk,59.22466278076172,17.837778091430664,59.20015335083008,17.827953338623047,2782.1,22.9,0.0,0.0,Älvestavägen → Tumba bruk,4.4
observed,9031001003003581,Nobina,558,-,Kungsängens station,559,-,Kungsängens station,2025-03-17 12:52:01,2025-03-17 13:05:05,13.1,Bas,Vardag,Övre Bredgården,Kungsängens station,59.45033645629883,17.834800720214844,59.47783279418945,17.750394821166992,5664.6,25.9,0.0,0.0,Övre Bredgården → Kungsängens station,7.8
observed,9031001001004600,Keolis,117,-,Spånga station,118,-,Vällingby,2025-03-17 12:53:22,2025-03-17 13:03:02,9.7,Bas,Vardag,Spånga station,Vällingby,59.38286590576172,17.898990631103516,59.36351013183594,17.871288299560547,2663.6,16.5,0.0,0.0,Spånga station → Vällingby,7.4
observed,9031001003007395,Övrigt,542,-,Jakobsbergs station,541,-,Vällingby,2025-03-17 12:54:35,2025-03-17 13:08:03,13.5,Bas,Vardag,Övre Bredgården,Basgränd,59.45149993896485,17.830053329467773,59.38267517089844,17.867019653320312,7933.6,35.3,0.0,0.0,Övre Bredgården → Basgränd,10.1
observed,9031001003007956,Övrigt,756,-,Scaniarinken,761,-,Ritorpsvägen,2025-03-17 12:56:21,2025-03-17 13:04:04,7.7,Bas,Vardag,Förrådsvägen,Västgötagatan,59.1827278137207,17.599384307861328,59.19554901123047,17.615779876708984,1704.3,13.3,0.0,0.0,Förrådsvägen → Västgötagatan,5.4
observed,9031001001001209,Övrigt,112,-,Spånga station,117,-,Brommaplan,2025-03-17 12:58:24,2025-03-17 13:02:01,3.6,Bas,Vardag,Spånga station,Spånga Folkets hus,59.38246536254883,17.899810791015625,59.37430953979492,17.897586822509766,915.6,15.3,0.0,0.0,Spånga station → Spånga Folkets hus,3.0
observed,9031001001004922,Keolis,527,-,Sollentuna station,523,-,Rudbecksskolan,2025-03-17 13:00:37,2025-03-17 13:07:02,6.4,Bas,Vardag,Sollentuna station,Rudbecksskolan,59.42926025390625,17.94805335998535,59.44502639770508,17.9542293548584,1787.6,16.8,0.0,0.0,Sollentuna station → Rudbecksskolan,4.7
observed,9031001001004621,Keolis,504,-,Sundbybergs station,129,-,Solna centrum,2025-03-17 13:02:10,2025-03-17 13:08:01,5.8,Bas,Vardag,Sundbybergs station,Solna centrum,59.36142349243164,17.973445892333984,59.359134674072266,17.99622917175293,1316.0,13.6,0.0,0.0,Sundbybergs station → Solna centrum,3.3
observed,9031001004505035,Transdev,611,-,Danderyds sjukhus,602,-,Danderyds sjukhus,2025-03-17 13:03:14,2025-03-17 13:06:02,2.8,Bas,Vardag,Kemistvägen,Grindtorp södra,59.44771194458008,18.0869083404541,59.436153411865234,18.072385787963867,1525.1,32.7,0.0,0.0,Kemistvägen → Grindtorp södra,3.1
observed,9031001003001770,Nobina,133,-,Liljeholmen,163,-,Bredäng,2025-03-17 13:04:57,2025-03-17 13:11:04,6.1,Bas,Vardag,Nybodahallen,Stjernströms väg,59.30587387084961,18.01573181152344,59.30454254150391,17.980775833129883,1989.7,19.6,0.0,0.0,Nybodahallen → Stjernströms väg,11.4
observed,9031001001505009,Övrigt,25F,-,Fisksätra station,25M,-,Glasbruksgatan,2025-03-17 13:04:59,2025-03-17 13:48:06,43.1,Bas,Vardag,ÖB,Glasbruksgatan,59.359375,17.875017166137695,59.31841659545898,18.078744888305664,12417.7,17.3,0.0,0.0,ÖB → Glasbruksgatan,25.7
observed,9031001003007714,Övrigt,787,-,Södertälje centrum,784,-,Järna station,2025-03-17 13:07:32,2025-03-17 13:17:05,9.6,Bas,Vardag,Telgebo,Bergtorpsvägen,59.17826843261719,17.602821350097656,59.13861083984375,17.559242248535156,5061.3,31.6,0.0,0.0,Telgebo → Bergtorpsvägen,8.3
observed,9031001003003114,VR Sverige,873,-,Gullmarsplan,873,-,Nyfors,2025-03-17 13:10:52,2025-03-17 13:19:03,8.2,Bas,Vardag,Sidvallsvägen,Fårdala skola,59.246612548828125,18.24396133422852,59.241966247558594,18.23951530456543,575.2,4.2,8.2,8.2,Sidvallsvägen → Fårdala skola,5.9
observed,9031001001004916,Keolis,514,-,Spånga station,508,-,Danderyds sjukhus,2025-03-17 13:11:04,2025-03-17 13:39:02,28.0,Bas,Vardag,Spånga station,Stocksund,59.38302230834961,17.898740768432617,59.38578414916992,18.043052673339844,8178.0,17.5,0.0,0.0,Spånga station → Stocksund,14.8
observed,9031001003003550,Nobina,547,-,Kallhälls station,541,-,Vällingby,2025-03-17 13:12:22,2025-03-17 13:33:03,20.7,Bas,Vardag,Övre Bredgården,Vällingby,59.4513053894043,17.829862594604492,59.36394882202149,17.871906280517578,10000.8,29.0,0.0,0.0,Övre Bredgården → Vällingby,14.7
observed,9031001001004640,Keolis,504,-,Sundbybergs station,507,-,Tomteboda postterminal,2025-03-17 13:16:33,2025-03-17 13:25:01,8.5,Bas,Vardag,Sundbybergs station,Armégatan,59.361419677734375,17.973453521728516,59.352783203125,18.0036678314209,1963.3,13.9,0.0,0.0,Sundbybergs station → Armégatan,5.8
observed,9031001001001201,Övrigt,115,-,Vällingby,116,-,Spånga station,2025-03-17 13:16:50,2025-03-17 13:21:02,4.2,Bas,Vardag,Vällingby,Ryttmästarvägen,59.36352157592773,17.871347427368164,59.37438201904297,17.870101928710938,1209.7,17.3,0.0,0.0,Vällingby → Ryttmästarvägen,3.4
observed,9031001003001736,Nobina,402,-,Slussen,465,-,Jarlaberg,2025-03-17 13:17:51,2025-03-17 13:35:05,17.2,Bas,Vardag,Värmdö marknad,Vikdalsvägen,59.31029891967773,18.381982803344727,59.31285858154297,18.16359138488769,12397.1,43.2,0.0,0.0,Värmdö marknad → Vikdalsvägen,13.5
observed,9031001003003058,Nobina,783,-,Nynäshamns station,852,-,Nynäshamns station,2025-03-17 13:20:32,2025-03-17 13:27:05,6.5,Bas,Vardag,Stationsvägen,Älbylund,58.98518753051758,17.90325355529785,58.95327377319336,17.900615692138672,3551.9,32.8,0.0,0.0,Stationsvägen → Älbylund,4.5
observed,9031001001004659,Keolis,118,-,Hallonbergen,506,-,Karolinska sjukhuset norra,2025-03-17 13:21:32,2025-03-17 13:28:00,6.5,Bas,Vardag,Hallonbergen,Ritorp,59.37561798095703,17.970157623291016,59.37671661376953,18.005842208862305,2025.0,18.7,0.0,0.0,Hallonbergen → Ritorp,4.6
observed,9031001003003120,VR Sverige,873,-,Gullmarsplan,873,-,Gullmarsplan,2025-03-17 13:21:42,2025-03-17 13:27:05,5.4,Bas,Vardag,Sidvallsvägen,Buxbomsvägen,59.246612548828125,18.244430541992188,59.2461166381836,18.18737030029297,3244.9,36.1,0.0,0.0,Sidvallsvägen → Buxbomsvägen,5.7
observed,9031001001004848,Övrigt,129,-,Brommaplan,118,-,Vällingby,2025-03-17 13:21:50,2025-03-17 13:33:01,11.2,Bas,Vardag,Brommaplan,Vällingby,59.3383903503418,17.93793487548828,59.36363983154297,17.87108612060547,4716.1,25.3,0.0,0.0,Brommaplan → Vällingby,9.9
observed,9031001003003139,Nobina,401,-,Ekstubben,801,-,Gullmarsplan,2025-03-17 13:23:46,2025-03-17 13:32:05,8.3,Bas,Vardag,Sidvallsvägen,Skarpnäcks gård,59.24692916870117,18.24427604675293,59.26295852661133,18.138864517211918,6251.6,45.2,0.0,0.0,Sidvallsvägen → Skarpnäcks gård,9.1
observed,9031001003001812,Nobina,165,-,Liljeholmen,163,-,Bredäng,2025-03-17 13:24:38,2025-03-17 13:40:03,15.4,Bas,Vardag,Kilabergsvägen,Bredäng,59.30533599853516,18.01289176940918,59.29458618164063,17.93323516845703,4677.4,18.2,0.0,0.0,Kilabergsvägen → Bredäng,9.7
observed,9031001004505086,Transdev,617,-,Täby centrum,670X,-,Danderyds sjukhus,2025-03-17 13:29:11,2025-03-17 13:46:02,16.9,Bas,Vardag,Åkerby industriområde,Danderyds sjukhus,59.45037078857422,18.086355209350582,59.39089584350586,18.043493270874023,7043.8,25.0,0.0,0.0,Åkerby industriområde → Danderyds sjukhus,10.0
observed,9031001003003103,Nobina,805,-,Gullmarsplan,815C,-,Vattugatan,2025-03-17 13:29:24,2025-03-17 13:46:04,16.7,Bas,Vardag,Sidvallsvägen,Kvarter 16,59.24690246582031,18.244081497192383,59.27353286743164,18.094200134277344,9018.7,32.4,0.0,0.0,Sidvallsvägen → Kvarter 16,14.0
observed,9031001003007397,Nobina,555,-,Kungsängens station,558X,-,Örnäsvägen,2025-03-17 13:31:37,2025-03-17 13:33:05,1.5,Bas,Vardag,Östra Polhem,Molnsättra,59.44913482666016,17.839990615844727,59.4592399597168,17.826873779296875,1346.1,53.8,0.0,0.0,Östra Polhem → Molnsättra,1.0
observed,9031001003003123,VR Sverige,873,-,Gullmarsplan,875,-,Gullmarsplan,2025-03-17 13:32:02,2025-03-17 13:42:04,10.0,Bas,Vardag,Sidvallsvägen,Listuddsvägen,59.2465705871582,18.244178771972656,59.26460647583008,18.147504806518555,5849.8,35.1,0.0,0.0,Sidvallsvägen → Listuddsvägen,8.5
observed,9031001001004666,Övrigt,124,-,Alvik,116,-,Spånga station,2025-03-17 13:32:18,2025-03-17 14:07:00,34.7,Bas,Vardag,Alvik,Kälvestavägen,59.332969665527344,17.980985641479492,59.38964080810547,17.888071060180664,8211.7,14.2,0.0,0.0,Alvik → Kälvestavägen,20.5
observed,9031001003003587,Övrigt,518,-,Vällingby,541,-,Vällingby,2025-03-17 13:33:33,2025-03-17 13:38:04,4.5,Bas,Vardag,Övre Bredgården,Barkarby station övre,59.45038604736328,17.834716796875,59.40644836425781,17.862430572509766,5130.9,68.4,0.0,0.0,Övre Bredgården → Barkarby station övre,4.5
observed,9031001003001609,Övrigt,703,-,Fruängen,742,-,Huddinge sjukhus,2025-03-17 13:36:07,2025-03-17 14:01:04,24.9,Bas,Vardag,Stallarholmsvägen,Vårdkasen,59.265228271484375,18.066408157348636,59.22329711914063,17.952281951904297,7990.8,19.3,0.0,0.0,Stallarholmsvägen → Vårdkasen,13.9
observed,9031001001508413,Övrigt,25F,-,Fisksätra station,26M,-,Glasbruksgatan,2025-03-17 13:36:53,2025-03-17 14:08:03,31.2,Bas,Vardag,Fisksätra,Renstiernas gata,59.29391479492188,18.2559757232666,59.315555572509766,18.084163665771484,10044.9,19.3,0.0,0.0,Fisksätra → Renstiernas gata,16.0
observed,9031001003001825,Nobina,142,-,Telefonplan,144,-,Älvsjö station,2025-03-17 13:39:20,2025-03-17 13:54:04,14.7,Bas,Vardag,Kilabergsvägen,Toffelbacken,59.305084228515625,18.012590408325195,59.2829475402832,18.018558502197266,2484.7,10.1,0.0,0.0,Kilabergsvägen → Toffelbacken,7.8
observed,9031001001004681,Keolis,540,-,Tensta centrum,117,-,Spånga station,2025-03-17 13:39:52,2025-03-17 13:46:00,6.1,Bas,Vardag,Tensta centrum,Spånga station,59.39386749267578,17.90610122680664,59.3813362121582,17.902034759521484,1412.3,13.9,0.0,0.0,Tensta centrum → Spånga station,4.0
observed,9031001003003093,Nobina,816,-,Gullmarsplan,813C,-,Vattugatan,2025-03-17 13:39:59,2025-03-17 13:56:05,16.1,Bas,Vardag,Sidvallsvägen,Gullmarsplan,59.24738693237305,18.24422836303711,59.29826736450195,18.08260726928711,10785.5,40.2,0.0,0.0,Sidvallsvägen → Gullmarsplan,16.9
observed,9031001001004962,Keolis,117,-,Spånga station,118,-,Vällingby,2025-03-17 13:43:26,2025-03-17 13:48:01,4.6,Bas,Vardag,Spånga station,Ryttmästarvägen,59.38319778442383,17.898460388183594,59.37461471557617,17.870500564575195,1849.0,24.1,0.0,0.0,Spånga station → Ryttmästarvägen,4.7
observed,9031001003007207,Nobina,814,-,Gullmarsplan,816,-,Gullmarsplan,2025-03-17 13:44:01,2025-03-17 13:57:05,13.1,Bas,Vardag,Petterboda,Kokoskakan,59.24663162231445,18.24518585205078,59.26128387451172,18.106735229492188,8037.3,36.8,0.0,0.0,Petterboda → Kokoskakan,10.7
observed,9031001001004673,Keolis,119,-,Spånga station,114,-,Alvik,2025-03-17 13:45:58,2025-03-17 13:53:02,7.1,Bas,Vardag,Spånga station,Hagelstavägen,59.38329315185547,17.898237228393555,59.3590087890625,17.945098876953125,3786.7,32.0,0.0,0.0,Spånga station → Hagelstavägen,6.7
observed,9031001003007261,Nobina,838,-,Jordbro station,865,-,Huddinge sjukhus,2025-03-17 13:46:02,2025-03-17 14:17:06,31.1,Bas,Vardag,Dåntorpsvägen västra,Vårdkasen,59.15125274658203,18.1106071472168,59.22491455078125,17.954599380493164,12084.9,23.3,0.0,0.0,Dåntorpsvägen västra → Vårdkasen,21.1
observed,9031001003007205,Nobina,824,-,Strandängarna,814,-,Gullmarsplan,2025-03-17 13:47:07,2025-03-17 13:57:05,10.0,Bas,Vardag,Sidvallsvägen,Orhems vägskäl,59.24691009521485,18.24456787109375,59.26201248168945,18.1358585357666,6403.8,38.4,0.0,0.0,Sidvallsvägen → Orhems vägskäl,9.2
observed,9031001003003540,Övrigt,543,-,Vällingby,518,-,Vällingby,2025-03-17 13:47:57,2025-03-17 14:00:04,12.1,Bas,Vardag,Övre Bredgården,Lunda norra,59.451438903808594,17.83049964904785,59.39669418334961,17.878995895385742,6676.8,33.1,0.0,0.0,Övre Bredgården → Lunda norra,7.3
observed,9031001001007588,Keolis,506,-,Hallonbergen,509,-,Solna centrum,2025-03-17 13:49:41,2025-03-17 13:56:01,6.3,Bas,Vardag,Hallonbergen,Tuletorget,59.37582778930664,17.969181060791016,59.3648681640625,17.974454879760742,1254.7,11.9,0.0,0.0,Hallonbergen → Tuletorget,5.9
observed,9031001003003106,Nobina,809,-,Gullmarsplan,813C,-,Vattugatan,2025-03-17 13:50:58,2025-03-17 14:11:05,20.1,Bas,Vardag,Sidvallsvägen,Kvarter 16,59.247108459472656,18.244525909423828,59.27354049682617,18.09419822692871,9035.4,27.0,0.0,0.0,Sidvallsvägen → Kvarter 16,14.3
observed,9031001003003101,Nobina,401,-,Sickla strand,812C,-,Vattugatan,2025-03-17 13:51:35,2025-03-17 14:06:03,14.5,Bas,Vardag,Sidvallsvägen,Skärmarbrink,59.24740219116211,18.2443962097168,59.29423904418945,18.085147857666016,10440.0,43.2,0.0,0.0,Sidvallsvägen → Skärmarbrink,16.3
observed,9031001003001580,Nobina,807,-,Gullmarsplan,818C,-,Vattugatan,2025-03-17 13:56:01,2025-03-17 14:11:05,15.1,Bas,Vardag,Port 73,Gullmarsplan,59.1771125793457,18.148365020751957,59.29854202270508,18.08248710632324,14012.5,55.7,0.0,0.0,Port 73 → Gullmarsplan,15.0
observed,9031001003001595,Nobina,809,-,Gullmarsplan,806,-,Gullmarsplan,2025-03-17 13:56:12,2025-03-17 14:05:05,8.9,Bas,Vardag,Handens närsjukhus,Klockelundsvägen,59.17465591430664,18.14424705505371,59.24348449707031,18.11091423034668,7885.1,53.2,0.0,0.0,Handens närsjukhus → Klockelundsvägen,8.4
observed,9031001003003100,Nobina,816,-,Gullmarsplan,804,-,Gullmarsplan,2025-03-17 13:56:45,2025-03-17 14:17:03,20.3,Bas,Vardag,Sidvallsvägen,Gullmarsplan,59.24727249145508,18.24467658996582,59.29700469970703,18.081710815429688,10784.8,31.9,0.0,0.0,Sidvallsvägen → Gullmarsplan,17.5
observed,9031001004505101,Transdev,611,-,Täbyvägen,612,-,Kista centrum,2025-03-17 13:57:12,2025-03-17 14:20:03,22.9,Bas,Vardag,Täbyvägen,Oddegatan,59.46661758422852,18.057376861572266,59.40999984741211,17.934049606323242,9394.4,24.6,0.0,0.0,Täbyvägen → Oddegatan,13.3
observed,9031001001004690,Keolis,503,-,Ulriksdals begravningsplats,506,-,Karolinska sjukhuset norra,2025-03-17 13:58:54,2025-03-17 14:11:02,12.1,Bas,Vardag,Ulriksdals begravningsplats,Karolinska sjukhuset norra,59.38951110839844,18.001447677612305,59.35238265991211,18.03018951416016,4438.0,22.0,0.0,0.0,Ulriksdals begravningsplats → Karolinska sjukhuset norra,7.5
observed,9031001003003078,Nobina,847,-,Ösmo centrum,861,-,Slakthuset (Globen),2025-03-17 13:59:38,2025-03-17 14:37:05,37.5,Bas,Vardag,Stationsvägen,Kvarter 35,58.98573684692383,17.903520584106445,59.27581405639648,18.09293556213379,34017.2,54.4,0.0,0.0,Stationsvägen → Kvarter 35,33.6
observed,9031001001007182,Keolis,205,-,Universitetet norra,206,-,Ropsten,2025-03-17 14:00:00,2025-03-17 14:08:01,8.0,Bas,Vardag,Universitetet norra,Ropsten,59.36510848999024,18.0537223815918,59.35744857788086,18.104440689086918,2997.6,22.5,0.0,0.0,Universitetet norra → Ropsten,7.1
observed,9031001003000134,Nobina,801,-,Gullmarsplan,823,-,Gullmarsplan,2025-03-17 14:00:02,2025-03-17 14:27:03,27.0,Bas,Vardag,Sidvallsvägen,Gullmarsplan,59.24702072143555,18.24314308166504,59.29705429077149,18.08171844482422,10727.1,23.8,0.0,0.0,Sidvallsvägen → Gullmarsplan,17.3
observed,9031001003003122,VR Sverige,873,-,Nyfors,873,-,Gullmarsplan,2025-03-17 14:01:01,2025-03-17 14:17:03,16.0,Bas,Vardag,Lummergången,Skärmarbrink,59.23556137084961,18.25004005432129,59.29381942749024,18.085420608520508,11379.0,42.7,0.0,0.0,Lummergången → Skärmarbrink,17.3
observed,9031001001004620,Nobina,157,-,Spånga station,129,-,Brommaplan,2025-03-17 14:01:17,2025-03-17 14:10:02,8.8,Bas,Vardag,Spånga station,Sundbyvägen,59.38268661499024,17.899568557739258,59.36457061767578,17.903728485107422,2028.1,13.8,0.0,0.0,Spånga station → Sundbyvägen,5.0
observed,9031001001004061,Keolis,72,-,Östhammarsgatan,72,-,Karolinska sjukhuset norra,2025-03-17 14:01:21,2025-03-17 14:15:02,13.7,Bas,Vardag,Östhammarsgatan,Wenner-Gren center,59.34290313720703,18.11012077331543,59.35034942626953,18.04843139648437,3594.0,15.7,0.0,0.0,Östhammarsgatan → Wenner-Gren center,8.7
observed,9031001004500466,Transdev,575X,-,Märsta station,580,-,Märsta station,2025-03-17 14:01:39,2025-03-17 14:05:01,3.4,Bas,Vardag,Märsta station,Märstagaraget,59.62892532348633,17.860523223876953,59.62818145751953,17.87833595275879,1004.9,17.7,0.0,0.0,Märsta station → Märstagaraget,3.8
observed,9031001003003090,Nobina,401,-,Slussen,818C,-,Vattugatan,2025-03-17 14:03:25,2025-03-17 14:26:05,22.7,Bas,Vardag,Sidvallsvägen,Gullmarsplan,59.247337341308594,18.24492835998535,59.296688079833984,18.08357810974121,10684.3,28.2,0.0,0.0,Sidvallsvägen → Gullmarsplan,16.4
observed,9031001003007227,Övrigt,787,-,Södertälje centrum,748,-,Fittja,2025-03-17 14:05:14,2025-03-17 14:18:05,12.8,Bas,Vardag,Södertälje centrum,Säby begravningsplats,59.19269180297852,17.626649856567383,59.21238327026367,17.758708953857422,7830.8,36.7,0.0,0.0,Södertälje centrum → Säby begravningsplats,9.9
observed,9031001003001740,Nobina,471,-,Slussen,471,-,Slussen,2025-03-17 14:05:50,2025-03-17 14:12:05,6.2,Bas,Vardag,Skogalundsklippan,Londonviadukten,59.31497573852539,18.186128616333008,59.31515121459961,18.096059799194336,5111.0,49.5,0.0,0.0,Skogalundsklippan → Londonviadukten,6.4
observed,9031001003005334,Nobina,413,-,Björknäs centrum,409,-,Ektorps centrum,2025-03-17 14:07:33,2025-03-17 14:13:01,5.5,Bas,Vardag,Björknäs centrum,Skuru skola,59.31439208984375,18.230545043945312,59.3117561340332,18.207883834838867,1319.0,14.4,0.0,0.0,Björknäs centrum → Skuru skola,3.3
observed,9031001003007708,Övrigt,815C,-,Vattugatan,814,-,Gullmarsplan,2025-03-17 14:09:53,2025-03-17 14:27:05,17.2,Bas,Vardag,Petterboda,Uppståndelsekapellet,59.24675369262695,18.24528312683105,59.26905822753906,18.0958309173584,8849.5,30.9,0.0,0.0,Petterboda → Uppståndelsekapellet,12.6
observed,9031001001004695,Keolis,528,-,Sollentuna station,509,-,Solna centrum,2025-03-17 14:14:56,2025-03-17 14:40:00,25.1,Bas,Vardag,Sollentuna station,Solna centrum,59.42989730834961,17.948017120361328,59.35850143432617,17.99885368347168,8444.4,20.2,0.0,0.0,Sollentuna station → Solna centrum,16.8
observed,9031001003007709,Nobina,804,-,Gullmarsplan,802,-,Gullmarsplan,2025-03-17 14:16:31,2025-03-17 14:27:03,10.5,Bas,Vardag,Sidvallsvägen,Norra Sköndal,59.24762344360352,18.244611740112305,59.26139450073242,18.11766815185547,7376.9,42.2,0.0,0.0,Sidvallsvägen → Norra Sköndal,10.8
observed,9031001003001583,Nobina,834,-,Handens station,809C,-,Vattugatan,2025-03-17 14:16:40,2025-03-17 14:36:04,19.4,Bas,Vardag,Bussgaraget,Gullmarsplan,59.17026138305664,18.14912414550781,59.29840087890625,18.08270835876465,14740.7,45.6,0.0,0.0,Bussgaraget → Gullmarsplan,17.4
observed,9031001003003135,Nobina,807,-,Svartbäcken,806,-,Gullmarsplan,2025-03-17 14:18:01,2025-03-17 14:25:04,7.0,Bas,Vardag,Bussgaraget,Fräsarvägen,59.17036056518555,18.148727416992188,59.20421600341797,18.131052017211918,3896.8,33.4,0.0,0.0,Bussgaraget → Fräsarvägen,5.6
observed,9031001001001201,Övrigt,115,-,Vällingby,117,-,Brommaplan,2025-03-17 14:18:03,2025-03-17 14:31:01,13.0,Bas,Vardag,Vällingby,Brommaplan,59.36328887939453,17.87152671813965,59.33832931518555,17.937881469726562,4674.4,21.6,0.0,0.0,Vällingby → Brommaplan,10.0
observed,9031001001004951,Keolis,509,-,Solna centrum,156,-,Solna strand,2025-03-17 14:18:05,2025-03-17 14:21:01,2.9,Bas,Vardag,Solna centrum,Vireberg,59.35832595825195,17.997974395751953,59.35909271240234,17.987314224243164,610.1,12.6,0.0,0.0,Solna centrum → Vireberg,1.8
observed,9031001001004141,Keolis,515,-,Sundbybergs station,157,-,Danderyds sjukhus,2025-03-17 14:18:29,2025-03-17 14:29:00,10.5,Bas,Vardag,Råsta,Mörbylund,59.379005432128906,17.979352951049805,59.38712692260742,18.04302406311035,3717.1,21.2,0.0,0.0,Råsta → Mörbylund,7.9
observed,9031001001004659,Keolis,506,-,Hallonbergen,508,-,Danderyds sjukhus,2025-03-17 14:18:42,2025-03-17 14:39:01,20.3,Bas,Vardag,Hallonbergen,Danderyds sjukhus,59.37582015991211,17.970016479492188,59.38972091674805,18.04322052001953,4424.4,13.1,0.0,0.0,Hallonbergen → Danderyds sjukhus,10.3
observed,9031001001004091,Keolis,72,-,Östhammarsgatan,72,-,Karolinska sjukhuset norra,2025-03-17 14:18:55,2025-03-17 14:35:02,16.1,Bas,Vardag,Östhammarsgatan,Karolinska sjukhuset norra,59.34299087524414,18.11066436767578,59.35318374633789,18.0325927734375,4568.7,17.0,0.0,0.0,Östhammarsgatan → Karolinska sjukhuset norra,8.9
observed,9031001001507829,Övrigt,26M,-,Solsidans station,26M,-,Glasbruksgatan,2025-03-17 14:20:20,2025-03-17 14:48:04,27.7,Bas,Vardag,ÖB,Kornhamnstorg,59.35895538330078,17.875762939453125,59.3224983215332,18.069448471069336,11706.6,25.4,0.0,0.0,ÖB → Kornhamnstorg,21.8
observed,9031001003007710,Nobina,801,-,Gullmarsplan,812C,-,Vattugatan,2025-03-17 14:21:32,2025-03-17 14:36:04,14.5,Bas,Vardag,Sidvallsvägen,Skogskyrkogården,59.2473030090332,18.245269775390625,59.281776428222656,18.09100151062012,9568.3,39.6,0.0,0.0,Sidvallsvägen → Skogskyrkogården,14.3
observed,9031001001507224,Övrigt,25M,-,Glasbruksgatan,26M,-,Glasbruksgatan,2025-03-17 14:22:39,2025-03-17 14:29:04,6.4,Bas,Vardag,Kristineberg,Tegelbacken,59.3311767578125,18.012121200561523,59.328250885009766,18.0611629486084,2800.6,26.3,0.0,0.0,Kristineberg → Tegelbacken,6.0
observed,9031001003007716,Övrigt,813C,-,Vattugatan,813C,-,Vattugatan,2025-03-17 14:23:22,2025-03-17 14:41:05,17.7,Bas,Vardag,Petterboda,Skogskyrkogården,59.24711990356445,18.24565315246582,59.28262710571289,18.09071922302246,9649.4,32.7,0.0,0.0,Petterboda → Skogskyrkogården,14.4
observed,9031001003003094,Nobina,848,-,Nynäshamns station,861,-,Slakthuset (Globen),2025-03-17 14:26:46,2025-03-17 14:57:05,30.3,Bas,Vardag,Stationsvägen,Farsta sjukhem,58.98592376708984,17.903484344482422,59.24617767333984,18.10310173034668,31101.0,61.6,0.0,0.0,Stationsvägen → Farsta sjukhem,30.0
observed,9031001003007209,Nobina,401,-,Ekstubben,801,-,Gullmarsplan,2025-03-17 14:27:38,2025-03-17 14:42:05,14.4,Bas,Vardag,Ekstubben,Gullmarsplan,59.25175857543945,18.17387962341309,59.29733657836914,18.081899642944336,7279.5,30.3,0.0,0.0,Ekstubben → Gullmarsplan,10.7
observed,9031001003007262,Nobina,809,-,Gullmarsplan,807,-,Gullmarsplan,2025-03-17 14:31:12,2025-03-17 14:50:04,18.9,Bas,Vardag,Dåntorpsvägen västra,Skönstaholm,59.15128707885742,18.11073112487793,59.25259780883789,18.099828720092773,11282.3,35.8,0.0,0.0,Dåntorpsvägen västra → Skönstaholm,16.7
observed,9031001003003095,Övrigt,812C,-,Vattugatan,802,-,Gullmarsplan,2025-03-17 14:31:25,2025-03-17 14:47:04,15.7,Bas,Vardag,Sidvallsvägen,Kokoskakan,59.24747848510742,18.245073318481445,59.26121139526367,18.108396530151367,7918.2,30.3,0.0,0.0,Sidvallsvägen → Kokoskakan,11.1
observed,9031001001004660,Övrigt,517,-,Spånga station,159,-,Godsterminalen,2025-03-17 14:32:50,2025-03-17 14:37:01,4.2,Bas,Vardag,Spånga station,Finspångsgatan,59.382808685302734,17.898611068725586,59.38882064819336,17.87999725341797,1248.2,17.8,0.0,0.0,Spånga station → Finspångsgatan,3.1
observed,9031001001001540,Keolis,76,-,Ropsten,76,-,Frihamnen,2025-03-17 14:39:38,2025-03-17 14:48:02,8.4,Bas,Vardag,Ropsten,Frihamnens färjeterminal,59.35806274414063,18.10430335998535,59.34367370605469,18.115890502929688,1729.6,12.4,0.0,0.0,Ropsten → Frihamnens färjeterminal,4.5
observed,9031001001001221,Keolis,113,-,Solna centrum,116,-,Spånga station,2025-03-17 14:41:36,2025-03-17 15:00:01,18.4,Bas,Vardag,Solna centrum,Herdevägen,59.35835647583008,17.998178482055664,59.37590026855469,17.91214942932129,5250.1,17.1,0.0,0.0,Solna centrum → Herdevägen,12.5
observed,9031001003003046,Nobina,789,-,Södertälje centrum,784,-,Södertälje centrum,2025-03-17 14:44:16,2025-03-17 15:10:03,25.8,Bas,Vardag,Vackstanäs,Södertälje centrum,59.14128494262695,17.501047134399414,59.18984222412109,17.630104064941406,9124.4,21.2,0.0,0.0,Vackstanäs → Södertälje centrum,15.7
observed,9031001001004678,Nobina,157,-,Danderyds sjukhus,113,-,Solna centrum,2025-03-17 14:44:25,2025-03-17 14:54:01,9.6,Bas,Vardag,Danderyds sjukhus,Kolonnvägen,59.38985061645508,18.04262351989746,59.36396789550781,18.01691627502441,3225.4,20.2,0.0,0.0,Danderyds sjukhus → Kolonnvägen,6.9
observed,9031001003007244,Nobina,816,-,Tyresö centrum,816,-,Gullmarsplan,2025-03-17 14:44:51,2025-03-17 14:57:05,12.2,Bas,Vardag,Sidvallsvägen,Norra Sköndal,59.24747467041016,18.24485969543457,59.26131439208984,18.11661148071289,7451.0,36.6,0.0,0.0,Sidvallsvägen → Norra Sköndal,10.8
observed,9031001001004916,Keolis,508,-,Danderyds sjukhus,516,-,Sergels torg,2025-03-17 14:47:14,2025-03-17 15:05:01,17.8,Bas,Vardag,Danderyds sjukhus,Olof Palmes gata Tunnelgatan,59.389984130859375,18.042537689208984,59.336692810058594,18.06236267089844,6031.3,20.3,0.0,0.0,Danderyds sjukhus → Olof Palmes gata Tunnelgatan,10.2
observed,9031001001004608,Keolis,117,-,Sundbyvägen,117,-,Brommaplan,2025-03-17 14:48:43,2025-03-17 14:58:01,9.3,Bas,Vardag,Sundbyvägen,Vadmalsvägen,59.3630485534668,17.903844833374023,59.34090423583984,17.938440322875977,3147.8,20.3,0.0,0.0,Sundbyvägen → Vadmalsvägen,6.0
observed,9031001003007252,Nobina,834,-,Handens station,869,-,Slakthuset (Globen),2025-03-17 14:50:48,2025-03-17 15:22:04,31.3,Bas,Vardag,Bussgaraget,Gullmarsplan,59.17037963867188,18.14917755126953,59.29740524291992,18.08142471313477,14640.9,28.1,0.0,0.0,Bussgaraget → Gullmarsplan,18.1
observed,9031001003003144,Nobina,802,-,Tyresö centrum,812C,-,Vattugatan,2025-03-17 14:51:35,2025-03-17 15:06:04,14.5,Bas,Vardag,Tyresö centrum,Blåsut,59.244388580322266,18.229541778564453,59.28940582275391,18.087482452392575,9498.6,39.3,0.0,0.0,Tyresö centrum → Blåsut,13.9
observed,9031001003000122,Nobina,809,-,Svartbäcken,809,-,Gullmarsplan,2025-03-17 14:55:44,2025-03-17 15:00:05,4.3,Bas,Vardag,Hallstens väg,Björkallén,59.19088363647461,18.143539428710938,59.23201370239258,18.124042510986328,4706.2,65.7,0.0,0.0,Hallstens väg → Björkallén,3.8
observed,9031001004505092,Övrigt,535,-,Upplands Väsby station västra,584,-,Märsta station,2025-03-17 14:57:29,2025-03-17 15:03:02,5.5,Bas,Vardag,Norrsunda kyrka,Fältvägen,59.59226989746094,17.896739959716797,59.626983642578125,17.876222610473633,4028.8,44.0,0.0,0.0,Norrsunda kyrka → Fältvägen,5.6
observed,9031001003007229,Övrigt,780X,-,Södertälje centrum,747,-,Scaniarinken,2025-03-17 14:58:03,2025-03-17 15:08:04,10.0,Bas,Vardag,Södertälje centrum,Geneta centrum,59.19220352172852,17.62745475769043,59.19713592529297,17.581398010253906,2679.5,16.1,0.0,0.0,Södertälje centrum → Geneta centrum,7.3
observed,9031001003003606,Nobina,778,-,Turingeskolan,786,-,Järna station,2025-03-17 14:58:27,2025-03-17 15:13:04,14.6,Bas,Vardag,Förrådsvägen,Hummelmora,59.18149566650391,17.601764678955078,59.12968063354492,17.55423927307129,6366.9,26.2,0.0,0.0,Förrådsvägen → Hummelmora,12.5
observed,9031001003003122,VR Sverige,873,-,Nyfors,875,-,Gullmarsplan,2025-03-17 14:59:28,2025-03-17 15:12:04,12.6,Bas,Vardag,Nyfors,Norra Sköndal,59.22702026367188,18.260480880737305,59.26126480102539,18.11471366882324,9121.6,43.4,0.0,0.0,Nyfors → Norra Sköndal,14.1
observed,9031001001004043,Keolis,76,-,Ljusterögatan,76,-,Frihamnen,2025-03-17 14:59:48,2025-03-17 15:28:01,28.2,Bas,Vardag,Ljusterögatan,Frihamnsporten,59.30843353271485,18.088979721069336,59.341121673583984,18.11518096923828,3926.9,8.4,0.0,0.0,Ljusterögatan → Frihamnsporten,17.7
observed,9031001003003067,Nobina,849,-,Ösmo centrum,861,-,Slakthuset (Globen),2025-03-17 15:00:08,2025-03-17 15:37:05,37.0,EM-topp,Vardag,Stationsvägen,Kvarter 34,58.98540878295898,17.90308380126953,59.27544403076172,18.09313201904297,34024.3,55.2,0.0,0.0,Stationsvägen → Kvarter 34,33.6
observed,9031001001004045,Keolis,222,-,Södergarnsvägen,222,-,Ropsten,2025-03-17 15:01:32,2025-03-17 15:18:02,16.5,EM-topp,Vardag,Södergarnsvägen,Ropsten,59.37299346923828,18.197046279907227,59.35768127441406,18.102270126342773,5633.5,20.5,0.0,0.0,Södergarnsvägen → Ropsten,9.2
observed,9031001003007660,Nobina,801,-,Björnmossvägen,802,-,Gullmarsplan,2025-03-17 15:03:22,2025-03-17 15:17:06,13.7,EM-topp,Vardag,Björnmossvägen,Blåsut,59.261207580566406,18.18610191345215,59.29088592529297,18.08677673339844,6536.8,28.6,0.0,0.0,Björnmossvägen → Blåsut,11.4
observed,9031001003007692,Nobina,777,-,Klockarvägen,754,-,Södertälje centrum,2025-03-17 15:04:23,2025-03-17 15:13:04,8.7,EM-topp,Vardag,Klockarvägen,Kvarnbergagatan,59.19611358642578,17.578025817871094,59.19960021972656,17.61834716796875,2328.4,16.1,0.0,0.0,Klockarvägen → Kvarnbergagatan,5.4
observed,9031001003006104,Nobina,810,-,Västerbommen,807,-,Svartbäcken,2025-03-17 15:05:56,2025-03-17 15:12:04,6.1,EM-topp,Vardag,Kulfångsgatan,Svartbäcken,59.17596435546875,18.16802406311035,59.16878890991211,18.198562622070312,1914.4,18.8,0.0,0.0,Kulfångsgatan → Svartbäcken,4.8
observed,9031001003001606,VR Sverige,873,-,Nyfors,813C,-,Vattugatan,2025-03-17 15:13:17,2025-03-17 15:41:05,27.8,EM-topp,Vardag,Sidvallsvägen,Gullmarsplan,59.24739456176758,18.244190216064453,59.29811477661133,18.082841873168945,10763.0,23.2,0.0,0.0,Sidvallsvägen → Gullmarsplan,16.9
observed,9031001003003096,Övrigt,812C,-,Tyresö centrum,802,-,Gullmarsplan,2025-03-17 15:13:26,2025-03-17 15:27:18,13.9,EM-topp,Vardag,Tyresö centrum,Spettekaksvägen,59.2443962097168,18.22946548461914,59.26240539550781,18.101215362548828,7560.7,32.6,0.0,0.0,Tyresö centrum → Spettekaksvägen,10.9
observed,9031001003003135,Nobina,806,-,Myrmalmsringen,809C,-,Vattugatan,2025-03-17 15:16:17,2025-03-17 15:43:53,27.6,EM-topp,Vardag,Myrmalmsringen,Gullmarsplan,59.18208312988281,18.1608829498291,59.2983283996582,18.082748413085938,13668.3,29.7,0.0,0.0,Myrmalmsringen → Gullmarsplan,15.2
observed,9031001001004917,Keolis,508,-,Danderyds sjukhus,516,-,Sergels torg,2025-03-17 15:17:32,2025-03-17 15:35:02,17.5,EM-topp,Vardag,Danderyds sjukhus,Regeringsgatan,59.38985443115234,18.042577743530277,59.3360595703125,18.06850814819336,6159.5,21.1,0.0,0.0,Danderyds sjukhus → Regeringsgatan,10.8
observed,9031001001004667,Övrigt,112,-,Spånga station,159,-,Spånga station,2025-03-17 15:17:53,2025-03-17 15:25:01,7.1,EM-topp,Vardag,Spånga station,Kälvestavägen,59.38328552246094,17.89832305908203,59.38935852050781,17.887590408325195,908.5,7.7,0.0,0.0,Spånga station → Kälvestavägen,4.2
observed,9031001003001583,Övrigt,809C,-,Svartbäcken,830,-,Farsta centrum,2025-03-17 15:24:31,2025-03-17 15:37:05,12.6,EM-topp,Vardag,Svartbäcken,Björkallén,59.168731689453125,18.1995906829834,59.23207092285156,18.121841430664062,8318.6,39.6,0.0,0.0,Svartbäcken → Björkallén,11.9
observed,9031001003000120,Nobina,801,-,Gullmarsplan,401,-,Slussen,2025-03-17 15:24:59,2025-03-17 15:52:04,27.1,EM-topp,Vardag,Sidvallsvägen,Sickla västra,59.24715805053711,18.243030548095703,59.307952880859375,18.113618850708008,9987.2,22.1,0.0,0.0,Sidvallsvägen → Sickla västra,19.3
observed,9031001001004141,Nobina,157,-,Lunda industri,514,-,Spånga station,2025-03-17 15:26:43,2025-03-17 15:36:00,9.3,EM-topp,Vardag,Lunda industri,Spånga station,59.39397811889648,17.876211166381836,59.382362365722656,17.90030860900879,1878.8,12.1,0.0,0.0,Lunda industri → Spånga station,4.9
observed,9031001001001628,Nobina,159,-,Spånga station,155,-,Brommaplan,2025-03-17 15:28:46,2025-03-17 15:38:03,9.3,EM-topp,Vardag,Spånga station,Vultejusvägen,59.382694244384766,17.89809226989746,59.35387802124024,17.915449142456055,3351.7,21.6,0.0,0.0,Spånga station → Vultejusvägen,7.7
observed,9031001001004656,Keolis,528,-,Helenelunds station,513,-,Solna centrum,2025-03-17 15:29:26,2025-03-17 15:52:00,22.6,EM-topp,Vardag,Helenelunds station,Solna centrum,59.40966033935547,17.962316513061523,59.3586311340332,17.998563766479492,6034.1,16.0,0.0,0.0,Helenelunds station → Solna centrum,12.2
observed,9031001001004635,Keolis,113,-,Mariehällskyrkan,504,-,Hallonbergen,2025-03-17 15:29:32,2025-03-17 15:40:00,10.5,EM-topp,Vardag,Mariehällskyrkan,Ursvik,59.36106872558594,17.946941375732422,59.37957763671875,17.956497192382812,2128.1,12.2,0.0,0.0,Mariehällskyrkan → Ursvik,6.1
observed,9031001003003907,Nobina,801,-,Björnmossvägen,802,-,Gullmarsplan,2025-03-17 15:36:33,2025-03-17 15:47:03,10.5,EM-topp,Vardag,Björnmossvägen,Skogskyrkogården,59.2612419128418,18.186065673828125,59.28158950805664,18.09109115600586,5851.3,33.4,0.0,0.0,Björnmossvägen → Skogskyrkogården,10.2
observed,9031001001004655,Keolis,516,-,Mossvägen,528,-,Sollentuna station,2025-03-17 15:36:54,2025-03-17 15:42:00,5.1,EM-topp,Vardag,Mossvägen,Malmvägen,59.43747329711914,17.930086135864258,59.430084228515625,17.942556381225586,1082.7,12.7,0.0,0.0,Mossvägen → Malmvägen,3.1
observed,9031001001004502,Övrigt,921,-,Jupitervägen,201,-,Båtsmansvägen,2025-03-17 15:38:48,2025-03-17 15:42:02,3.2,EM-topp,Vardag,Jupitervägen,Högberga,59.35161972045898,18.219831466674805,59.3452262878418,18.19449615478516,1602.6,30.0,0.0,0.0,Jupitervägen → Högberga,2.8
observed,9031001001004607,Keolis,117,-,Sundbyvägen,129,-,Brommaplan,2025-03-17 15:40:07,2025-03-17 15:47:01,6.9,EM-topp,Vardag,Sundbyvägen,Kortenslund,59.363059997558594,17.90382957458496,59.34738540649414,17.92738151550293,2195.4,19.1,0.0,0.0,Sundbyvägen → Kortenslund,4.5
observed,9031001001004045,Keolis,222,-,Södergarnsvägen,222,-,Ropsten,2025-03-17 15:43:46,2025-03-17 15:53:02,9.3,EM-topp,Vardag,Södergarnsvägen,Ropsten,59.37307357788086,18.197267532348636,59.36041259765625,18.11004638671875,5138.4,33.2,0.0,0.0,Södergarnsvägen → Ropsten,8.1
observed,9031001003003066,Nobina,847,-,Västerhaninge station,861,-,Slakthuset (Globen),2025-03-17 15:44:20,2025-03-17 16:17:05,32.8,EM-topp,Vardag,Stationsvägen,Kvarter 16,58.98538589477539,17.903310775756836,59.27076721191406,18.094804763793945,33561.2,61.4,0.0,0.0,Stationsvägen → Kvarter 16,33.0
observed,9031001001004061,Keolis,72,-,Karolinska sjukhuset norra,72,-,Östhammarsgatan,2025-03-17 15:44:50,2025-03-17 15:59:02,14.2,EM-topp,Vardag,Karolinska sjukhuset norra,Banérgatan,59.352970123291016,18.031686782836918,59.33908081054688,18.09686279296875,4004.8,16.9,0.0,0.0,Karolinska sjukhuset norra → Banérgatan,8.4
observed,9031001003007262,Nobina,807,-,Brandbergens centrum,810,-,Gullmarsplan,2025-03-17 15:47:14,2025-03-17 15:58:04,10.8,EM-topp,Vardag,Kulfångsgatan,Runsätra äng,59.17423248291016,18.168514251708984,59.23760223388672,18.12266540527344,7514.2,41.7,0.0,0.0,Kulfångsgatan → Runsätra äng,7.9
observed,9031001003005508,Nobina,161,-,Bagarmossen,188,-,Gullmarsplan,2025-03-17 15:49:01,2025-03-17 16:00:03,11.0,EM-topp,Vardag,Bagarmossen,Gullmarsplan,59.2764778137207,18.133310317993164,59.29666519165039,18.08362579345703,3605.7,19.7,0.0,0.0,Bagarmossen → Gullmarsplan,9.8
observed,9031001001004963,Keolis,117,-,Sundbyvägen,129,-,Brommaplan,2025-03-17 15:49:23,2025-03-17 16:00:01,10.6,EM-topp,Vardag,Sundbyvägen,Brommaplan,59.36308670043945,17.903823852539062,59.33829879760742,17.936933517456055,3334.6,18.9,0.0,0.0,Sundbyvägen → Brommaplan,7.5
observed,9031001001004913,Keolis,540,-,Universitetet,516,-,Sergels torg,2025-03-17 15:51:08,2025-03-17 16:05:02,13.9,EM-topp,Vardag,Universitetet,Linnégatan,59.36545181274414,18.05443382263184,59.337921142578125,18.07423591613769,3260.6,14.1,0.0,0.0,Universitetet → Linnégatan,7.0
observed,9031001001004139,Keolis,525,-,Pukvägen,525,-,Norrvikens station,2025-03-17 15:52:26,2025-03-17 15:56:01,3.6,EM-topp,Vardag,Pukvägen,Norrvikens station,59.4600715637207,17.900178909301758,59.45964431762695,17.923595428466797,1324.0,22.1,0.0,0.0,Pukvägen → Norrvikens station,2.6
observed,9031001003002495,Nobina,802,-,Gullmarsplan,401,-,Slussen,2025-03-17 15:57:32,2025-03-17 16:29:05,31.6,EM-topp,Vardag,Petterboda,Sickla allé,59.24724960327149,18.24593544006348,59.303672790527344,18.11494827270508,9733.4,18.5,0.0,0.0,Petterboda → Sickla allé,18.4
observed,9031001003003129,Övrigt,809C,-,Svartbäcken,807,-,Gullmarsplan,2025-03-17 15:58:27,2025-03-17 16:21:04,22.6,EM-topp,Vardag,Svartbäcken,Gullmarsplan,59.16872024536133,18.19948959350586,59.2973861694336,18.08182907104492,15795.0,41.9,0.0,0.0,Svartbäcken → Gullmarsplan,21.3
observed,9031001001004924,Nobina,157,-,Danderyds sjukhus,516,-,Sergels torg,2025-03-17 15:58:38,2025-03-17 16:20:02,21.4,EM-topp,Vardag,Danderyds sjukhus,Sergels torg,59.39067459106445,18.042423248291016,59.33429718017578,18.06472969055176,6395.0,17.9,0.0,0.0,Danderyds sjukhus → Sergels torg,11.9
observed,9031001001007641,Keolis,117,-,Sundbyvägen,512,-,Spånga station,2025-03-17 15:58:51,2025-03-17 16:00:01,1.2,EM-topp,Vardag,Sundbyvägen,Flystaslingan,59.36312103271485,17.903825759887695,59.36788177490234,17.900859832763672,555.4,27.8,0.0,0.0,Sundbyvägen → Flystaslingan,1.1
observed,9031001003003122,VR Sverige,875,-,Tyresö kyrka,873,-,Gullmarsplan,2025-03-17 15:59:11,2025-03-17 16:27:05,27.9,EM-topp,Vardag,Tyresö kyrka,Gullmarsplan,59.23690414428711,18.297481536865234,59.29712677001953,18.08176612854004,13967.8,30.0,0.0,0.0,Tyresö kyrka → Gullmarsplan,21.7
observed,9031001001008025,Keolis,113,-,Mariehällskyrkan,509,-,Solna centrum,2025-03-17 15:59:15,2025-03-17 16:08:01,8.8,EM-topp,Vardag,Mariehällskyrkan,Sundbybergs station,59.36106872558594,17.94709014892578,59.36140060424805,17.97361183166504,1503.4,10.3,0.0,0.0,Mariehällskyrkan → Sundbybergs station,5.6
observed,9031001001004927,Nobina,179,-,Vällingby,179,-,Sollentuna station,2025-03-17 16:00:39,2025-03-17 16:36:02,35.4,EM-topp,Vardag,Vällingby,Sollentuna station,59.363399505615234,17.87167739868164,59.43021774291992,17.94745445251465,8579.2,14.5,0.0,0.0,Vällingby → Sollentuna station,17.9
observed,9031001001004050,Keolis,222,-,Södergarnsvägen,222,-,Ropsten,2025-03-17 16:01:18,2025-03-17 16:18:01,16.7,EM-topp,Vardag,Södergarnsvägen,Ropsten,59.372928619384766,18.19692611694336,59.35768127441406,18.102319717407227,5622.2,20.2,0.0,0.0,Södergarnsvägen → Ropsten,9.2
observed,9031001001004942,Keolis,516,-,Mossvägen,504,-,Sundbybergs station,2025-03-17 16:01:18,2025-03-17 16:15:00,13.7,EM-topp,Vardag,Mossvägen,Ursviksvägen,59.4374885559082,17.93012809753418,59.365478515625,17.957345962524414,8154.0,35.7,0.0,0.0,Mossvägen → Ursviksvägen,14.2
observed,9031001001007214,Keolis,76,-,Ljusterögatan,76,-,Frihamnen,2025-03-17 16:01:37,2025-03-17 16:28:01,26.4,EM-topp,Vardag,Ljusterögatan,Ropsten,59.3086051940918,18.08849334716797,59.35717391967773,18.105138778686523,5482.5,12.5,0.0,0.0,Ljusterögatan → Ropsten,16.5
observed,9031001001004501,Övrigt,923,-,Högsätrahuset,204,-,Wijk,2025-03-17 16:03:48,2025-03-17 16:17:01,13.2,EM-topp,Vardag,Högsätrahuset,Östra Yttringe,59.35151672363281,18.15051651000977,59.37105178833008,18.204458236694336,3749.9,17.0,0.0,0.0,Högsätrahuset → Östra Yttringe,8.6
observed,9031001001004902,Keolis,516,-,Mossvägen,525,-,Norrvikens station,2025-03-17 16:11:46,2025-03-17 16:17:01,5.2,EM-topp,Vardag,Mossvägen,Norrviken centrum Bussar,59.437477111816406,17.93009376525879,59.45842361450195,17.923851013183594,2355.7,27.2,0.0,0.0,Mossvägen → Norrviken centrum Bussar,3.6
observed,9031001001004139,Keolis,525,-,Pukvägen,506,-,Karolinska sjukhuset norra,2025-03-17 16:14:24,2025-03-17 16:29:01,14.6,EM-topp,Vardag,Pukvägen,Kolonnvägen,59.46009826660156,17.900157928466797,59.36555480957031,18.02138328552246,12552.5,51.6,0.0,0.0,Pukvägen → Kolonnvägen,16.4
observed,9031001003003096,Nobina,802,-,Tyresö centrum,801,-,Gullmarsplan,2025-03-17 16:15:28,2025-03-17 16:42:48,27.3,EM-topp,Vardag,Bollmoraberg,Gullmarsplan,59.242557525634766,18.22366142272949,59.29582977294922,18.08393669128418,9905.6,21.8,0.0,0.0,Bollmoraberg → Gullmarsplan,15.3
observed,9031001001004042,Keolis,205,-,Sticklinge,201,-,Ropsten,2025-03-17 16:17:50,2025-03-17 16:33:01,15.2,EM-topp,Vardag,Sticklinge,Ropsten,59.38627624511719,18.105619430541992,59.35765838623047,18.10233497619629,3187.6,12.6,0.0,0.0,Sticklinge → Ropsten,9.5
observed,9031001001004940,Keolis,504,-,Sundbybergs station,515,-,Odenplan,2025-03-17 16:21:30,2025-03-17 16:33:01,11.5,EM-topp,Vardag,Sundbybergs station,Gävlegatan,59.36140823364258,17.97344970703125,59.34601593017578,18.033201217651367,3794.6,19.8,0.0,0.0,Sundbybergs station → Gävlegatan,7.9
observed,9031001001001310,Keolis,117,-,Sundbyvägen,512,-,Spånga station,2025-03-17 16:22:04,2025-03-17 16:30:02,8.0,EM-topp,Vardag,Sundbyvägen,Spånga station,59.36310958862305,17.90381622314453,59.38237380981445,17.900327682495117,2151.2,16.1,0.0,0.0,Sundbyvägen → Spånga station,4.9
observed,9031001001001209,Nobina,157,-,Lunda industri,119,-,Spånga station,2025-03-17 16:26:35,2025-03-17 16:36:02,9.4,EM-topp,Vardag,Lunda industri,Spånga station,59.39372634887695,17.87674331665039,59.38224792480469,17.90018081665039,1841.3,11.8,0.0,0.0,Lunda industri → Spånga station,4.9
observed,9031001001004676,Övrigt,112,-,Spånga station,155,-,Akalla,2025-03-17 16:27:39,2025-03-17 16:35:02,7.4,EM-topp,Vardag,Spånga station,Hjulsta,59.38247680664063,17.89974594116211,59.39983367919922,17.884235382080078,2120.4,17.2,0.0,0.0,Spånga station → Hjulsta,5.5
observed,9031001001004672,Keolis,117,-,Sundbyvägen,155,-,Brommaplan,2025-03-17 16:28:43,2025-03-17 16:43:01,14.3,EM-topp,Vardag,Sundbyvägen,Brommaplan,59.36309051513672,17.90378761291504,59.33767318725586,17.93548011779785,3348.9,14.1,0.0,0.0,Sundbyvägen → Brommaplan,7.3
observed,9031001001004912,Nobina,179,-,Vällingby,179,-,Sollentuna station,2025-03-17 16:32:18,2025-03-17 17:06:01,33.7,EM-topp,Vardag,Vällingby,Sollentuna station,59.36357879638672,17.871421813964844,59.4302978515625,17.947675704956055,8583.2,15.3,0.0,0.0,Vällingby → Sollentuna station,17.9
observed,9031001001001616,Övrigt,115,-,Vällingby,117,-,Brommaplan,2025-03-17 16:38:33,2025-03-17 16:48:00,9.4,EM-topp,Vardag,Vällingby,Vadmalsvägen,59.36328887939453,17.87150001525879,59.339942932128906,17.938199996948242,4586.2,29.3,0.0,0.0,Vällingby → Vadmalsvägen,8.1
observed,9031001003000134,Nobina,802,-,Tyresö centrum,801,-,Gullmarsplan,2025-03-17 16:39:29,2025-03-17 17:02:05,22.6,EM-topp,Vardag,Tyresö centrum,Gullmarsplan,59.24436950683594,18.22942924499512,59.29704666137695,18.08171272277832,10234.9,27.2,0.0,0.0,Tyresö centrum → Gullmarsplan,15.8
observed,9031001001007181,Keolis,76,-,Ropsten,76,-,Frihamnen,2025-03-17 16:41:01,2025-03-17 16:47:02,6.0,EM-topp,Vardag,Ropsten,Hangövägen,59.35810852050781,18.10437393188477,59.34747314453125,18.110191345214844,1227.7,12.3,0.0,0.0,Ropsten → Hangövägen,3.3
observed,9031001001004931,Keolis,516,-,Mossvägen,525,-,Norrvikens station,2025-03-17 16:41:16,2025-03-17 16:47:02,5.8,EM-topp,Vardag,Mossvägen,Norrvikens station,59.43748092651367,17.93012237548828,59.45891952514648,17.923892974853516,2409.7,24.9,0.0,0.0,Mossvägen → Norrvikens station,3.7
observed,9031001001001207,Nobina,157,-,Lunda industri,517,-,Spånga station,2025-03-17 16:41:18,2025-03-17 16:51:00,9.7,EM-topp,Vardag,Lunda industri,Spånga station,59.39388656616211,17.87647247314453,59.38219451904297,17.900264739990234,1872.2,11.6,0.0,0.0,Lunda industri → Spånga station,4.9
observed,9031001001004951,Nobina,157,-,Danderyds sjukhus,509,-,Solna centrum,2025-03-17 16:42:05,2025-03-17 16:57:00,14.9,EM-topp,Vardag,Danderyds sjukhus,Solna centrum,59.390018463134766,18.04254531860352,59.358306884765625,17.998193740844727,4329.6,17.4,0.0,0.0,Danderyds sjukhus → Solna centrum,10.1
observed,9031001004505537,Transdev,681,-,Västerhamnsplan,614,-,Täby centrum,2025-03-17 16:51:37,2025-03-17 16:57:02,5.4,EM-topp,Vardag,Åkerby industriområde,Täby centrum,59.44831848144531,18.08621406555176,59.443458557128906,18.07175636291504,979.7,10.9,0.0,0.0,Åkerby industriområde → Täby centrum,2.9
observed,9031001001004699,Keolis,525,-,Pukvägen,525,-,Norrvikens station,2025-03-17 16:51:41,2025-03-17 16:56:01,4.3,EM-topp,Vardag,Pukvägen,Norrvikens station,59.459266662597656,17.900394439697266,59.45724487304688,17.923412322998047,1319.9,18.4,0.0,0.0,Pukvägen → Norrvikens station,3.1
observed,9031001001004824,Keolis,116,-,Spånga station,504,-,Rissne,2025-03-17 16:51:56,2025-03-17 16:55:03,3.1,EM-topp,Vardag,Spånga station,Logvägen,59.38262939453125,17.899616241455078,59.37662124633789,17.910314559936523,901.9,17.5,0.0,0.0,Spånga station → Logvägen,1.8
observed,9031001001004661,Keolis,116,-,Vällingby,155,-,Akalla,2025-03-17 16:52:24,2025-03-17 17:05:01,12.6,EM-topp,Vardag,Vällingby,Tavastehusgatan,59.36343002319336,17.871477127075195,59.4144172668457,17.904136657714844,5963.5,28.4,0.0,0.0,Vällingby → Tavastehusgatan,12.2
observed,9031001001004654,Keolis,113,-,Blackebergs gård,129,-,Brommaplan,2025-03-17 16:54:36,2025-03-17 17:08:01,13.4,EM-topp,Vardag,Blackebergs gård,Brommaplan,59.34223937988281,17.877655029296875,59.337684631347656,17.935306549072266,3308.0,14.8,0.0,0.0,Blackebergs gård → Brommaplan,7.9
observed,9031001001007465,Keolis,205,-,Sticklinge,225,-,Ropsten,2025-03-17 16:54:57,2025-03-17 17:04:01,9.1,EM-topp,Vardag,Sticklinge,Ropsten,59.38620376586914,18.10573005676269,59.35743713378906,18.10187721252441,3206.1,21.1,0.0,0.0,Sticklinge → Ropsten,9.1
observed,9031001001004823,Nobina,157,-,Danderyds sjukhus,515,-,Sundbybergs station,2025-03-17 16:57:05,2025-03-17 17:12:01,14.9,EM-topp,Vardag,Danderyds sjukhus,Kronan,59.389930725097656,18.042585372924805,59.36056518554688,17.974870681762695,5037.3,20.3,0.0,0.0,Danderyds sjukhus → Kronan,12.5
observed,9031001003007710,Nobina,801,-,Björnmossvägen,822,-,Gullmarsplan,2025-03-17 16:57:35,2025-03-17 17:12:06,14.5,EM-topp,Vardag,Björnmossvägen,Gullmarsplan,59.261173248291016,18.1860466003418,59.29727554321289,18.08204841613769,7142.4,29.6,0.0,0.0,Björnmossvägen → Gullmarsplan,12.9
observed,9031001001001220,Övrigt,127,-,Brommaplan,117,-,Spånga station,2025-03-17 16:59:15,2025-03-17 17:21:01,21.8,EM-topp,Vardag,Brommaplan,Spånga station,59.338340759277344,17.93777847290039,59.38240051269531,17.899965286254883,5347.3,14.7,0.0,0.0,Brommaplan → Spånga station,12.8
observed,9031001001004845,Nobina,156,-,Danderyds sjukhus,516,-,Sergels torg,2025-03-17 17:00:13,2025-03-17 17:20:00,19.8,EM-topp,Vardag,Danderyds sjukhus,Sergels torg,59.38969802856445,18.04264259338379,59.33388137817383,18.06463432312012,6330.4,19.2,0.0,0.0,Danderyds sjukhus → Sergels torg,11.1
observed,9031001001004047,Keolis,222,-,Södergarnsvägen,222,-,Ropsten,2025-03-17 17:02:13,2025-03-17 17:18:01,15.8,EM-topp,Vardag,Södergarnsvägen,Ropsten,59.3729133605957,18.196908950805664,59.35745620727539,18.10211563110352,5639.4,21.4,0.0,0.0,Södergarnsvägen → Ropsten,8.9
observed,9031001001004677,Övrigt,124,-,Alvik,112,-,Spånga station,2025-03-17 17:02:39,2025-03-17 17:21:01,18.4,EM-topp,Vardag,Alvik,Spånga station,59.33282852172852,17.98063087463379,59.382171630859375,17.900373458862305,7126.9,23.2,0.0,0.0,Alvik → Spånga station,13.6
observed,9031001001004848,Keolis,116,-,Vällingby,512,-,Spånga station,2025-03-17 17:03:54,2025-03-17 17:15:02,11.1,EM-topp,Vardag,Vällingby,Spånga station,59.36337661743164,17.871620178222656,59.38226318359375,17.900617599487305,2666.2,14.4,0.0,0.0,Vällingby → Spånga station,7.8
observed,9031001003003122,VR Sverige,873,-,Nyfors,873,-,Gullmarsplan,2025-03-17 17:06:46,2025-03-17 17:27:05,20.3,EM-topp,Vardag,Nyfors,Gullmarsplan,59.22705459594727,18.260364532470703,59.29716491699219,18.081764221191406,12798.7,37.8,0.0,0.0,Nyfors → Gullmarsplan,20.8
observed,9031001003003129,Nobina,807,-,Brandbergens centrum,806,-,Gullmarsplan,2025-03-17 17:08:54,2025-03-17 17:32:06,23.2,EM-topp,Vardag,Brandbergens centrum,Gullmarsplan,59.17256164550781,18.16926002502441,59.29741287231445,18.081825256347656,14746.7,38.1,0.0,0.0,Brandbergens centrum → Gullmarsplan,17.5
observed,9031001003007268,Nobina,834,-,Handens station,865,-,Skärholmen,2025-03-17 17:09:11,2025-03-17 17:41:04,31.9,EM-topp,Vardag,Dåntorpsvägen västra,Västertorp,59.15144348144531,18.11099624633789,59.28930282592773,17.965234756469727,17429.3,32.8,0.0,0.0,Dåntorpsvägen västra → Västertorp,30.3
observed,9031001004505520,Transdev,680,-,Överby,680,-,Tekniska högskolan,2025-03-17 17:13:24,2025-03-17 17:18:07,4.7,EM-topp,Vardag,Tekniska högskolan,Roslagstull,59.34531021118164,18.072975158691406,59.35294723510742,18.054044723510746,1368.5,17.5,0.0,0.0,Tekniska högskolan → Roslagstull,2.8
observed,9031001001004049,Keolis,203,-,Näset,201,-,Ropsten,2025-03-17 17:13:45,2025-03-17 17:18:01,4.3,EM-topp,Vardag,Näset,Dalängen,59.373573303222656,18.140209197998047,59.3709602355957,18.12803840637207,748.2,10.4,0.0,0.0,Näset → Dalängen,3.2
observed,9031001001004699,Keolis,525,-,Pukvägen,525,-,Norrvikens station,2025-03-17 17:14:28,2025-03-17 17:17:01,2.5,EM-topp,Vardag,Pukvägen,Norrvikens station,59.45969772338867,17.900333404541016,59.4590072631836,17.923725128173828,1323.9,31.8,0.0,0.0,Pukvägen → Norrvikens station,2.6
observed,9031001001007472,Keolis,205,-,Sticklinge,203,-,Ropsten,2025-03-17 17:14:32,2025-03-17 17:23:01,8.5,EM-topp,Vardag,Sticklinge,Dalängen,59.38620376586914,18.10572624206543,59.37104415893555,18.12932014465332,2151.1,15.2,0.0,0.0,Sticklinge → Dalängen,6.0
observed,9031001001004694,Övrigt,522V,-,Sollentuna station,506,-,Hallonbergen,2025-03-17 17:15:35,2025-03-17 17:25:00,9.4,EM-topp,Vardag,Sollentuna station,Södra grinden,59.429290771484375,17.94798469543457,59.39115905761719,17.993135452270508,4950.3,31.6,0.0,0.0,Sollentuna station → Södra grinden,9.1
observed,9031001001001551,Keolis,3,-,Karolinska sjukhuset norra,2,-,Sveaplan,2025-03-17 17:16:24,2025-03-17 17:19:01,2.6,EM-topp,Vardag,Karolinska sjukhuset norra,Norrtull,59.35284805297852,18.03211212158203,59.34994125366211,18.04495429992676,796.5,18.4,0.0,0.0,Karolinska sjukhuset norra → Norrtull,4.4
observed,9031001001004844,Keolis,501,-,Frösunda port,118,-,Hallonbergen,2025-03-17 17:18:29,2025-03-17 17:30:01,11.5,EM-topp,Vardag,Frösunda port,Hallonbergen,59.37102127075195,18.016706466674805,59.375675201416016,17.9702091217041,2684.3,14.0,0.0,0.0,Frösunda port → Hallonbergen,7.9
observed,9031001001001303,Keolis,525,-,Pukvägen,525,-,Norrvikens station,2025-03-17 17:22:58,2025-03-17 17:26:01,3.0,EM-topp,Vardag,Pukvägen,Norrvikens station,59.46006774902344,17.900182723999023,59.45724487304688,17.923423767089844,1350.2,27.0,0.0,0.0,Pukvägen → Norrvikens station,3.3
observed,9031001001007671,Övrigt,502,-,Ulriksdals station,509,-,Danderyds sjukhus,2025-03-17 17:26:50,2025-03-17 17:32:01,5.2,EM-topp,Vardag,Ulriksdals station,Bergshamra gård,59.3805046081543,17.999664306640625,59.37959671020508,18.02680969238281,1540.7,17.8,0.0,0.0,Ulriksdals station → Bergshamra gård,3.8
observed,9031001001004070,Keolis,1,-,Essingetorget,6,-,Karolinska institutet Biomedicum,2025-03-17 17:28:56,2025-03-17 17:48:02,19.1,EM-topp,Vardag,Essingetorget,Karolinska sjukhuset norra,59.32079315185547,17.98866081237793,59.35245132446289,18.030244827270508,4237.1,13.3,0.0,0.0,Essingetorget → Karolinska sjukhuset norra,10.6
observed,9031001003003090,Nobina,801,-,Björnmossvägen,813C,-,Vattugatan,2025-03-17 17:34:57,2025-03-17 17:41:04,6.1,EM-topp,Vardag,Norra Sköndal,Sandsborg,59.26124954223633,18.11151695251465,59.2864875793457,18.08889961242676,3086.5,30.4,0.0,0.0,Norra Sköndal → Sandsborg,4.2
observed,9031001001007203,Keolis,3,-,Karolinska sjukhuset norra,2,-,Sveaplan,2025-03-17 17:35:27,2025-03-17 17:39:01,3.6,EM-topp,Vardag,Karolinska sjukhuset norra,Norrtull,59.35280227661133,18.03203010559082,59.349910736083984,18.04578018188477,843.1,14.1,0.0,0.0,Karolinska sjukhuset norra → Norrtull,4.5
observed,9031001001004047,Keolis,222,-,Södergarnsvägen,211,-,Ropsten,2025-03-17 17:41:04,2025-03-17 17:51:01,9.9,EM-topp,Vardag,Södergarnsvägen,Ropsten,59.372928619384766,18.196949005126957,59.35742950439453,18.10204124450684,5647.0,34.2,0.0,0.0,Södergarnsvägen → Ropsten,8.8
observed,9031001003002481,Nobina,807,-,Brandbergens centrum,806,-,Gullmarsplan,2025-03-17 17:48:41,2025-03-17 18:02:04,13.4,EM-topp,Vardag,Brandbergens centrum,Blåsut,59.173370361328125,18.164255142211918,59.287689208984375,18.088350296020508,13425.0,60.1,0.0,0.0,Brandbergens centrum → Blåsut,14.6
observed,9031001003000090,Nobina,824,-,Tyresö centrum,824,-,Tyresö centrum,2025-03-17 17:49:00,2025-03-17 17:53:04,4.1,EM-topp,Vardag,Tyresö centrum,Sidvallsvägen,59.24438095092773,18.22957420349121,59.249141693115234,18.239784240722656,785.7,11.5,0.0,0.0,Tyresö centrum → Sidvallsvägen,3.1
observed,9031001001004617,Keolis,507,-,Tomteboda postterminal,505,-,Solna centrum,2025-03-17 17:50:28,2025-03-17 17:53:02,2.6,EM-topp,Vardag,Tomteboda postterminal,Lundagatan,59.34885787963867,18.012062072753906,59.353763580322266,18.001588821411133,806.2,18.6,0.0,0.0,Tomteboda postterminal → Lundagatan,2.2
observed,9031001003005027,VR Sverige,875,-,Gullmarsplan,873,-,Gullmarsplan,2025-03-17 18:14:56,2025-03-17 18:17:04,2.1,Bas,Vardag,Masten,Tibastvägen,59.24896240234375,18.21582794189453,59.246429443359375,18.179271697998047,2097.5,59.9,0.0,0.0,Masten → Tibastvägen,2.0
observed,9031001003007243,Nobina,401,-,Ekstubben,401,-,Ekstubben,2025-03-17 18:23:16,2025-03-17 18:25:04,1.8,Bas,Vardag,Ekstubben,Flatenbadet,59.25173568725586,18.173791885375977,59.25323867797852,18.163000106811523,635.9,21.2,0.0,0.0,Ekstubben → Flatenbadet,1.4
observed,9031001003002484,Nobina,807,-,Brandbergens centrum,809,-,Gullmarsplan,2025-03-17 18:26:00,2025-03-17 18:37:05,11.1,Bas,Vardag,Brandbergens centrum,Farsta sjukhem,59.17258071899414,18.16921806335449,59.24771118164063,18.10086441040039,9215.7,49.8,0.0,0.0,Brandbergens centrum → Farsta sjukhem,10.2
observed,9031001003003151,Nobina,829,-,Vega station,807,-,Svartbäcken,2025-03-17 18:29:07,2025-03-17 18:36:04,7.0,Bas,Vardag,Kulfångsgatan,Svartbäcken,59.17633056640625,18.165695190429688,59.1688117980957,18.198734283447266,2059.9,17.7,0.0,0.0,Kulfångsgatan → Svartbäcken,5.0
observed,9031001003001618,Övrigt,181,-,Skarpnäcks gård,181,-,Skarpnäcks gård,2025-03-17 18:31:46,2025-03-17 18:33:05,1.3,Bas,Vardag,Skarpnäcks gård,Skarpnäck,59.26438522338867,18.14082336425781,59.2625617980957,18.13248443603516,515.5,23.8,0.0,0.0,Skarpnäcks gård → Skarpnäck,1.2
observed,9031001003005568,Nobina,163,-,Bredäng,710,-,Skärholmen,2025-03-17 18:43:34,2025-03-17 18:45:01,1.4,Bas,Vardag,Sätra idrottsplats,Sätra,59.28938674926758,17.931095123291016,59.28480911254883,17.924970626831055,616.5,26.4,0.0,0.0,Sätra idrottsplats → Sätra,0.9
observed,9031001001004630,Keolis,525,-,Pukvägen,501,-,Hallonbergen,2025-03-17 18:45:35,2025-03-17 18:58:01,12.4,Bas,Vardag,Pukvägen,Sörentorp,59.45945358276367,17.900365829467773,59.39424514770508,17.986162185668945,8724.7,42.2,0.0,0.0,Pukvägen → Sörentorp,12.5
observed,9031001001004938,Keolis,540,-,Universitetet,515,-,Odenplan,2025-03-17 18:50:22,2025-03-17 19:04:01,13.7,Bas,Vardag,Universitetet,Odenplan,59.36541366577149,18.05388069152832,59.342193603515625,18.047882080078125,2604.2,11.4,0.0,0.0,Universitetet → Odenplan,6.9
observed,9031001003002481,Nobina,806,-,Myrmalmsringen,809,-,Gullmarsplan,2025-03-17 18:54:52,2025-03-17 19:17:05,22.2,Bas,Vardag,Bussgaraget,Gullmarsplan,59.1702995300293,18.148691177368164,59.29838943481445,18.08432388305664,14706.0,39.7,0.0,0.0,Bussgaraget → Gullmarsplan,17.9
observed,9031001001004941,Keolis,540,-,Universitetet,508,-,Danderyds sjukhus,2025-03-17 19:05:23,2025-03-17 19:14:02,8.7,Bas,Vardag,Universitetet,Danderyds sjukhus,59.36540222167969,18.053897857666016,59.390892028808594,18.04205322265625,2912.7,20.1,0.0,0.0,Universitetet → Danderyds sjukhus,5.2
observed,9031001001001220,Övrigt,115,-,Vällingby,112,-,Spånga station,2025-03-17 19:08:55,2025-03-17 19:21:01,12.1,Bas,Vardag,Vällingby,Spånga station,59.36327362060547,17.871532440185547,59.38225173950195,17.900590896606445,2676.4,13.3,0.0,0.0,Vällingby → Spånga station,7.8
observed,9031001001004667,Keolis,117,-,Spånga station,119,-,Backlura,2025-03-17 19:13:00,2025-03-17 19:26:01,13.0,Bas,Vardag,Spånga station,Knäckepilsgränd,59.38263702392578,17.89957618713379,59.389686584472656,17.818191528320312,4674.7,21.6,0.0,0.0,Spånga station → Knäckepilsgränd,11.1
observed,9031001001004604,Keolis,512,-,Spånga station,118,-,Vällingby,2025-03-17 19:42:47,2025-03-17 19:49:01,6.2,Bas,Vardag,Spånga station,Ryttmästarvägen,59.38262176513672,17.899717330932617,59.37387466430664,17.86907196044922,1989.7,19.3,0.0,0.0,Spånga station → Ryttmästarvägen,5.2
observed,9031001001004941,Keolis,508,-,Karolinska sjukhuset norra,515,-,Odenplan,2025-03-17 19:45:58,2025-03-17 19:49:01,3.0,Bas,Vardag,Karolinska sjukhuset norra,Vanadisplan,59.35318756103516,18.03190040588379,59.34585952758789,18.03980255126953,929.9,18.6,0.0,0.0,Karolinska sjukhuset norra → Vanadisplan,2.7
observed,9031001001008025,Keolis,505,-,Solna centrum,118,-,Hallonbergen,2025-03-17 19:47:23,2025-03-17 19:58:02,10.7,Bas,Vardag,Solna centrum,Lötsjön,59.35866165161133,17.998226165771484,59.37063217163086,17.96190071105957,2451.2,13.7,0.0,0.0,Solna centrum → Lötsjön,5.9
observed,9031001003001717,Nobina,471,-,Slussen,471,-,Nämdöstigen,2025-03-17 19:48:29,2025-03-17 19:53:03,4.6,Bas,Vardag,Björknäs centrum,Telegramvägen,59.314266204833984,18.229591369628903,59.32195663452149,18.255615234375,1706.3,22.3,0.0,0.0,Björknäs centrum → Telegramvägen,3.1
observed,9031001001001606,Keolis,116,-,Vällingby,116,-,Spånga station,2025-03-17 19:48:48,2025-03-17 19:51:02,2.2,Bas,Vardag,Vällingby,Sorselevägen,59.36330795288086,17.871572494506836,59.36980819702149,17.868274688720703,746.6,20.4,0.0,0.0,Vällingby → Sorselevägen,1.8
observed,9031001003002481,Nobina,809,-,Svartbäcken,809,-,Gullmarsplan,2025-03-17 19:55:34,2025-03-17 20:17:05,21.5,Bas,Vardag,Svartbäcken,Gullmarsplan,59.168704986572266,18.199512481689453,59.29726028442383,18.086589813232425,15671.5,43.7,0.0,0.0,Svartbäcken → Gullmarsplan,20.8
observed,9031001001004011,Keolis,6,-,Ropsten,1,-,Frihamnen,2025-03-17 20:04:03,2025-03-17 20:10:01,6.0,Bas,Vardag,Ropsten,Frihamnen,59.3574333190918,18.10288619995117,59.340946197509766,18.116527557373047,1989.7,19.9,0.0,0.0,Ropsten → Frihamnen,5.4
observed,9031001001004906,Keolis,515,-,Odenplan,506,-,Karolinska sjukhuset norra,2025-03-17 20:08:47,2025-03-17 20:18:01,9.2,Bas,Vardag,Odenplan,Karolinska sjukhuset norra,59.34278106689453,18.050275802612305,59.35288238525391,18.03217124938965,1521.5,9.9,0.0,0.0,Odenplan → Karolinska sjukhuset norra,6.7
observed,9031001003002490,Nobina,814,-,Hedvigslunds torg,802,-,Tyresö centrum,2025-03-17 20:15:48,2025-03-17 20:20:03,4.2,Bas,Vardag,Petterboda,Bäverbäcken,59.24729537963867,18.2458438873291,59.24958038330078,18.23613929748535,607.5,8.7,0.0,0.0,Petterboda → Bäverbäcken,2.5
observed,9031001001001606,Keolis,116,-,Vällingby,517,-,Spånga station,2025-03-17 20:18:28,2025-03-17 20:21:01,2.5,Bas,Vardag,Vällingby,Vinsta gård,59.36350631713867,17.8714599609375,59.37153244018555,17.86442756652832,977.4,23.5,0.0,0.0,Vällingby → Vinsta gård,2.3
observed,9031001004500432,Övrigt,536,-,Bollstanäs skola,562,-,Upplands Väsby station,2025-03-17 20:22:14,2025-03-17 20:26:01,3.8,Bas,Vardag,Sundsborg,Ekebovägen,59.51216125488281,17.94322967529297,59.51448440551758,17.91714096069336,1494.3,23.6,0.0,0.0,Sundsborg → Ekebovägen,3.7
observed,9031001003003138,Nobina,829,-,Vega station,807,-,Gullmarsplan,2025-03-17 20:43:47,2025-03-17 20:50:05,6.3,Bas,Vardag,Bussgaraget,ICA-Maxi,59.17012786865234,18.149866104125977,59.18054962158203,18.15581703186035,1207.4,11.5,0.0,0.0,Bussgaraget → ICA-Maxi,3.7
observed,9031001001001214,Övrigt,517,-,Spånga station,124,-,Alvik,2025-03-17 20:45:12,2025-03-17 20:55:02,9.8,Bas,Vardag,Spånga station,Lintavägen,59.382789611816406,17.899032592773438,59.349159240722656,17.956764221191406,4968.3,30.4,0.0,0.0,Spånga station → Lintavägen,8.7
observed,9031001003003600,Nobina,754,-,Södertälje centrum,751,-,Ritorpsvägen,2025-03-17 20:56:17,2025-03-17 20:59:04,2.8,Bas,Vardag,Fridenslundsvägen,Scania centralkontor,59.18277359008789,17.602602005004883,59.18317031860352,17.62769889831543,1430.3,30.6,0.0,0.0,Fridenslundsvägen → Scania centralkontor,2.8
observed,9031001003007222,Nobina,753,-,Hovsjöskolan,753,-,Hovsjöskolan,2026-01-31 23:00:02,2026-01-31 23:09:48,9.8,Natt,Helg,Värdsholmsgatan,Hovsjöskolan,59.18877029418945,17.630577087402344,59.17525100708008,17.602148056030273,2209.7,13.5,0.0,0.0,Värdsholmsgatan → Hovsjöskolan,8.0
observed,9031001003003603,Övrigt,787,-,Lill-Ahl,780X,-,Södertälje centrum,2026-01-31 23:32:13,2026-02-01 00:05:02,32.8,Natt,Helg,Lill-Ahl,Södertälje centrum,59.253047943115234,17.449289321899414,59.189884185791016,17.630165100097656,12460.1,22.8,0.0,0.0,Lill-Ahl → Södertälje centrum,20.1
observed,9031001003007222,Nobina,753,-,Östertälje station,753,-,Södertälje centrum,2026-02-01 00:07:46,2026-02-01 00:12:02,4.3,Natt,Helg,Centralvägen,Gjuteriporten,59.185646057128906,17.6581974029541,59.1856575012207,17.635862350463867,1272.2,17.8,0.0,0.0,Centralvägen → Gjuteriporten,4.9
observed,9031001003003557,Övrigt,544,-,Jakobsbergs station,591,-,Cityterminalen,2026-02-01 00:34:01,2026-02-01 00:52:00,18.0,Natt,Helg,Jakobsbergs station,Frösunda torg,59.42243194580078,17.831953048706055,59.36806106567383,18.020204544067383,12252.5,40.8,0.0,0.0,Jakobsbergs station → Frösunda torg,16.3
observed,9031001003007224,Övrigt,797,-,Södertälje centrum,797,-,Ritorpsvägen,2026-02-01 00:34:44,2026-02-01 00:44:02,9.3,Natt,Helg,Södertälje centrum,Birkavägen,59.19247055053711,17.627140045166016,59.215919494628906,17.63443946838379,2640.3,17.0,0.0,0.0,Södertälje centrum → Birkavägen,6.6
observed,9031001003003603,Övrigt,780X,-,Bärvägen,784,-,Södertälje centrum,2026-02-01 00:45:12,2026-02-01 01:05:01,19.8,Natt,Helg,Bärvägen,Oxbacksgatan,59.184818267822266,17.412504196166992,59.194358825683594,17.622568130493164,12010.9,36.4,0.0,0.0,Bärvägen → Oxbacksgatan,17.7
observed,9031001003003593,Nobina,751,-,Vårbovägen,751,-,Södertälje centrum,2026-02-01 00:58:26,2026-02-01 01:06:03,7.6,Natt,Helg,Vårbovägen,Köpmangatan,59.220252990722656,17.636112213134766,59.195556640625,17.625017166137695,2817.8,22.2,0.0,0.0,Vårbovägen → Köpmangatan,6.6
observed,9031001003007224,Övrigt,797,-,Södertälje centrum,797,-,Ritorpsvägen,2026-02-01 01:05:12,2026-02-01 01:15:01,9.8,Natt,Helg,Södertälje centrum,Ragnhildsborgsvägen,59.192413330078125,17.627197265625,59.2120246887207,17.628934860229492,2182.9,13.4,0.0,0.0,Södertälje centrum → Ragnhildsborgsvägen,5.6
observed,9031001003003554,Övrigt,553V,-,Jakobsbergs station,553H,-,Jakobsbergs station,2026-02-01 03:26:12,2026-02-01 03:30:01,3.8,Natt,Helg,Övre Bredgården,Östra Polhem,59.45134735107422,17.829750061035156,59.44491958618164,17.839393615722656,898.9,14.2,0.0,0.0,Övre Bredgården → Östra Polhem,2.2
observed,9031001003007207,Nobina,751,-,Hantverksvägen,754,-,Mörtstigen,2026-02-01 04:14:54,2026-02-01 04:25:01,10.1,Natt,Helg,Förrådsvägen,Scania tekniskt centrum,59.18222427368164,17.60206413269043,59.169456481933594,17.638029098510742,2492.9,14.8,0.0,0.0,Förrådsvägen → Scania tekniskt centrum,6.6
observed,9031001003003040,Övrigt,780X,-,Södertälje centrum,780X,-,Bärvägen,2026-02-01 04:30:37,2026-02-01 04:39:02,8.4,Natt,Helg,Förrådsvägen,Scaniarinken,59.18206787109375,17.6011905670166,59.18739700317383,17.555147171020508,2688.8,19.2,0.0,0.0,Förrådsvägen → Scaniarinken,6.9
observed,9031001003007205,Övrigt,780X,-,Södertälje centrum,780X,-,Södertälje centrum,2026-02-01 04:40:21,2026-02-01 04:50:00,9.7,Natt,Helg,Förrådsvägen,Värdsholmsgatan,59.18224334716797,17.60210418701172,59.1873664855957,17.631967544555664,1793.9,11.1,0.0,0.0,Förrådsvägen → Värdsholmsgatan,6.4
observed,9031001003003604,Nobina,784,-,Södertälje centrum,784,-,Norrvrå,2026-02-01 05:18:24,2026-02-01 05:48:02,29.6,Bas,Helg,Södertälje centrum,Norrvrå,59.192405700683594,17.62721061706543,59.00660705566406,17.512182235717773,21678.9,43.9,0.0,0.0,Södertälje centrum → Norrvrå,23.7
observed,9031001003006105,Övrigt,787,-,Södertälje centrum,787,-,Kakelvägen,2026-02-01 06:44:51,2026-02-01 06:56:03,11.2,FM-topp,Helg,Södertälje centrum,Kakelvägen,59.19234848022461,17.627286911010742,59.210548400878906,17.58461570739746,3161.9,16.9,0.0,0.0,Södertälje centrum → Kakelvägen,7.8
observed,9031001003003557,Övrigt,591,-,Livgardet,541,-,Vällingby,2026-02-01 07:03:38,2026-02-01 07:16:00,12.4,FM-topp,Helg,Övre Bredgården,Trädgårdsmästarvägen,59.4521598815918,17.830724716186523,59.38066864013672,17.86673927307129,8206.4,39.7,0.0,0.0,Övre Bredgården → Trädgårdsmästarvägen,10.4
observed,9031001003006109,Nobina,784,-,Södertälje centrum,758,-,Scaniarinken,2026-02-01 07:53:57,2026-02-01 07:56:01,2.1,FM-topp,Helg,Södertälje centrum,Värdsholmsgatan,59.19231033325195,17.627304077148438,59.18716049194336,17.631498336791992,620.5,17.7,0.0,0.0,Södertälje centrum → Värdsholmsgatan,2.3
observed,9031001003003604,Övrigt,780X,-,Södertälje centrum,750,-,Brunnsängs centrum,2026-02-01 08:09:47,2026-02-01 08:16:01,6.2,FM-topp,Helg,Södertälje centrum,Bruksgatan,59.192447662353516,17.627145767211914,59.20508575439453,17.631559371948242,1427.6,13.8,0.0,0.0,Södertälje centrum → Bruksgatan,4.1
observed,9031001003003520,Nobina,555,-,Kungsängens station,556,-,Bro centrum,2026-02-01 08:17:10,2026-02-01 08:19:00,1.8,FM-topp,Helg,Kungsängens station,Bygdegårdsvägen,59.477569580078125,17.74981689453125,59.476749420166016,17.740068435668945,558.0,18.6,0.0,0.0,Kungsängens station → Bygdegårdsvägen,1.5
observed,9031001001007214,Keolis,76,-,Ropsten,76,-,Ropsten,2026-02-01 08:37:12,2026-02-01 08:45:20,8.1,FM-topp,Helg,Ropsten,Jägmästargatan,59.35789489746094,18.10381317138672,59.35084533691406,18.103439331054688,784.2,5.8,0.0,0.0,Ropsten → Jägmästargatan,8.7
observed,9031001003003604,Nobina,750,-,Brunnsängs centrum,787,-,Södertälje centrum,2026-02-01 09:15:46,2026-02-01 09:28:01,12.2,Bas,Helg,Brunnsängs centrum,Södertälje centrum,59.21071243286133,17.631120681762695,59.18984603881836,17.62993049621582,2321.2,11.4,0.0,0.0,Brunnsängs centrum → Södertälje centrum,6.4
observed,9031001003006110,Övrigt,787,-,Södertälje centrum,787,-,Kakelvägen,2026-02-01 09:35:47,2026-02-01 09:39:02,3.2,Bas,Helg,Södertälje centrum,Oxbackshemmet,59.19219970703125,17.62770652770996,59.197628021240234,17.62040138244629,733.1,13.7,0.0,0.0,Södertälje centrum → Oxbackshemmet,2.0
observed,9031001003006109,Övrigt,758,-,Scaniarinken,758,-,Scaniarinken,2026-02-01 09:36:38,2026-02-01 09:39:02,2.4,Bas,Helg,Scaniarinken,Fritidsvägen,59.18907165527344,17.57163429260254,59.18484115600586,17.586673736572266,977.3,24.4,0.0,0.0,Scaniarinken → Fritidsvägen,2.5
observed,9031001003003604,Övrigt,787,-,Kakelvägen,787,-,Södertälje centrum,2026-02-01 09:54:50,2026-02-01 09:58:01,3.2,Bas,Helg,Kakelvägen,Robert Anbergs väg,59.210479736328125,17.584949493408203,59.20579147338867,17.60042381286621,1023.5,19.2,0.0,0.0,Kakelvägen → Robert Anbergs väg,2.8
observed,9031001003007224,Övrigt,787,-,Kakelvägen,787,-,Södertälje centrum,2026-02-01 12:54:30,2026-02-01 12:58:01,3.5,Bas,Helg,Kakelvägen,Robert Anbergs väg,59.21048355102539,17.584911346435547,59.20589828491211,17.600366592407227,1016.8,17.4,0.0,0.0,Kakelvägen → Robert Anbergs väg,2.7
observed,9031001003003545,Övrigt,542,-,Kallhälls station,548,-,Kallhälls station,2026-02-01 13:24:59,2026-02-01 13:32:01,7.0,Bas,Helg,Kallhälls station,Övre Bredgården,59.45340347290039,17.806028366088867,59.45118713378906,17.829668045043945,1358.5,11.6,0.0,0.0,Kallhälls station → Övre Bredgården,4.6
observed,9031001003007209,Övrigt,787,-,Kakelvägen,787,-,Södertälje centrum,2026-02-01 13:54:47,2026-02-01 13:58:01,3.2,Bas,Helg,Kakelvägen,Robert Anbergs väg,59.210445404052734,17.584941864013672,59.207454681396484,17.59978485107422,908.0,17.0,0.0,0.0,Kakelvägen → Robert Anbergs väg,2.4
observed,9031001003006110,Övrigt,787,-,Kakelvägen,787,-,Södertälje centrum,2026-02-01 14:55:02,2026-02-01 14:58:02,3.0,Bas,Helg,Kakelvägen,Odalvägen,59.209442138671875,17.583820343017578,59.202816009521484,17.60234260559082,1286.3,25.7,0.0,0.0,Kakelvägen → Odalvägen,2.6
observed,9031001003007217,Övrigt,758,-,Scaniarinken,780X,-,Södertälje centrum,2026-02-01 16:30:59,2026-02-01 16:42:01,11.0,EM-topp,Helg,Förrådsvägen,Hertig Carls väg,59.18193054199219,17.601945877075195,59.18849563598633,17.627805709838867,1644.0,9.0,0.0,0.0,Förrådsvägen → Hertig Carls väg,5.7
observed,9031001003003512,Övrigt,541,-,Jakobsbergs station,556,-,Bro centrum,2026-02-01 16:31:18,2026-02-01 16:54:01,22.7,EM-topp,Helg,Övre Bredgården,Bro centrum,59.45225524902344,17.829998016357422,59.514434814453125,17.642484664916992,12645.3,33.4,0.0,0.0,Övre Bredgården → Bro centrum,14.2
observed,9031001003006110,Övrigt,787,-,Södertälje centrum,787,-,Kakelvägen,2026-02-01 16:36:23,2026-02-01 16:39:01,2.6,EM-topp,Helg,Södertälje centrum,Oxbackshemmet,59.19227600097656,17.62753677368164,59.197608947753906,17.62039566040039,719.0,16.6,0.0,0.0,Södertälje centrum → Oxbackshemmet,1.9
observed,9031001003003497,Övrigt,758,-,Södertälje centrum,758,-,Scaniarinken,2026-02-01 19:16:24,2026-02-01 19:23:11,6.8,Bas,Helg,Södertälje centrum,Gymnastikvägen,59.19253158569336,17.62723159790039,59.18843460083008,17.591278076171875,2097.7,18.5,0.0,0.0,Södertälje centrum → Gymnastikvägen,6.2
observed,9031001001507224,Övrigt,25M,-,Saltsjöbadens station,25M,-,Saltsjöbadens station,2026-02-01 19:34:02,2026-02-01 19:49:18,15.3,Bas,Helg,Repvägen,Saltsjöbadens station,59.290496826171875,18.247272491455078,59.27875518798828,18.310882568359375,3841.4,15.1,0.0,0.0,Repvägen → Saltsjöbadens station,8.1
observed,9031001001508409,Övrigt,25M,-,Saltsjöbadens station,26M,-,Glasbruksgatan,2026-02-01 20:52:12,2026-02-01 20:55:06,2.9,Bas,Helg,Ersta sjukhus,Danvikstull,59.31559753417969,18.087366104125977,59.31407165527344,18.099199295043945,692.6,14.3,0.0,0.0,Ersta sjukhus → Danvikstull,3.7
observed,9031001001508409,Övrigt,26M,-,Solsidans station,26M,-,Glasbruksgatan,2026-02-01 21:58:45,2026-02-01 22:08:01,9.3,Natt,Helg,Solsidans station,Tippen,59.27080154418945,18.29651641845703,59.285972595214844,18.275564193725586,2064.6,13.3,0.0,0.0,Solsidans station → Tippen,5.7
observed,9031001003003113,Nobina,550,-,Barkarby station,550,-,Barkarby station,2026-02-01 23:00:02,2026-02-01 23:09:01,9.0,Natt,Helg,Barkarby handelsplats,Barkarby station,59.41881561279297,17.857341766357422,59.40360641479492,17.867633819580078,1788.6,11.9,0.0,0.0,Barkarby handelsplats → Barkarby station,5.0
observed,9031001003003495,Nobina,751,-,Hantverksvägen,751,-,Hantverksvägen,2026-02-01 23:00:02,2026-02-01 23:10:53,10.8,Natt,Helg,Södertälje centrum,Hantverksvägen,59.19180679321289,17.627954483032227,59.179691314697266,17.5950927734375,2306.2,12.8,0.0,0.0,Södertälje centrum → Hantverksvägen,6.0
observed,9031001003003112,Övrigt,553V,-,Jakobsbergs station,518,-,Akalla,2026-02-02 03:39:42,2026-02-02 03:52:01,12.3,Natt,Vardag,Övre Bredgården,Hjulsta,59.451847076416016,17.829723358154297,59.4007568359375,17.886201858520508,6517.5,31.8,0.0,0.0,Övre Bredgården → Hjulsta,6.8
observed,9031001001507226,Övrigt,25M,-,Saltsjöbadens station,26M,-,Solsidans station,2026-02-02 04:12:25,2026-02-02 04:22:02,9.6,Natt,Vardag,Sickla kaj,Ålgatan,59.300811767578125,18.105682373046875,59.287254333496094,18.26002311706543,8892.1,55.6,0.0,0.0,Sickla kaj → Ålgatan,10.3
observed,9031001003003593,Övrigt,758,-,Södertälje centrum,756,-,Östertälje station,2026-02-02 04:20:04,2026-02-02 04:27:01,7.0,Natt,Vardag,Södertälje centrum,Viksängsvägen,59.19245147705078,17.627145767211914,59.18663024902344,17.643291473388672,1124.5,9.6,0.0,0.0,Södertälje centrum → Viksängsvägen,5.1
observed,9031001003003531,Övrigt,544,-,Jakobsbergs station,557,-,Håtuna kyrka,2026-02-02 04:38:06,2026-02-02 04:52:01,13.9,Natt,Vardag,Östra Polhem,Klövtorpsvägen,59.449920654296875,17.838010787963867,59.550323486328125,17.633100509643555,16073.9,69.4,0.0,0.0,Östra Polhem → Klövtorpsvägen,13.4
observed,9031001003006106,Övrigt,759,-,Fina Svenséns gata,781,-,Bärvägen,2026-02-02 04:43:17,2026-02-02 04:54:00,10.7,Natt,Vardag,Förrådsvägen,Scaniarinken,59.18213653564453,17.6003360748291,59.19118881225586,17.570676803588867,1966.5,11.0,0.0,0.0,Förrådsvägen → Scaniarinken,6.0
observed,9031001003006106,Övrigt,787,-,Södertälje centrum,780,-,Södertälje centrum,2026-02-02 05:51:51,2026-02-02 05:59:01,7.2,Bas,Vardag,Porslinsvägen,Törnrosavägen,59.209747314453125,17.59193229675293,59.205318450927734,17.607194900512695,998.7,8.3,0.0,0.0,Porslinsvägen → Törnrosavägen,3.8
observed,9031001003003592,Nobina,761,-,Vårbovägen,758,-,Södertälje centrum,2026-02-02 07:37:36,2026-02-02 07:43:01,5.4,FM-topp,Vardag,Ritorpsvägen,Polhemsgatan,59.22134780883789,17.636159896850586,59.20039367675781,17.630224227905273,2354.4,26.2,0.0,0.0,Ritorpsvägen → Polhemsgatan,5.0
observed,9031001003007690,Nobina,753,-,Östertälje station,753,-,Östertälje station,2026-02-02 07:46:23,2026-02-02 07:48:03,1.7,FM-topp,Vardag,Saltskogs centrum,Svalängsvägen,59.176822662353516,17.625028610229492,59.17646789550781,17.641796112060547,956.2,33.7,0.0,0.0,Saltskogs centrum → Svalängsvägen,1.2
observed,9031001003003506,Övrigt,553H,-,Jakobsbergs station,552V,-,Jakobsbergs station,2026-02-02 09:07:34,2026-02-02 09:15:27,7.9,Bas,Vardag,Övre Bredgården,Jakobsbergs station,59.45205307006836,17.83147430419922,59.42353439331055,17.83144760131836,3171.1,24.1,0.0,0.0,Övre Bredgården → Jakobsbergs station,6.2
observed,9031001003007221,Övrigt,756,-,Gärtuna,756,-,Scaniarinken,2026-02-02 09:34:54,2026-02-02 09:50:02,15.1,Bas,Vardag,Gärtuna,Scaniarinken,59.17790603637695,17.67584228515625,59.1899528503418,17.57166290283203,6083.7,24.2,0.0,0.0,Gärtuna → Scaniarinken,12.1
observed,9031001003007213,Nobina,784,-,Södertälje centrum,784,-,Norrvrå,2026-02-02 12:53:55,2026-02-02 12:55:25,1.5,Bas,Vardag,Skäve,Smedjan,59.08728790283203,17.586097717285156,59.08842086791992,17.575443267822266,621.5,24.9,0.0,0.0,Skäve → Smedjan,1.0
observed,9031001001507917,Övrigt,25M,-,Glasbruksgatan,26M,-,Glasbruksgatan,2026-02-02 13:07:21,2026-02-02 13:17:00,9.7,Bas,Vardag,Sikvägen,Skogskyrkogården,59.24942398071289,18.226987838745117,59.27748107910156,18.092628479003906,8248.5,51.0,0.0,0.0,Sikvägen → Skogskyrkogården,10.3
observed,9031001003006106,Övrigt,748,-,Fittja,748,-,Södertälje centrum,2026-02-02 13:10:05,2026-02-02 13:12:27,2.4,Bas,Vardag,Nytorp,Salems kyrka,59.20981216430664,17.71721839904785,59.212642669677734,17.765228271484375,2750.7,68.8,0.0,0.0,Nytorp → Salems kyrka,2.1
observed,9031001003007235,Nobina,752,-,Hovsjöskolan,752,-,Hovsjöskolan,2026-02-02 13:14:23,2026-02-02 13:20:01,5.6,Bas,Vardag,Fritidsvägen,Lärlingsvägen,59.18646240234375,17.58182144165039,59.17740249633789,17.59451675415039,1240.1,13.3,0.0,0.0,Fritidsvägen → Lärlingsvägen,3.2
observed,9031001003006106,Övrigt,748,-,Fittja,748,-,Fittja,2026-02-02 13:16:21,2026-02-02 13:18:02,1.7,Bas,Vardag,Albyvägen,Slagsta strand,59.242027282714844,17.837461471557617,59.252315521240234,17.859159469604492,1682.5,59.4,0.0,0.0,Albyvägen → Slagsta strand,1.7
observed,9031001003003531,Nobina,557,-,Kungsängens station,518,-,Kista gård,2026-02-02 13:31:47,2026-02-02 13:47:02,15.2,Bas,Vardag,Övre Bredgården,Jan Stenbecks torg,59.451900482177734,17.829303741455078,59.40298843383789,17.945829391479492,8544.8,33.7,0.0,0.0,Övre Bredgården → Jan Stenbecks torg,12.5
observed,9031001003003043,Nobina,751,-,Torekällberget,761,-,Östertälje station,2026-02-02 13:33:51,2026-02-02 13:36:03,2.2,Bas,Vardag,Förrådsvägen,Lärlingsvägen,59.1821174621582,17.601009368896484,59.178287506103516,17.594877243041992,550.8,15.0,0.0,0.0,Förrådsvägen → Lärlingsvägen,2.0
observed,9031001001507226,Övrigt,26M,-,Glasbruksgatan,25M,-,Glasbruksgatan,2026-02-02 13:35:59,2026-02-02 14:04:02,28.1,Bas,Vardag,Sidvallsvägen,Glasbruksgatan,59.24711227416992,18.24300765991211,59.31834030151367,18.080163955688477,12177.0,26.0,0.0,0.0,Sidvallsvägen → Glasbruksgatan,22.1
observed,9031001003007445,Övrigt,787X,-,Södertälje centrum,756,-,Gärtuna,2026-02-02 14:39:55,2026-02-02 14:46:01,6.1,Bas,Vardag,Förrådsvägen,Vibergen,59.182151794433594,17.5999698638916,59.17934036254883,17.61485481262207,903.8,8.9,0.0,0.0,Förrådsvägen → Vibergen,4.3
observed,9031001003003485,Nobina,754,-,Mörtstigen,754,-,Södertälje centrum,2026-02-02 14:44:06,2026-02-02 14:47:55,3.8,Bas,Vardag,Södertälje syd,Hagkärrsvägen,59.1600227355957,17.64218521118164,59.152862548828125,17.65717124938965,1167.8,18.4,0.0,0.0,Södertälje syd → Hagkärrsvägen,2.6
observed,9031001001507916,Övrigt,25M,-,Glasbruksgatan,25M,-,Glasbruksgatan,2026-02-02 15:34:49,2026-02-02 15:51:02,16.2,EM-topp,Vardag,Sikvägen,Södermannagatan,59.24973678588867,18.230709075927734,59.30854034423828,18.081602096557617,10700.2,39.6,0.0,0.0,Sikvägen → Södermannagatan,15.8
observed,9031001003003871,Nobina,807,-,Gullmarsplan,806,-,Gullmarsplan,2026-02-02 15:54:18,2026-02-02 16:06:02,11.7,EM-topp,Vardag,Klenavägen,Haninge centrum,59.18611145019531,18.18397331237793,59.168174743652344,18.14098358154297,3158.7,16.2,0.0,0.0,Klenavägen → Haninge centrum,8.3
observed,9031001003003041,Övrigt,756,-,Gärtuna,756,-,Astrabacken,2026-02-02 16:03:42,2026-02-02 16:09:01,5.3,EM-topp,Vardag,Förrådsvägen,Silverstigen,59.182125091552734,17.601186752319336,59.18185806274414,17.61960220336914,1049.5,11.9,0.0,0.0,Förrådsvägen → Silverstigen,3.5
observed,9031001001004916,Keolis,540,-,Universitetet,525,-,Norrvikens station,2026-02-02 16:14:04,2026-02-02 16:25:01,10.9,EM-topp,Vardag,Råsta,Eriksbergsvägen,59.38002014160156,17.978303909301758,59.41244125366211,17.947404861450195,4007.0,22.1,0.0,0.0,Råsta → Eriksbergsvägen,8.4
observed,9031001003003129,Nobina,840,-,Handens station,806,-,Gullmarsplan,2026-02-02 16:25:38,2026-02-02 16:46:01,20.4,EM-topp,Vardag,Tyresö centrum,Gullmarsplan,59.24346923828125,18.228612899780273,59.297027587890625,18.081676483154297,10255.2,30.2,0.0,0.0,Tyresö centrum → Gullmarsplan,15.8
observed,9031001003002096,Nobina,474,-,Mölnvik,474,-,Slussen,2026-02-02 18:02:34,2026-02-02 18:12:01,9.4,Bas,Vardag,Mölnvik,Centralplan,59.31256866455078,18.425737380981445,59.314456939697266,18.241853713989258,10437.0,66.6,0.0,0.0,Mölnvik → Centralplan,9.9
observed,9031001003003588,Övrigt,552V,-,Jakobsbergs station,555,-,Kungsängens station,2026-02-02 20:31:19,2026-02-02 20:48:01,16.7,Bas,Vardag,Övre Bredgården,Kungsängens station,59.45138931274414,17.829097747802734,59.4778938293457,17.750614166259766,5324.0,19.1,0.0,0.0,Övre Bredgården → Kungsängens station,9.0
observed,9031001001004641,Keolis,509,-,Danderyds sjukhus,509,-,Tomteboda postterminal,2026-02-02 22:23:05,2026-02-02 22:28:07,5.0,Natt,Vardag,Västra skogen,Storgatan,59.34696960449219,18.004226684570312,59.354557037353516,17.997425079345703,927.6,11.1,0.0,0.0,Västra skogen → Storgatan,3.3
observed,9031001003007225,Övrigt,787,-,Kakelvägen,787,-,Södertälje centrum,2026-02-02 22:47:07,2026-02-02 22:49:52,2.8,Natt,Vardag,Kakelvägen,Karlberga,59.21045684814453,17.58490562438965,59.21010971069336,17.597043991088867,692.0,14.8,0.0,0.0,Kakelvägen → Karlberga,1.9
