route_short_name,direction_id,stop_id,total_delay_seconds,n_obs
1,0,9022001010008002,13922,94
1,0,9022001010012002,15636,97
1,0,9022001010014002,19299,104
1,0,9022001010019001,15315,109
1,0,9022001010024002,13449,115
1,0,9022001010028001,-23071,161
1,0,9022001010031001,23473,129
1,0,9022001010033001,23986,132
1,0,9022001010034002,24039,134
1,0,9022001010037001,23930,137
1,0,9022001010040002,27493,150
1,0,9022001010045002,15014,155
1,0,9022001010052002,-4327,161
1,0,9022001010054001,-438,161
1,0,9022001010056001,4885,161
1,0,9022001010058001,7631,161
1,0,9022001010060001,17101,161
1,0,9022001010062002,24463,161
1,0,9022001010153001,25324,161
1,0,9022001010155001,24672,161
1,0,9022001010369005,7650,86
1,0,9022001010421002,11204,84
1,0,9022001010449002,4999,67
1,0,9022001010451002,4404,67
1,0,9022001010453002,4198,56
1,0,9022001010455002,3718,41
1,0,9022001010462001,5850,70
1,0,9022001010505001,20532,118
1,0,9022001010645004,7974,78
1,0,9022001010733002,3079,40
1,0,9022001010736001,-16701,190
1,1,9022001010008001,12556,130
1,1,9022001010012001,10465,123
1,1,9022001010014001,12297,117
1,1,9022001010016001,10586,109
1,1,9022001010019003,11303,108
1,1,9022001010024001,7968,103
1,1,9022001010028003,-14863,158
1,1,9022001010031002,7848,95
1,1,9022001010034001,8583,87
1,1,9022001010037002,7571,83
1,1,9022001010040001,6667,78
1,1,9022001010045001,6059,73
1,1,9022001010052003,3238,37
1,1,9022001010054002,3429,38
1,1,9022001010056002,3966,37
1,1,9022001010058002,4755,41
1,1,9022001010060002,5319,42
1,1,9022001010062001,5521,55
1,1,9022001010153002,6067,64
1,1,9022001010155002,5913,57
1,1,9022001010369006,7949,137
1,1,9022001010421001,20211,138
1,1,9022001010449001,30530,141
1,1,9022001010451001,26935,141
1,1,9022001010453001,21820,141
1,1,9022001010455003,-8241,142
1,1,9022001010462002,27171,141
1,1,9022001010505002,11585,101
1,1,9022001010645003,21209,141
1,1,9022001010733001,-14008,142
1,1,9022001010736002,-28336,142
10,0,9022001000150001,-1423,8
10,0,9022001000183001,-192,1
10,0,9022001000823001,-338,7
10,0,9022001000824001,429,2
10,0,9022001000825001,-1658,4
10,0,9022001000828001,1259,8
10,0,9022001000829001,-4997,8
10,0,9022001000830001,542,7
10,0,9022001000839001,1271,6
10,0,9022001000851001,648,2
10,0,9022001001051006,-5517,333
10,0,9022001001151004,-9435,332
10,0,9022001003031001,-2056,62
10,0,9022001003031002,-8848,271
10,0,9022001003131002,-3572,333
10,0,9022001003161002,-10816,332
10,0,9022001003201003,-11648,332
10,0,9022001003411002,-6970,331
10,0,9022001003421002,-10474,309
10,0,9022001003431002,-10182,306
10,0,9022001003441002,-9915,304
10,0,9022001003451002,-8768,304
10,0,9022001003461002,-10583,296
10,0,9022001003471002,-10077,274
10,0,9022001003481002,-198495,300
10,1,9022001000150001,-319,3
10,1,9022001000183001,94,2
10,1,9022001000823001,-124,3
10,1,9022001000824001,2006,7
10,1,9022001000825001,-384,4
10,1,9022001000828001,684,2
10,1,9022001000829001,-5569,12
10,1,9022001000830001,-147,3
10,1,9022001000839001,916,4
10,1,9022001000851001,-450,3
10,1,9022001001051005,-14460,284
10,1,9022001001151003,-11116,301
10,1,9022001003031001,-95287,296
10,1,9022001003131001,-12666,290
10,1,9022001003161001,-9680,301
10,1,9022001003201001,-10513,311
10,1,9022001003411001,-9872,328
10,1,9022001003421001,-12898,332
10,1,9022001003431001,-14592,332
10,1,9022001003441001,-9343,332
10,1,9022001003451001,-11203,332
10,1,9022001003461001,-12054,332
10,1,9022001003471001,-10944,332
10,1,9022001003481002,-8049,332
11,0,9022001000130001,24,1
11,0,9022001000135001,-109,1
11,0,9022001000136001,-167,1
11,0,9022001000137001,-88,1
11,0,9022001000138001,-103,1
11,0,9022001000139001,-46,1
11,0,9022001000141001,-215,1
11,0,9022001000142001,-31,1
11,0,9022001000143001,-25,1
11,0,9022001000144001,-87,1
11,0,9022001000145001,-122,1
11,0,9022001000146001,-87,2
11,0,9022001000147001,-1472,5
11,0,9022001000149001,19,1
11,0,9022001000163001,64,1
11,0,9022001000168001,-1230,2
11,0,9022001000187001,-1196,2
11,0,9022001000301001,-82,10
11,0,9022001000306001,-1734,10
11,0,9022001000401004,-548,2
11,0,9022001000401006,-576,4
11,0,9022001000402001,314,3
11,0,9022001000403001,286,3
11,0,9022001000404001,592,4
11,0,9022001000407001,82,1
11,0,9022001000408001,175,4
11,0,9022001000426001,132,2
11,0,9022001000427001,-332,1
11,0,9022001000428001,111,1
11,0,9022001000430001,-18,1
11,0,9022001000431001,-129,1
11,0,9022001000902001,295,4
11,0,9022001000903001,680,7
11,0,9022001000904001,223,2
11,0,9022001000952001,223,2
11,0,9022001000955001,177,7
11,0,9022001001051006,-9998,334
11,0,9022001001151004,-10300,334
11,0,9022001003031001,-12522,261
11,0,9022001003031002,-3064,73
11,0,9022001003131002,-7874,333
11,0,9022001003161002,-15425,334
11,0,9022001003201002,-14064,335
11,0,9022001003211002,-14170,334
11,0,9022001003221002,-16105,334
11,0,9022001003231002,-164,2
11,0,9022001003231003,-9931,319
11,0,9022001003242001,-6544,294
11,0,9022001003251002,-10844,295
11,0,9022001003261002,-10593,291
11,0,9022001003271002,-179336,304
11,1,9022001000128001,367,1
11,1,9022001000135001,-252,2
11,1,9022001000136001,-98,2
11,1,9022001000137001,-94,2
11,1,9022001000138001,-294,2
11,1,9022001000139001,-44,3
11,1,9022001000141001,-402,7
11,1,9022001000142001,-326,3
11,1,9022001000143001,-307,4
11,1,9022001000144001,62,6
11,1,9022001000145001,-455,8
11,1,9022001000146001,-917,4
11,1,9022001000147001,-190,8
11,1,9022001000149001,-332,4
11,1,9022001000163001,-453,5
11,1,9022001000164001,-290,3
11,1,9022001000165001,-970,3
11,1,9022001000166001,-37,2
11,1,9022001000168001,-1320,3
11,1,9022001000187001,-877,4
11,1,9022001000301007,-1216,2
11,1,9022001000301009,-1803,3
11,1,9022001000301010,-1196,2
11,1,9022001000401004,-17,3
11,1,9022001000401005,-126,1
11,1,9022001000404001,271,1
11,1,9022001000405001,448,1
11,1,9022001000406001,360,1
11,1,9022001000408001,105,2
11,1,9022001000430001,-16,1
11,1,9022001000431001,17,1
11,1,9022001000903001,112,1
11,1,9022001000905001,638,2
11,1,9022001000955001,41,1
11,1,9022001001051005,-11419,276
11,1,9022001001151003,-10216,295
11,1,9022001003031002,-91853,285
11,1,9022001003131001,-11383,279
11,1,9022001003161001,-8912,299
11,1,9022001003201001,-9954,305
11,1,9022001003211001,-11916,314
11,1,9022001003221001,-12184,320
11,1,9022001003231001,-9393,322
11,1,9022001003241001,-8664,322
11,1,9022001003251001,-5330,322
11,1,9022001003261001,-10432,322
11,1,9022001003271002,-16792,322
112,0,9022001012023001,-394,35
112,0,9022001012025007,-20600,103
112,0,9022001012029001,1397,31
112,0,9022001012030002,1501,31
112,0,9022001012033001,827,31
112,0,9022001012035001,703,31
112,0,9022001012037001,1342,31
112,0,9022001012039001,1208,31
112,0,9022001012041001,608,31
112,0,9022001012045001,1456,31
112,0,9022001012047001,1450,31
112,0,9022001012105001,481,31
112,0,9022001012107001,979,31
112,0,9022001012109001,1632,31
112,0,9022001012111001,1678,31
112,0,9022001012113001,2658,33
112,0,9022001012115001,863,34
112,0,9022001012117001,781,35
112,0,9022001012119001,496,35
112,0,9022001012121001,-1058,35
112,0,9022001012125001,-1834,35
112,0,9022001012129001,-1867,35
112,0,9022001012138009,-5241,35
112,1,9022001012023002,2230,26
112,1,9022001012025006,-8530,37
112,1,9022001012029002,-2266,37
112,1,9022001012030001,-3019,37
112,1,9022001012033002,-1958,37
112,1,9022001012037003,-339,37
112,1,9022001012041002,820,37
112,1,9022001012045002,-3348,37
112,1,9022001012047002,-2620,37
112,1,9022001012105002,1354,34
112,1,9022001012107002,1384,32
112,1,9022001012111002,2032,29
112,1,9022001012113002,1642,28
112,1,9022001012115002,1714,27
112,1,9022001012117002,2828,26
112,1,9022001012119002,2670,26
112,1,9022001012121002,2753,26
112,1,9022001012125002,2234,26
112,1,9022001012129002,1384,12
112,1,9022001012138004,-11862,84
113,0,9022001012091002,-6814,125
113,0,9022001012109001,5698,105
113,0,9022001012111001,3240,108
113,0,9022001012113001,1274,112
113,0,9022001012115001,-2840,113
113,0,9022001012163001,-6628,123
113,0,9022001012165001,-4262,124
113,0,9022001012167001,-3036,125
113,0,9022001012169001,-2853,125
113,0,9022001012171001,-3897,125
113,0,9022001012173001,-6633,125
113,0,9022001012177001,-723,125
113,0,9022001012179001,-8162,125
113,0,9022001012181001,-15964,125
113,0,9022001012506009,-13701,114
113,0,9022001012557002,4633,101
113,0,9022001050049001,2799,101
113,0,9022001050051003,2433,101
113,0,9022001050240002,3097,101
113,0,9022001050241001,614,100
113,0,9022001050242002,2994,101
113,1,9022001012091001,1774,124
113,1,9022001012111002,3175,157
113,1,9022001012113002,2561,157
113,1,9022001012115002,-6916,154
113,1,9022001012163002,9802,145
113,1,9022001012165002,7842,143
113,1,9022001012167002,6060,137
113,1,9022001012169002,6011,132
113,1,9022001012171002,7368,130
113,1,9022001012173002,-1273,132
113,1,9022001012177002,1293,125
113,1,9022001012179002,1329,123
113,1,9022001012181001,-15463,124
113,1,9022001012506011,-37338,158
113,1,9022001012557001,1212,158
113,1,9022001050049002,-14466,158
113,1,9022001050051002,-5685,158
113,1,9022001050240001,-2934,158
113,1,9022001050241002,-7666,157
113,1,9022001050242001,2015,158
114,1,9022001012025005,-14467,121
114,1,9022001012025006,-4573,41
114,1,9022001012045002,-1308,41
114,1,9022001012045003,2036,34
114,1,9022001012099002,3014,40
114,1,9022001012402001,1076,41
114,1,9022001012403001,1414,41
114,1,9022001012404001,975,41
114,1,9022001012405001,470,41
114,1,9022001012408001,654,41
114,1,9022001012409001,3512,41
114,1,9022001012410001,3458,40
114,1,9022001012411001,3351,41
114,1,9022001012413001,1632,41
114,1,9022001017043001,2372,38
115,1,9022001012301004,-12626,94
115,1,9022001012301005,-2162,28
115,1,9022001012443001,1171,28
115,1,9022001012445001,863,28
115,1,9022001012446002,960,28
115,1,9022001012472002,2299,27
115,1,9022001012473001,1861,24
115,1,9022001012475001,1035,22
115,1,9022001012477001,863,22
115,1,9022001012479001,706,22
115,1,9022001012481001,591,22
115,1,9022001012489001,222,27
115,1,9022001012496002,495,28
115,1,9022001012500002,-31,28
116,0,9022001012138009,-4654,40
116,0,9022001012301001,-12584,121
116,0,9022001012427001,3383,36
116,0,9022001012429001,3628,34
116,0,9022001012431001,4368,33
116,0,9022001012433001,3943,30
116,0,9022001012435001,3008,28
116,0,9022001012437001,2671,28
116,0,9022001012439001,3507,39
116,0,9022001012452002,2043,27
116,0,9022001012456002,2096,28
116,0,9022001012458002,-14,41
116,0,9022001012460002,-517,41
116,0,9022001012466002,3613,41
116,0,9022001012468002,3644,41
116,0,9022001012470002,3143,40
116,0,9022001012476002,3668,39
116,0,9022001012482002,3767,39
116,0,9022001012484002,2500,41
116,0,9022001012511001,2302,27
116,0,9022001051568002,3315,28
116,1,9022001012138005,-16000,127
116,1,9022001012301005,-5881,43
116,1,9022001012427002,3964,42
116,1,9022001012431002,2683,42
116,1,9022001012435002,1019,42
116,1,9022001012437002,832,42
116,1,9022001012452001,-2293,42
116,1,9022001012456001,573,42
116,1,9022001012458001,1540,23
116,1,9022001012460001,779,23
116,1,9022001012464001,1519,36
116,1,9022001012466001,1391,37
116,1,9022001012468001,1510,38
116,1,9022001012470001,2998,41
116,1,9022001012476001,3546,42
116,1,9022001012482001,3251,42
116,1,9022001012484001,1602,32
116,1,9022001012486001,1247,42
116,1,9022001012511002,-1112,42
116,1,9022001051568001,1355,42
117,0,9022001012076003,3179,51
117,0,9022001012138009,-9219,53
117,0,9022001012146002,3233,52
117,0,9022001012182002,4558,58
117,0,9022001012217007,-17414,180
117,0,9022001012253001,3310,51
117,0,9022001012255001,2962,51
117,0,9022001012257001,2627,50
117,0,9022001012261001,3149,54
117,0,9022001012263001,3787,56
117,0,9022001012267001,996,58
117,0,9022001012269001,1648,53
117,0,9022001012271001,436,54
117,0,9022001012273001,-341,54
117,0,9022001012275001,-2147,54
117,0,9022001012277001,-1967,54
117,0,9022001012279001,-3251,54
117,0,9022001012281001,42,2
117,0,9022001012287001,3280,50
117,0,9022001012458002,-3584,54
117,0,9022001012460002,-4413,54
117,1,9022001012076004,-307,69
117,1,9022001012138004,-24967,159
117,1,9022001012146001,-3775,72
117,1,9022001012182003,926,69
117,1,9022001012217006,-13051,72
117,1,9022001012253002,-4988,72
117,1,9022001012255002,-2528,72
117,1,9022001012257002,-630,69
117,1,9022001012261002,1267,72
117,1,9022001012263002,1288,72
117,1,9022001012267002,1503,67
117,1,9022001012269002,-320,80
117,1,9022001012271002,3921,64
117,1,9022001012273002,3689,64
117,1,9022001012275002,2708,64
117,1,9022001012277002,2263,52
117,1,9022001012279002,-96,32
117,1,9022001012281002,-146,3
117,1,9022001012287002,-6977,72
117,1,9022001012458001,-1594,23
117,1,9022001012460001,-1909,22
118,0,9022001012138007,-2597,30
118,0,9022001012301003,-13494,108
118,0,9022001012303001,1206,22
118,0,9022001012305001,703,22
118,0,9022001012307001,705,24
118,0,9022001012309001,923,24
118,0,9022001012311001,1173,25
118,0,9022001012313001,462,29
118,0,9022001012315001,1010,29
118,0,9022001012317001,846,29
118,0,9022001012321001,-567,30
118,0,9022001012325001,2920,40
118,0,9022001012327001,4082,49
118,0,9022001012329001,6684,72
118,0,9022001012330002,4718,54
118,0,9022001012331001,4932,67
118,0,9022001012338002,6288,72
118,0,9022001012458002,-1438,30
118,0,9022001012460002,-1481,29
118,0,9022001012530002,-10253,73
118,0,9022001012533001,3702,72
118,0,9022001012540004,7599,72
118,0,9022001050073002,7559,72
118,0,9022001050075002,6827,72
118,0,9022001050077002,5516,72
118,0,9022001050313002,3028,73
118,0,9022001050317002,-2163,73
118,0,9022001051153001,7571,73
118,1,9022001012138012,-1288,64
118,1,9022001012301005,-4748,84
118,1,9022001012303002,2236,84
118,1,9022001012305002,4226,84
118,1,9022001012308002,5097,83
118,1,9022001012309002,7026,84
118,1,9022001012311002,6118,84
118,1,9022001012313002,7117,84
118,1,9022001012315002,8760,84
118,1,9022001012317002,8191,81
118,1,9022001012320001,7768,75
118,1,9022001012325002,2795,58
118,1,9022001012327002,3054,58
118,1,9022001012329002,2431,58
118,1,9022001012330001,2625,58
118,1,9022001012331002,2902,58
118,1,9022001012338001,1812,50
118,1,9022001012458001,6503,67
118,1,9022001012460001,5156,65
118,1,9022001012530002,-13027,108
118,1,9022001012533002,2177,50
118,1,9022001012540003,3286,51
118,1,9022001050073001,1890,43
118,1,9022001050075001,2509,58
118,1,9022001050077001,2797,58
118,1,9022001050313001,1487,50
118,1,9022001050317001,1218,50
118,1,9022001051153002,3513,50
119,0,9022001012138001,-6926,71
119,0,9022001012349001,1267,58
119,0,9022001012351001,-2110,59
119,0,9022001012431001,2824,44
119,0,9022001012433001,4989,44
119,0,9022001012458001,1674,15
119,0,9022001012460001,985,12
119,0,9022001012464001,1758,32
119,0,9022001012466001,1702,34
119,0,9022001012468001,1729,34
119,0,9022001012470003,3268,37
119,0,9022001012484001,1883,26
119,0,9022001012589002,2094,46
119,0,9022001012592006,1718,53
119,0,9022001050083001,3970,37
119,0,9022001050085001,4114,38
119,0,9022001050087001,2256,46
119,0,9022001050089001,1873,46
119,0,9022001050091001,3152,46
119,0,9022001050097001,2507,55
119,0,9022001050103001,1496,59
119,0,9022001050105001,1594,59
119,0,9022001050107001,1484,59
119,0,9022001050109001,1872,59
119,0,9022001050111001,1912,59
119,0,9022001050113001,2321,60
119,0,9022001050115001,2357,60
119,0,9022001050117001,3955,60
119,0,9022001050119001,3657,60
119,0,9022001055011001,3051,60
119,0,9022001055015001,1986,60
119,0,9022001055017001,1503,60
119,0,9022001055019001,589,60
119,0,9022001055021001,-909,60
119,0,9022001055023001,-1517,60
119,0,9022001055025001,-2305,60
119,0,9022001055030002,-8545,60
119,1,9022001012138009,-26122,138
119,1,9022001012349002,-353,120
119,1,9022001012351003,-5180,116
119,1,9022001012431002,-35,137
119,1,9022001012433003,1092,137
119,1,9022001012458002,-13570,138
119,1,9022001012460002,-15065,138
119,1,9022001012466002,-1791,138
119,1,9022001012468002,-1080,138
119,1,9022001012470004,-2317,138
119,1,9022001012484002,-5023,138
119,1,9022001012589004,10100,135
119,1,9022001012592007,-428,122
119,1,9022001050083002,-1984,138
119,1,9022001050085002,-426,138
119,1,9022001050087002,7299,137
119,1,9022001050089002,7762,137
119,1,9022001050097002,831,120
119,1,9022001050103002,3693,111
119,1,9022001050105002,3408,107
119,1,9022001050107002,2325,105
119,1,9022001050109002,2060,105
119,1,9022001050111002,944,104
119,1,9022001050113002,-360,103
119,1,9022001050115002,-974,102
119,1,9022001050117002,-3967,102
119,1,9022001050119002,-3848,101
119,1,9022001055011002,-3461,101
119,1,9022001055015002,-2582,99
119,1,9022001055017002,-1588,99
119,1,9022001055019002,-832,98
119,1,9022001055021002,543,98
119,1,9022001055023002,1781,98
119,1,9022001055025002,2337,98
119,1,9022001055030001,-4393,87
12,0,9022001000130001,-315,2
12,0,9022001000146001,-186,2
12,0,9022001000148001,-479,4
12,0,9022001000150001,-196,2
12,0,9022001000301001,-937,6
12,0,9022001000306001,-2513,6
12,0,9022001000401005,-446,2
12,0,9022001000401006,-340,2
12,0,9022001000409001,245,4
12,0,9022001000430001,-58,2
12,0,9022001000431001,-145,2
12,0,9022001000815001,-81,3
12,0,9022001000816001,-80,3
12,0,9022001000817001,265,3
12,0,9022001000818001,-59,2
12,0,9022001000819001,19,2
12,0,9022001000820001,-125,2
12,0,9022001000821001,274,2
12,0,9022001000823001,-196,2
12,0,9022001000824001,-220,2
12,0,9022001000825001,-820,2
12,0,9022001000830001,10,2
12,0,9022001000902001,-923,6
12,0,9022001000903001,-391,6
12,0,9022001000955001,-1233,6
12,1,9022001000130001,98,3
12,1,9022001000131001,364,2
12,1,9022001000132001,463,2
12,1,9022001000133001,242,2
12,1,9022001000134001,100,2
12,1,9022001000135001,292,2
12,1,9022001000136001,286,2
12,1,9022001000137001,283,2
12,1,9022001000138001,193,2
12,1,9022001000139001,159,2
12,1,9022001000141001,-46,2
12,1,9022001000142001,300,2
12,1,9022001000143001,291,2
12,1,9022001000144001,299,2
12,1,9022001000145001,184,2
12,1,9022001000146001,127,2
12,1,9022001000148001,-187,4
12,1,9022001000150001,-875,6
12,1,9022001000152001,-728,3
12,1,9022001000153001,-705,3
12,1,9022001000154001,-2122,4
12,1,9022001000155001,-1843,4
12,1,9022001000156001,-2158,4
12,1,9022001000157001,-2212,6
12,1,9022001000158001,-2302,4
12,1,9022001000159001,-2242,4
12,1,9022001000160001,-2445,4
12,1,9022001000161001,-2100,4
12,1,9022001000183001,-1302,3
12,1,9022001000184001,-5479,4
12,1,9022001000185001,215,2
12,1,9022001000301004,-1192,2
12,1,9022001000301006,-1212,2
12,1,9022001000301009,-1200,2
12,1,9022001000401004,-286,2
12,1,9022001000401005,-51,1
12,1,9022001000402001,93,1
12,1,9022001000403001,252,1
12,1,9022001000404001,210,1
12,1,9022001000407001,281,2
12,1,9022001000408001,88,2
12,1,9022001000409001,142,1
12,1,9022001000431001,510,1
12,1,9022001000815001,-781,5
12,1,9022001000816001,-115,5
12,1,9022001000817001,604,2
12,1,9022001000818001,110,5
12,1,9022001000819001,-315,5
12,1,9022001000820001,-1066,5
12,1,9022001000821001,-935,6
12,1,9022001000823001,-200,3
12,1,9022001000824001,-2127,8
12,1,9022001000825001,-3031,7
12,1,9022001000826001,-2525,4
12,1,9022001000827001,-2900,3
12,1,9022001000830001,-67,3
12,1,9022001000840001,290,2
12,1,9022001000902001,194,1
12,1,9022001000903001,110,1
12,1,9022001000907001,126,1
12,1,9022001000955001,56,1
122,0,9022001010346001,189,5
122,0,9022001010357002,-183,8
122,0,9022001010411002,306,5
122,0,9022001012023001,128,12
122,0,9022001012109001,894,12
122,0,9022001012111001,726,12
122,0,9022001012113001,745,12
122,0,9022001012115001,318,12
122,0,9022001012117001,376,12
122,0,9022001012119001,282,12
122,0,9022001012121001,-286,12
122,0,9022001012125001,-373,12
122,0,9022001012129001,-414,12
122,0,9022001012138009,-1533,12
122,0,9022001012175002,412,7
122,0,9022001012504001,194,5
122,0,9022001012557002,478,12
122,0,9022001050051003,489,11
122,0,9022001050121003,251,5
122,0,9022001050125002,181,5
122,0,9022001050126002,631,6
122,0,9022001050224002,157,5
122,0,9022001050226003,142,5
122,0,9022001050231002,99,5
122,0,9022001050237001,476,9
122,0,9022001050240002,1156,12
122,0,9022001050241001,-627,12
122,0,9022001050242002,155,12
122,0,9022001050289001,66,5
122,0,9022001050291001,3,5
122,1,9022001010315002,-4265,11
122,1,9022001010346003,-1736,11
122,1,9022001012023002,1274,8
122,1,9022001012111002,899,8
122,1,9022001012113002,896,8
122,1,9022001012115002,979,8
122,1,9022001012117002,1488,8
122,1,9022001012119002,1422,8
122,1,9022001012121002,1531,8
122,1,9022001012125002,1337,8
122,1,9022001012129002,1298,6
122,1,9022001012138004,-1033,8
122,1,9022001012175001,350,9
122,1,9022001012504002,-8,11
122,1,9022001012557001,1083,8
122,1,9022001050051002,1099,9
122,1,9022001050121005,-384,10
122,1,9022001050125001,-250,10
122,1,9022001050126001,31,9
122,1,9022001050137001,201,9
122,1,9022001050224001,-992,11
122,1,9022001050226001,-741,11
122,1,9022001050231001,-141,11
122,1,9022001050237002,495,9
122,1,9022001050240001,1078,9
122,1,9022001050241002,709,8
122,1,9022001050242001,1211,8
122,1,9022001050289002,-612,11
122,1,9022001050291002,-110,11
124,0,9022001012001001,-2122,21
124,0,9022001012003002,-273,21
124,0,9022001012005002,-91,21
124,0,9022001012007002,1,21
124,0,9022001012009002,-51,21
124,0,9022001012011002,331,21
124,0,9022001012013002,484,21
124,0,9022001012015002,1374,20
124,0,9022001012017002,1792,20
124,0,9022001012019002,2167,20
124,0,9022001012022001,2844,20
124,0,9022001012025006,-10613,69
124,1,9022001012001001,-4380,51
124,1,9022001012003001,354,17
124,1,9022001012005001,249,17
124,1,9022001012007001,267,17
124,1,9022001012009001,450,18
124,1,9022001012011001,247,18
124,1,9022001012013001,161,18
124,1,9022001012015001,-342,19
124,1,9022001012017001,-774,19
124,1,9022001012019001,-1070,19
124,1,9022001012025006,-3340,19
127,0,9022001012201001,-4941,66
127,0,9022001012204002,-241,57
127,0,9022001012207001,-422,71
127,0,9022001012209001,-444,71
127,0,9022001012211001,-127,71
127,0,9022001012213001,-1385,71
127,0,9022001012215001,-5245,71
127,0,9022001012217006,-13892,70
127,1,9022001012201001,-2899,28
127,1,9022001012204001,-552,28
127,1,9022001012207002,-644,28
127,1,9022001012209002,-458,28
127,1,9022001012211002,-465,28
127,1,9022001012213002,155,28
127,1,9022001012215002,1032,27
127,1,9022001012217010,-7135,76
129,0,9022001012035002,465,54
129,0,9022001012037003,737,54
129,0,9022001012041002,2791,54
129,0,9022001012105002,4767,53
129,0,9022001012107002,4225,53
129,0,9022001012175002,8878,47
129,0,9022001012217006,-10055,54
129,0,9022001012219002,-2574,54
129,0,9022001012221002,-1798,54
129,0,9022001012223002,204,54
129,0,9022001012504001,6149,36
129,0,9022001012506004,-2269,66
129,0,9022001012557002,6492,49
129,0,9022001050051003,9617,48
129,0,9022001050121003,7451,47
129,0,9022001050125002,7578,47
129,0,9022001050126002,7800,47
129,0,9022001050130002,8441,47
129,0,9022001050132002,8199,47
129,0,9022001050134002,8196,47
129,0,9022001050231002,4499,24
129,0,9022001050237001,8873,47
129,0,9022001050240002,9654,48
129,0,9022001050241001,5572,48
129,0,9022001050242002,5897,48
129,1,9022001012035001,-977,27
129,1,9022001012037001,209,30
129,1,9022001012039001,400,31
129,1,9022001012041001,340,33
129,1,9022001012105001,957,38
129,1,9022001012107001,55,39
129,1,9022001012175001,-433,44
129,1,9022001012217004,-13969,65
129,1,9022001012219001,-2358,11
129,1,9022001012221001,-2402,11
129,1,9022001012223001,-2214,18
129,1,9022001012504002,-5845,45
129,1,9022001012506011,-14365,44
129,1,9022001012557001,2646,41
129,1,9022001050051002,1897,42
129,1,9022001050121005,-5102,45
129,1,9022001050125001,-4173,45
129,1,9022001050126001,-3408,45
129,1,9022001050130002,-906,44
129,1,9022001050132002,-2116,44
129,1,9022001050134002,-3138,44
129,1,9022001050137001,-2923,45
129,1,9022001050231001,-7009,45
129,1,9022001050237002,-35,43
129,1,9022001050240001,2074,42
129,1,9022001050241002,1297,42
129,1,9022001050242001,2999,41
13,0,9022001000135001,817,7
13,0,9022001000136001,1235,7
13,0,9022001000137001,1389,7
13,0,9022001000138001,1113,7
13,0,9022001000139001,1113,7
13,0,9022001000141001,413,7
13,0,9022001000142001,942,7
13,0,9022001000143001,698,6
13,0,9022001000144001,793,6
13,0,9022001000145001,396,6
13,0,9022001000146001,-503,9
13,0,9022001000147001,-1189,9
13,0,9022001000149001,197,9
13,0,9022001000151001,957,12
13,0,9022001000152001,422,12
13,0,9022001000153001,-4794,11
13,0,9022001000154001,-1012,9
13,0,9022001000155001,-972,9
13,0,9022001000156001,-1627,9
13,0,9022001000157001,-192,8
13,0,9022001000158001,262,9
13,0,9022001000159001,40,9
13,0,9022001000160001,45,7
13,0,9022001000161001,-604,7
13,0,9022001000162001,413,12
13,0,9022001000163001,155,10
13,0,9022001000166001,-715,7
13,0,9022001000185001,311,1
13,0,9022001000187001,-3342,12
13,0,9022001000301001,-1507,16
13,0,9022001000306001,-4759,16
13,0,9022001000401005,-93,3
13,0,9022001000401006,-2184,10
13,0,9022001000402001,954,10
13,0,9022001000403001,424,10
13,0,9022001000404001,721,6
13,0,9022001000407001,72,6
13,0,9022001000408001,272,13
13,0,9022001000409001,511,6
13,0,9022001000410001,-149,3
13,0,9022001000411001,-29,3
13,0,9022001000428001,758,7
13,0,9022001000430001,733,7
13,0,9022001000431001,439,7
13,0,9022001000432001,366,6
13,0,9022001000825001,-1200,2
13,0,9022001000826001,-849,6
13,0,9022001000827001,-2165,6
13,0,9022001000840001,255,1
13,0,9022001000902001,-656,15
13,0,9022001000903001,878,14
13,0,9022001000904001,166,3
13,0,9022001000905001,91,3
13,0,9022001000907001,-50,3
13,0,9022001000952001,-260,4
13,0,9022001000955001,-834,14
13,0,9022001001011004,-14266,358
13,0,9022001001021004,-10951,358
13,0,9022001001051004,-10650,354
13,0,9022001002101002,-7261,349
13,0,9022001002111002,-9824,332
13,0,9022001002121002,-12030,309
13,0,9022001002131002,-179363,337
13,0,9022001002221002,-119,2
13,0,9022001002511002,-15324,376
13,0,9022001002521002,-13026,387
13,0,9022001002531002,-11397,387
13,0,9022001002601004,-16577,395
13,0,9022001002611002,-13437,406
13,0,9022001002621002,-13050,411
13,0,9022001002631002,-13917,431
13,0,9022001002641002,-14488,415
13,0,9022001002651002,-15455,417
13,0,9022001002701002,-12394,416
13,0,9022001002701003,-106,3
13,0,9022001002711002,-14074,419
13,0,9022001002721002,-12891,432
13,0,9022001002731002,-15769,447
13,0,9022001002741002,-14419,447
13,0,9022001002751002,-16200,447
13,0,9022001002761002,-16936,444
13,0,9022001002761003,-147,3
13,0,9022001002771002,-15046,443
13,0,9022001002781001,-19545,442
13,0,9022001002781002,-62,1
13,1,9022001000130001,-409,1
13,1,9022001000135001,717,2
13,1,9022001000136001,717,2
13,1,9022001000137001,717,2
13,1,9022001000138001,728,2
13,1,9022001000139001,698,2
13,1,9022001000141001,205,2
13,1,9022001000142001,252,2
13,1,9022001000143001,189,2
13,1,9022001000144001,198,2
13,1,9022001000145001,728,2
13,1,9022001000146001,824,5
13,1,9022001000147001,491,7
13,1,9022001000149001,1011,5
13,1,9022001000151001,886,12
13,1,9022001000152001,1497,12
13,1,9022001000153001,403,13
13,1,9022001000154001,-269,12
13,1,9022001000155001,180,13
13,1,9022001000156001,-1594,13
13,1,9022001000157001,-519,13
13,1,9022001000158001,-457,13
13,1,9022001000159001,-379,13
13,1,9022001000160001,-1334,12
13,1,9022001000161001,-69,13
13,1,9022001000162001,1609,10
13,1,9022001000163001,1175,7
13,1,9022001000166001,89,2
13,1,9022001000185001,-645,3
13,1,9022001000187001,-2132,11
13,1,9022001000301002,-751,1
13,1,9022001000301003,-600,1
13,1,9022001000301004,-599,1
13,1,9022001000301010,-638,1
13,1,9022001000306001,113,1
13,1,9022001000401004,443,3
13,1,9022001000401005,-306,2
13,1,9022001000402001,481,2
13,1,9022001000403001,383,3
13,1,9022001000404001,260,1
13,1,9022001000407001,513,3
13,1,9022001000408001,419,4
13,1,9022001000409001,531,3
13,1,9022001000410001,418,2
13,1,9022001000411001,-50,1
13,1,9022001000428001,384,4
13,1,9022001000430001,387,4
13,1,9022001000431001,443,4
13,1,9022001000432001,374,3
13,1,9022001000824001,-4190,10
13,1,9022001000825001,-5518,10
13,1,9022001000826001,-903,13
13,1,9022001000827001,-4176,16
13,1,9022001000840001,-254,6
13,1,9022001000902001,98,1
13,1,9022001000903001,136,1
13,1,9022001000904001,214,1
13,1,9022001000907001,214,1
13,1,9022001000955001,204,3
13,1,9022001001011003,-14290,411
13,1,9022001001021003,-17132,413
13,1,9022001001051001,-15115,413
13,1,9022001002101001,-14535,413
13,1,9022001002111001,-14077,413
13,1,9022001002121001,-16964,413
13,1,9022001002131001,-54,2
13,1,9022001002131002,-7488,407
13,1,9022001002511001,-9167,404
13,1,9022001002521001,-10731,401
13,1,9022001002531001,-8504,401
13,1,9022001002601001,-10022,384
13,1,9022001002601003,-242,4
13,1,9022001002611001,-13200,362
13,1,9022001002621001,-12299,362
13,1,9022001002631001,-16082,366
13,1,9022001002641001,-15981,354
13,1,9022001002651001,-13711,351
13,1,9022001002701001,-14387,327
13,1,9022001002701004,-1402,3
13,1,9022001002711001,-11696,323
13,1,9022001002721001,-12723,321
13,1,9022001002731001,-11975,309
13,1,9022001002741001,-10458,294
13,1,9022001002751001,-9495,278
13,1,9022001002761001,-9739,273
13,1,9022001002771001,-9306,269
13,1,9022001002781001,-195997,319
133,0,9022001013086005,768,81
133,0,9022001014059002,1178,81
133,0,9022001014061002,970,81
133,0,9022001014063002,167,81
133,0,9022001014066001,-9501,123
133,0,9022001014068001,333,81
133,0,9022001014131020,-8588,81
133,1,9022001013086004,1885,102
133,1,9022001014059001,2456,102
133,1,9022001014061001,-475,104
133,1,9022001014063001,1503,102
133,1,9022001014066002,-9220,104
133,1,9022001014068002,4610,99
133,1,9022001014131009,1469,67
134,0,9022001013169001,3056,167
134,0,9022001013171001,3650,167
134,0,9022001013173001,3614,167
134,0,9022001013175001,4180,166
134,0,9022001013178001,-12289,167
134,0,9022001013179001,12093,141
134,0,9022001013235002,4661,163
134,0,9022001013235004,10343,162
134,0,9022001013769002,8136,166
134,0,9022001013905001,20454,133
134,0,9022001013907001,19708,137
134,0,9022001014131012,7210,120
134,1,9022001013169002,12214,131
134,1,9022001013171002,11141,130
134,1,9022001013173002,9706,125
134,1,9022001013178001,-6778,156
134,1,9022001013179002,72,139
134,1,9022001013182001,7941,122
134,1,9022001013235006,8766,138
134,1,9022001013769003,14341,137
134,1,9022001013905002,-4891,140
134,1,9022001013907002,-4476,140
134,1,9022001014131002,-25998,140
135,0,9022001012905001,3336,28
135,0,9022001013251001,-3924,28
135,0,9022001013253002,-999,28
135,0,9022001013255002,1020,28
135,0,9022001013257002,3239,28
135,0,9022001013259002,3337,28
135,0,9022001013261002,3295,28
135,0,9022001013273002,2856,28
135,0,9022001013275002,2914,28
135,0,9022001013277002,2451,28
135,0,9022001013279002,2343,28
135,0,9022001013281002,1993,27
135,0,9022001013283002,2190,27
135,0,9022001013285002,2263,27
135,0,9022001013287002,2365,26
135,0,9022001013289002,2267,26
135,0,9022001013291002,2064,26
135,0,9022001013293002,983,25
135,0,9022001013295002,1101,24
135,0,9022001013297002,1132,23
135,0,9022001013299002,1227,23
135,0,9022001013302001,1120,23
135,0,9022001013304001,127,13
135,0,9022001013306001,-142,10
135,0,9022001013308001,-272,9
135,0,9022001013310001,-383,6
135,0,9022001013469002,-295,6
135,0,9022001013471002,-124,6
135,0,9022001013474001,-179,6
135,0,9022001013476001,-13248,48
135,0,9022001013861002,-409,26
135,0,9022001013863002,1157,25
135,0,9022001070320005,585,18
135,0,9022001070393001,210,15
135,1,9022001012905002,3433,27
135,1,9022001013251001,-741,44
135,1,9022001013253001,2870,25
135,1,9022001013255001,2832,25
135,1,9022001013257001,3470,25
135,1,9022001013259001,3282,25
135,1,9022001013261001,3247,26
135,1,9022001013273001,3665,26
135,1,9022001013275001,3549,27
135,1,9022001013277001,3319,27
135,1,9022001013279001,3816,27
135,1,9022001013281001,4210,28
135,1,9022001013283001,3952,28
135,1,9022001013285001,3835,28
135,1,9022001013287001,3348,28
135,1,9022001013289001,3470,28
135,1,9022001013291001,3535,28
135,1,9022001013293001,3118,29
135,1,9022001013295001,2892,29
135,1,9022001013297001,2788,29
135,1,9022001013299001,3241,30
135,1,9022001013302002,3555,31
135,1,9022001013304002,3809,41
135,1,9022001013306002,3655,40
135,1,9022001013308002,2887,41
135,1,9022001013310002,2084,41
135,1,9022001013469001,520,41
135,1,9022001013471001,1051,41
135,1,9022001013474002,-2525,41
135,1,9022001013476001,347,41
135,1,9022001013861004,1562,29
135,1,9022001013863001,2939,29
135,1,9022001070320002,3967,38
14,0,9022001000128001,746,6
14,0,9022001000130001,182,5
14,0,9022001000135001,1365,3
14,0,9022001000136001,1488,3
14,0,9022001000137001,1524,3
14,0,9022001000138001,1588,3
14,0,9022001000139001,1539,3
14,0,9022001000141001,1170,3
14,0,9022001000142001,1721,3
14,0,9022001000143001,1710,3
14,0,9022001000144001,1846,3
14,0,9022001000145001,1186,2
14,0,9022001000146001,-356,3
14,0,9022001000147001,-619,9
14,0,9022001000149001,915,9
14,0,9022001000163001,-1602,9
14,0,9022001000164001,-1238,6
14,0,9022001000165001,-2386,7
14,0,9022001000166001,-218,1
14,0,9022001000168001,-6419,17
14,0,9022001000169001,-350,17
14,0,9022001000170001,2845,17
14,0,9022001000171001,1045,16
14,0,9022001000172001,518,16
14,0,9022001000173001,-1354,14
14,0,9022001000174001,728,14
14,0,9022001000175001,1183,13
14,0,9022001000176001,-78,12
14,0,9022001000177001,2283,10
14,0,9022001000178001,982,9
14,0,9022001000179001,1519,11
14,0,9022001000180001,-660,9
14,0,9022001000181001,1473,9
14,0,9022001000182001,1265,6
14,0,9022001000183001,-3126,11
14,0,9022001000184001,-510,3
14,0,9022001000187001,-1928,3
14,0,9022001000188001,-270,15
14,0,9022001000193001,617,12
14,0,9022001000301001,1049,12
14,0,9022001000306001,-1177,12
14,0,9022001000401005,572,3
14,0,9022001000401006,25,8
14,0,9022001000402001,1616,3
14,0,9022001000403001,1357,3
14,0,9022001000405001,315,5
14,0,9022001000406001,824,6
14,0,9022001000407001,1659,6
14,0,9022001000408001,244,8
14,0,9022001000430001,1270,3
14,0,9022001000431001,920,3
14,0,9022001000432001,2301,7
14,0,9022001000902001,758,8
14,0,9022001000903001,2000,12
14,0,9022001000904001,652,4
14,0,9022001000905001,288,5
14,0,9022001000952001,2076,8
14,0,9022001000955001,1305,12
14,0,9022001001011004,-16732,513
14,0,9022001001021004,-11474,501
14,0,9022001001051004,-10448,495
14,0,9022001002101002,-5789,478
14,0,9022001002211002,-7546,468
14,0,9022001002221002,-6379,467
14,0,9022001002231002,-7624,447
14,0,9022001002241002,-18110,433
14,0,9022001002251002,-16214,406
14,0,9022001002301002,-158935,435
14,0,9022001002511002,-19417,518
14,0,9022001002521002,-16769,519
14,0,9022001002531002,-15342,532
14,0,9022001002601004,-16049,402
14,0,9022001002601005,-4912,134
14,0,9022001002811002,-11963,403
14,0,9022001002821002,-10153,403
14,0,9022001002831002,-9405,381
14,0,9022001002841002,-8727,381
14,0,9022001002851001,-10207,377
14,0,9022001002851002,-69,3
14,1,9022001000135001,649,2
14,1,9022001000136001,593,2
14,1,9022001000137001,553,2
14,1,9022001000138001,617,2
14,1,9022001000139001,631,2
14,1,9022001000141001,663,2
14,1,9022001000142001,744,2
14,1,9022001000143001,646,2
14,1,9022001000144001,728,2
14,1,9022001000145001,735,2
14,1,9022001000146001,328,2
14,1,9022001000147001,1565,4
14,1,9022001000149001,410,2
14,1,9022001000163001,1000,2
14,1,9022001000164001,287,1
14,1,9022001000165001,123,1
14,1,9022001000168001,-2091,11
14,1,9022001000169001,1478,7
14,1,9022001000170001,1326,5
14,1,9022001000171001,1014,5
14,1,9022001000172001,1190,5
14,1,9022001000173001,970,5
14,1,9022001000174001,455,5
14,1,9022001000175001,1450,6
14,1,9022001000176001,1670,6
14,1,9022001000177001,-656,9
14,1,9022001000178001,-2434,11
14,1,9022001000179001,-1178,12
14,1,9022001000180001,-665,13
14,1,9022001000181001,-404,13
14,1,9022001000182001,-1464,13
14,1,9022001000183001,-2133,15
14,1,9022001000184001,15510,11
14,1,9022001000187001,-1108,3
14,1,9022001000188001,1286,5
14,1,9022001000193001,2015,6
14,1,9022001000301005,-1244,2
14,1,9022001000301009,-1190,2
14,1,9022001000401004,225,2
14,1,9022001000403001,819,1
14,1,9022001000404001,98,1
14,1,9022001000408001,553,2
14,1,9022001000426001,85,1
14,1,9022001000427001,353,2
14,1,9022001000428001,70,1
14,1,9022001000432001,672,1
14,1,9022001000902001,215,1
14,1,9022001000903001,111,1
14,1,9022001000904001,155,1
14,1,9022001000905001,172,1
14,1,9022001000952001,277,1
14,1,9022001000955001,25,1
14,1,9022001001011003,-11022,383
14,1,9022001001021003,-15403,401
14,1,9022001001051001,-13750,401
14,1,9022001002101001,-13047,414
14,1,9022001002211001,-13944,424
14,1,9022001002221001,-15774,424
14,1,9022001002231001,-17137,424
14,1,9022001002241001,-15991,424
14,1,9022001002251001,-18823,424
14,1,9022001002301001,-96,3
14,1,9022001002301002,-8378,421
14,1,9022001002511001,-5763,365
14,1,9022001002521001,-6884,360
14,1,9022001002531001,-4174,339
14,1,9022001002601003,-24374,425
14,1,9022001002811001,-8004,316
14,1,9022001002821001,-8151,329
14,1,9022001002831001,-10790,305
14,1,9022001002841001,-10344,289
14,1,9022001002851001,-164823,310
141,0,9022001012911002,2091,24
141,0,9022001013065005,-2469,57
141,0,9022001013191001,192,7
141,0,9022001013193001,409,9
141,0,9022001013235003,-3922,28
141,0,9022001013352001,-40,24
141,0,9022001013357002,2335,24
141,0,9022001013359002,2424,24
141,0,9022001013361002,2371,24
141,0,9022001013363002,2504,24
141,0,9022001013365002,2519,24
141,0,9022001013367002,2812,24
141,0,9022001013369002,2922,24
141,0,9022001013373002,2172,24
141,0,9022001013375002,1950,19
141,0,9022001013379002,216,11
141,0,9022001013391002,2111,24
141,0,9022001013769002,156,8
141,0,9022001013881001,-51,10
141,0,9022001014029001,35,10
141,0,9022001014033003,524,10
141,1,9022001012911001,764,40
141,1,9022001013065003,-1014,18
141,1,9022001013065004,-3149,23
141,1,9022001013191002,281,21
141,1,9022001013193002,781,21
141,1,9022001013235004,-2112,21
141,1,9022001013352001,-3759,53
141,1,9022001013355001,1002,32
141,1,9022001013357001,661,32
141,1,9022001013359001,832,34
141,1,9022001013361001,1142,37
141,1,9022001013363001,655,39
141,1,9022001013365001,670,39
141,1,9022001013367001,198,39
141,1,9022001013369001,129,39
141,1,9022001013373001,1137,40
141,1,9022001013375001,65,40
141,1,9022001013379001,1244,18
141,1,9022001013391001,620,40
141,1,9022001013417001,1009,32
141,1,9022001013769001,331,21
141,1,9022001013881002,1820,20
141,1,9022001014029002,750,20
141,1,9022001014033004,221,20
142,0,9022001013051008,3611,153
142,0,9022001013065004,-864,45
142,0,9022001013379002,2012,45
142,0,9022001013381002,2023,45
142,0,9022001013383002,1653,45
142,0,9022001013385002,2144,45
142,0,9022001013387002,2419,45
142,0,9022001013389002,2157,45
142,0,9022001013395002,2122,45
142,0,9022001013441002,2413,43
142,1,9022001013051002,-1414,26
142,1,9022001013065004,-10242,137
142,1,9022001013379001,1167,25
142,1,9022001013381001,1294,26
142,1,9022001013383001,1664,26
142,1,9022001013385001,1493,26
142,1,9022001013387001,1366,26
142,1,9022001013389001,1384,26
142,1,9022001013395001,1192,26
142,1,9022001013441001,731,25
143,0,9022001013051004,-5309,86
143,0,9022001013313002,2723,38
143,0,9022001013316001,8748,82
143,0,9022001013317002,9476,84
143,0,9022001013319001,2174,38
143,0,9022001013319002,2919,37
143,0,9022001013321001,4438,76
143,0,9022001013323002,2875,69
143,0,9022001013325002,-1744,107
143,0,9022001013327002,1979,57
143,0,9022001013330001,4004,56
143,0,9022001013335002,5439,76
143,0,9022001013338005,-622,80
143,0,9022001013342003,3617,54
143,0,9022001013491001,8590,82
143,0,9022001013493001,8162,82
143,0,9022001013495001,7006,80
143,0,9022001013605002,2782,31
143,0,9022001013607002,2862,31
143,0,9022001013609002,2808,31
143,0,9022001013611002,2733,30
143,0,9022001013613002,2525,30
143,0,9022001013615002,1975,30
143,0,9022001013617002,1591,28
143,0,9022001013619002,1123,27
143,0,9022001013621002,1086,27
143,0,9022001013624003,-85,33
143,0,9022001013903002,1711,57
143,0,9022001070843002,3565,57
143,0,9022001070849002,2839,55
143,0,9022001070853002,2861,54
143,1,9022001013051006,-1834,133
143,1,9022001013313001,1708,13
143,1,9022001013315001,4380,41
143,1,9022001013317001,3252,40
143,1,9022001013319001,1517,13
143,1,9022001013321004,4760,52
143,1,9022001013323001,6408,52
143,1,9022001013325003,2453,52
143,1,9022001013327001,3648,33
143,1,9022001013330002,4780,36
143,1,9022001013335001,5568,52
143,1,9022001013338004,625,40
143,1,9022001013342002,3269,39
143,1,9022001013491002,4955,41
143,1,9022001013493002,5666,44
143,1,9022001013495002,7060,50
143,1,9022001013605001,1366,21
143,1,9022001013607001,777,21
143,1,9022001013609001,625,21
143,1,9022001013611001,386,21
143,1,9022001013613001,286,21
143,1,9022001013615001,133,21
143,1,9022001013617001,229,21
143,1,9022001013619001,158,21
143,1,9022001013621001,-292,21
143,1,9022001013624001,-2657,21
143,1,9022001070843001,3453,33
143,1,9022001070849001,4445,38
143,1,9022001070853001,2565,39
144,0,9022001011722003,5116,56
144,0,9022001011725003,-4193,223
144,0,9022001013051005,6655,82
144,0,9022001013219002,5419,57
144,0,9022001013352003,15709,81
144,0,9022001013401001,-1130,81
144,0,9022001013403002,6769,81
144,0,9022001013405002,9393,81
144,0,9022001013407002,10769,81
144,0,9022001013409002,11566,81
144,0,9022001013411002,12427,81
144,0,9022001013413002,14102,81
144,0,9022001013417002,21241,81
144,0,9022001013419002,20947,81
144,0,9022001013421002,20686,79
144,0,9022001013423002,19474,77
144,0,9022001013425002,15554,67
144,0,9022001013427002,14141,64
144,0,9022001013429002,11971,61
144,0,9022001013431002,12553,61
144,0,9022001013433002,11522,61
144,0,9022001013440001,12327,61
144,0,9022001013441001,10064,82
144,0,9022001013443002,11426,76
144,0,9022001013445002,11608,73
144,0,9022001013447002,11359,73
144,0,9022001013449002,11291,71
144,0,9022001013451002,12858,68
144,0,9022001013453001,13531,80
144,0,9022001013455002,7057,57
144,0,9022001013457002,15916,67
144,0,9022001013465002,8005,59
144,0,9022001013467002,10250,63
144,1,9022001011722002,7137,85
144,1,9022001011725005,-5028,85
144,1,9022001013051009,9554,133
144,1,9022001013219001,7984,85
144,1,9022001013352002,3978,18
144,1,9022001013401001,-16998,116
144,1,9022001013403001,3285,17
144,1,9022001013405001,3522,17
144,1,9022001013407001,3640,17
144,1,9022001013409001,3772,17
144,1,9022001013411001,3763,17
144,1,9022001013413001,4024,17
144,1,9022001013417001,4099,19
144,1,9022001013419001,4312,20
144,1,9022001013421001,5061,26
144,1,9022001013423001,6058,32
144,1,9022001013425001,7314,41
144,1,9022001013427001,9059,52
144,1,9022001013429001,9631,53
144,1,9022001013431001,9964,55
144,1,9022001013433001,10098,56
144,1,9022001013441002,10539,60
144,1,9022001013443001,11784,70
144,1,9022001013445001,12441,73
144,1,9022001013447001,12286,77
144,1,9022001013449001,12701,77
144,1,9022001013451001,11055,82
144,1,9022001013453002,9652,60
144,1,9022001013455001,8466,85
144,1,9022001013457001,8509,49
144,1,9022001013465001,9435,85
144,1,9022001013467001,11128,84
147,0,9022001012911003,-8239,88
147,0,9022001013069002,2268,85
147,0,9022001013397001,5823,78
147,0,9022001013507001,3322,86
147,0,9022001013509001,2751,86
147,0,9022001013511001,2007,86
147,0,9022001013513001,1794,86
147,0,9022001013515001,1050,86
147,0,9022001013517001,983,86
147,0,9022001013519001,983,86
147,0,9022001013521001,42,85
147,0,9022001014131007,12549,174
147,1,9022001012911003,-16264,155
147,1,9022001013069001,4863,91
147,1,9022001013397002,-270,91
147,1,9022001013505002,7935,91
147,1,9022001013509002,6394,90
147,1,9022001013511002,5994,91
147,1,9022001013513002,5109,91
147,1,9022001013515002,4131,91
147,1,9022001013517002,2395,91
147,1,9022001013521002,3601,90
147,1,9022001014131002,-12732,91
152,0,9022001012504002,16,15
152,0,9022001012506002,-1099,15
152,0,9022001013086004,2386,13
152,0,9022001014068002,2306,13
152,0,9022001014131006,130,10
152,0,9022001050163001,-1190,15
152,0,9022001050231001,300,15
152,1,9022001012504001,1971,8
152,1,9022001012506002,-1490,22
152,1,9022001013086005,24,11
152,1,9022001014068001,310,11
152,1,9022001014131020,-1337,11
152,1,9022001050144003,617,5
152,1,9022001050163001,2574,9
152,1,9022001050195001,474,5
152,1,9022001050226003,721,5
152,1,9022001050231002,1759,8
152,1,9022001050289001,852,6
152,1,9022001050291001,1183,8
155,0,9022001012191001,597,11
155,0,9022001012193003,373,11
155,0,9022001012195001,798,11
155,0,9022001012197001,890,11
155,0,9022001012217006,-3712,17
155,0,9022001012219002,-1559,17
155,0,9022001012221002,-1394,17
155,0,9022001012223002,-1124,17
155,0,9022001012227002,-2624,17
155,0,9022001012533002,459,15
155,0,9022001012537002,879,15
155,0,9022001012563002,1217,14
155,0,9022001050565001,605,10
155,0,9022001050567001,581,11
155,0,9022001050571002,392,11
155,0,9022001050585001,501,9
155,0,9022001051054001,576,15
155,0,9022001051464003,-513,10
155,0,9022001051482001,240,12
155,0,9022001055060001,513,11
155,0,9022001055062001,430,11
155,1,9022001012035001,296,2
155,1,9022001012037001,473,3
155,1,9022001012039001,477,3
155,1,9022001012041001,458,3
155,1,9022001012183002,493,3
155,1,9022001012191002,554,8
155,1,9022001012193002,888,8
155,1,9022001012195002,674,8
155,1,9022001012217001,-1071,9
155,1,9022001012221001,173,1
155,1,9022001012223001,145,1
155,1,9022001012227001,612,3
155,1,9022001012229001,529,3
155,1,9022001012533001,23,5
155,1,9022001012537001,159,3
155,1,9022001012563001,225,6
155,1,9022001050565002,-184,8
155,1,9022001050567002,-112,8
155,1,9022001050571001,965,7
155,1,9022001050585002,-399,8
155,1,9022001051054002,371,5
155,1,9022001051464003,-1385,8
155,1,9022001051482002,608,7
155,1,9022001055060002,961,7
155,1,9022001055062002,728,8
155X,0,9022001012217006,-1795,9
155X,0,9022001012219002,-297,9
155X,0,9022001012221002,-198,9
155X,0,9022001012223002,27,9
155X,0,9022001012227002,-770,9
155X,0,9022001012533002,102,7
155X,0,9022001012537002,274,7
155X,0,9022001012563002,547,7
155X,0,9022001050579005,243,7
155X,0,9022001051054001,109,7
155X,0,9022001051464003,-1518,9
155X,0,9022001051466002,263,7
155X,0,9022001051468002,253,7
155X,0,9022001051470002,332,7
155X,0,9022001051472002,364,7
155X,0,9022001051474002,421,7
155X,0,9022001051476002,437,7
155X,1,9022001012035001,511,4
155X,1,9022001012037001,594,4
155X,1,9022001012039001,603,4
155X,1,9022001012041001,548,4
155X,1,9022001012183002,667,4
155X,1,9022001012217001,-490,6
155X,1,9022001012219001,167,3
155X,1,9022001012221001,210,3
155X,1,9022001012223001,312,4
155X,1,9022001012227001,726,4
155X,1,9022001012229001,684,4
155X,1,9022001012533001,-104,4
155X,1,9022001012537001,209,4
155X,1,9022001012563001,455,5
155X,1,9022001050579002,364,5
155X,1,9022001051054002,197,4
155X,1,9022001051464003,-737,5
155X,1,9022001051466001,-227,5
155X,1,9022001051468001,74,4
155X,1,9022001051470001,99,5
155X,1,9022001051472001,249,5
155X,1,9022001051474001,323,5
155X,1,9022001051476001,447,5
156,0,9022001050012001,299,5
156,0,9022001050013005,-39,5
156,0,9022001050051004,3,1
156,0,9022001050053004,-1020,13
156,0,9022001050146003,34,3
156,0,9022001050148001,126,3
156,0,9022001050197001,239,3
156,0,9022001050297001,276,3
156,0,9022001050348002,229,3
156,0,9022001050350002,225,3
156,0,9022001050366005,-1073,5
156,0,9022001050388002,-401,5
156,0,9022001050403002,280,3
156,0,9022001050405002,298,3
156,0,9022001050407002,257,3
156,0,9022001050409002,231,3
156,0,9022001069019001,-534,5
156,1,9022001050012002,192,4
156,1,9022001050013002,147,3
156,1,9022001050051001,32,5
156,1,9022001050053003,-379,5
156,1,9022001050146002,101,4
156,1,9022001050148003,331,4
156,1,9022001050197002,139,5
156,1,9022001050297002,86,5
156,1,9022001050348001,96,4
156,1,9022001050350003,148,4
156,1,9022001050366001,-967,7
156,1,9022001050388001,214,3
156,1,9022001050403001,200,5
156,1,9022001050405001,179,5
156,1,9022001050407001,88,5
156,1,9022001050409001,120,5
156,1,9022001069019002,13,1
157,0,9022001012023001,2226,25
157,0,9022001012125001,1319,25
157,0,9022001012129001,1532,26
157,0,9022001012138012,-1088,26
157,0,9022001012248002,1140,21
157,0,9022001012252002,-300,21
157,0,9022001012289001,1323,21
157,0,9022001012293001,428,21
157,0,9022001012299001,1259,21
157,0,9022001012302001,-1158,21
157,0,9022001012533002,2902,24
157,0,9022001012540003,3242,24
157,0,9022001050016002,398,13
157,0,9022001050186001,803,13
157,0,9022001050270001,2023,19
157,0,9022001050366012,-3271,36
157,0,9022001050388001,426,12
157,0,9022001051054001,3178,21
157,0,9022001051153002,3593,24
157,0,9022001051538001,-118,13
157,0,9022001052301001,843,13
157,0,9022001055001001,1550,17
157,0,9022001069019002,325,11
157,1,9022001012023002,870,34
157,1,9022001012125002,1295,34
157,1,9022001012129002,1820,34
157,1,9022001012138010,731,32
157,1,9022001012248001,826,21
157,1,9022001012252001,819,19
157,1,9022001012289002,549,23
157,1,9022001012293002,824,21
157,1,9022001012299002,529,23
157,1,9022001012302001,-2281,25
157,1,9022001012338002,1941,46
157,1,9022001012533001,-723,46
157,1,9022001012540004,602,38
157,1,9022001050016001,3242,51
157,1,9022001050186002,3861,51
157,1,9022001050270002,2826,48
157,1,9022001050366005,-6027,51
157,1,9022001050388002,-387,51
157,1,9022001051054002,1564,46
157,1,9022001051153001,731,41
157,1,9022001051538002,3400,50
157,1,9022001052301002,3576,51
157,1,9022001055001002,5102,49
157,1,9022001069019001,-2219,51
158,0,9022001012301001,-460,4
158,1,9022001012138005,62,3
158,1,9022001012301005,-468,5
158,1,9022001012308001,447,5
158,1,9022001012309002,462,5
158,1,9022001012311002,372,5
158,1,9022001012313002,327,4
158,1,9022001012315002,263,4
158,1,9022001012317002,230,4
158,1,9022001012320001,258,4
158,1,9022001012446001,119,5
158,1,9022001012458001,279,4
158,1,9022001012460001,270,4
158,1,9022001012489002,175,5
158,1,9022001012496003,-158,5
158,1,9022001012500001,122,5
158,1,9022001012587001,-461,5
159,0,9022001012138002,-2109,12
159,0,9022001012248002,-158,12
159,0,9022001012289001,-70,12
159,0,9022001012298001,-1057,12
159,0,9022001012299001,-76,12
159,0,9022001055039002,-269,12
159,1,9022001012138009,-1560,12
159,1,9022001012248001,-382,12
159,1,9022001012289002,-470,12
159,1,9022001012298001,-1499,14
159,1,9022001012299002,-495,12
159,1,9022001055039001,10,12
16,0,9022001000101001,-3185,11
16,0,9022001000102001,-1792,11
16,0,9022001000118001,-389,10
16,0,9022001000119001,-1280,10
16,0,9022001000120001,249,10
16,0,9022001000121001,830,9
16,0,9022001000122001,886,8
16,0,9022001000123001,2060,7
16,0,9022001000124001,1307,6
16,0,9022001000125001,-1874,9
16,0,9022001000126001,-26,1
16,0,9022001000127001,-1854,5
16,0,9022001000277001,119,3
16,0,9022001000279001,1932,7
16,1,9022001000101001,-5947,12
16,1,9022001000102001,289,2
16,1,9022001000118001,1002,4
16,1,9022001000119001,398,4
16,1,9022001000120001,1127,4
16,1,9022001000121001,961,4
16,1,9022001000122001,389,4
16,1,9022001000123001,269,5
16,1,9022001000124001,155,5
16,1,9022001000125001,-1303,7
16,1,9022001000126001,229,6
16,1,9022001000127001,63,8
16,1,9022001000277001,1446,7
16,1,9022001000279001,112,5
160,0,9022001011725024,-5704,288
160,0,9022001013105001,7228,79
160,0,9022001013107001,8280,84
160,0,9022001013109001,9415,85
160,0,9022001013111001,10434,85
160,0,9022001013117001,11351,85
160,0,9022001013124002,13160,85
160,0,9022001013126001,13173,85
160,0,9022001013213002,13960,85
160,0,9022001013215002,13075,85
160,0,9022001013235004,2553,86
160,1,9022001011725026,-122,75
160,1,9022001013105002,9680,75
160,1,9022001013109002,9639,75
160,1,9022001013111002,9300,75
160,1,9022001013117002,9440,75
160,1,9022001013124001,8604,70
160,1,9022001013126002,7385,72
160,1,9022001013213001,8164,74
160,1,9022001013215001,8132,74
160,1,9022001013235001,14239,277
161,0,9022001013001001,-9279,134
161,0,9022001013005003,14488,134
161,0,9022001013007002,14980,134
161,0,9022001013009002,15554,133
161,0,9022001013011002,16608,134
161,0,9022001013013002,17951,133
161,0,9022001013015002,17863,132
161,0,9022001013017002,19492,131
161,0,9022001013019002,22412,129
161,0,9022001013021002,19113,129
161,0,9022001013023002,23284,126
161,0,9022001013025002,22307,124
161,0,9022001013027002,21842,122
161,0,9022001013029002,22515,122
161,0,9022001013031002,20801,121
161,0,9022001013033002,19974,119
161,0,9022001013035002,21749,117
161,0,9022001013037002,14975,109
161,0,9022001013039002,18299,106
161,0,9022001013041002,16763,103
161,0,9022001013043002,14560,99
161,0,9022001013045002,13158,97
161,0,9022001013047002,11507,96
161,0,9022001013049002,8841,92
161,0,9022001013051002,2515,88
161,0,9022001013055002,7206,83
161,0,9022001013057002,6216,81
161,0,9022001013059002,6690,80
161,0,9022001013061002,17517,113
161,0,9022001013063002,4220,53
161,0,9022001013065002,3680,78
161,0,9022001013067002,6794,76
161,0,9022001013069002,4644,56
161,0,9022001013071002,5309,53
161,0,9022001013073002,5863,45
161,0,9022001013075002,5028,43
161,0,9022001013077002,4810,41
161,0,9022001013079002,4218,35
161,0,9022001013081002,17576,103
161,0,9022001013083002,20360,107
161,0,9022001013086004,3309,34
161,0,9022001013091002,9586,134
161,0,9022001013093002,11767,134
161,0,9022001013095002,13627,134
161,0,9022001013097002,14258,134
161,0,9022001013122001,8173,134
161,0,9022001013379001,8507,78
161,0,9022001013381001,9075,79
161,0,9022001013433001,6101,85
161,0,9022001013505001,5427,90
161,0,9022001014068002,2999,39
161,1,9022001013001001,-12370,106
161,1,9022001013003001,7841,64
161,1,9022001013005001,11601,68
161,1,9022001013007001,11803,68
161,1,9022001013009001,12815,70
161,1,9022001013011001,13913,73
161,1,9022001013013001,14817,75
161,1,9022001013015001,14823,75
161,1,9022001013017001,15444,76
161,1,9022001013019001,15058,76
161,1,9022001013021001,10914,78
161,1,9022001013023001,13663,80
161,1,9022001013025001,14646,82
161,1,9022001013027001,15200,82
161,1,9022001013029001,15090,82
161,1,9022001013031001,15365,84
161,1,9022001013033001,16517,86
161,1,9022001013035001,17684,91
161,1,9022001013037001,16852,97
161,1,9022001013039001,19436,100
161,1,9022001013041001,19584,105
161,1,9022001013043001,19495,107
161,1,9022001013045001,19672,109
161,1,9022001013047001,19787,110
161,1,9022001013049001,20227,110
161,1,9022001013051008,15243,119
161,1,9022001013055001,22601,123
161,1,9022001013057001,24253,126
161,1,9022001013059001,23611,127
161,1,9022001013061001,21977,95
161,1,9022001013063001,16928,100
161,1,9022001013065001,18565,129
161,1,9022001013067001,22633,130
161,1,9022001013069001,17450,93
161,1,9022001013071001,19278,97
161,1,9022001013073001,17697,100
161,1,9022001013075001,17221,100
161,1,9022001013077001,16122,100
161,1,9022001013079001,12043,100
161,1,9022001013081001,19196,105
161,1,9022001013083001,17772,98
161,1,9022001013086005,11140,100
161,1,9022001013091001,9289,65
161,1,9022001013093001,9613,66
161,1,9022001013095001,10191,67
161,1,9022001013097001,10755,67
161,1,9022001013122002,8958,65
161,1,9022001013147001,19902,113
161,1,9022001013379002,23166,129
161,1,9022001013381002,20655,129
161,1,9022001013433002,24160,122
161,1,9022001013505002,19480,132
161,1,9022001014068001,-1008,100
163,0,9022001013043002,15457,91
163,0,9022001013045002,14678,91
163,0,9022001013047002,13528,90
163,0,9022001013049002,12246,88
163,0,9022001013051002,6890,90
163,0,9022001013361001,7265,63
163,0,9022001013363001,7779,70
163,0,9022001013401003,6278,57
163,0,9022001013403001,8179,57
163,0,9022001013431003,10898,86
163,0,9022001013433001,12072,89
163,0,9022001013449001,14620,94
163,0,9022001013483001,8470,59
163,0,9022001013485001,6818,62
163,0,9022001013549004,-11916,109
163,0,9022001013551001,12284,109
163,0,9022001013553001,6708,109
163,0,9022001013555001,5147,109
163,0,9022001013559001,12114,109
163,0,9022001013751001,19661,107
163,0,9022001013801002,16980,103
163,0,9022001013803002,19514,101
163,0,9022001013805002,19021,99
163,0,9022001013807002,19758,99
163,0,9022001013809002,17636,94
163,0,9022001013811002,18000,94
163,0,9022001013815002,19361,108
163,0,9022001013829002,10053,81
163,0,9022001013831002,9216,78
163,0,9022001013833002,9050,72
163,0,9022001013835002,6559,52
163,0,9022001013851002,7306,52
163,0,9022001013855002,5851,44
163,0,9022001013857002,5775,42
163,0,9022001013859002,5556,40
163,0,9022001013861002,-2590,146
163,0,9022001013861004,-38,5
163,0,9022001013863001,-5,1
163,0,9022001013863002,-111,1
163,0,9022001013864001,-21,1
163,0,9022001013866001,5,1
163,0,9022001013868001,-4,1
163,0,9022001013874001,-29,1
163,0,9022001070712001,-22,1
163,0,9022001080153003,18244,109
163,1,9022001013043001,12124,91
163,1,9022001013045001,12185,92
163,1,9022001013047001,12142,92
163,1,9022001013049001,12644,94
163,1,9022001013051003,3961,120
163,1,9022001013147001,11822,94
163,1,9022001013361002,19431,116
163,1,9022001013363002,18935,113
163,1,9022001013401002,13814,129
163,1,9022001013403002,22537,129
163,1,9022001013433002,13775,106
163,1,9022001013440001,15639,106
163,1,9022001013449002,11320,87
163,1,9022001013483002,21193,123
163,1,9022001013485002,21892,119
163,1,9022001013549003,-9449,98
163,1,9022001013551002,4926,55
163,1,9022001013553002,3647,54
163,1,9022001013555002,3307,52
163,1,9022001013559002,4068,55
163,1,9022001013751002,7862,63
163,1,9022001013801001,6702,66
163,1,9022001013803001,7895,70
163,1,9022001013805001,7833,73
163,1,9022001013807001,7526,75
163,1,9022001013809001,8011,76
163,1,9022001013811001,8947,79
163,1,9022001013815001,7199,60
163,1,9022001013829001,15863,108
163,1,9022001013831001,16153,107
163,1,9022001013833001,16165,108
163,1,9022001013835001,18998,129
163,1,9022001013851001,19679,129
163,1,9022001013855001,16024,129
163,1,9022001013857001,14116,131
163,1,9022001013859001,12825,131
163,1,9022001013861002,313,12
163,1,9022001013861003,-255,120
163,1,9022001013861004,573,12
163,1,9022001013863001,1797,12
163,1,9022001013863002,-441,12
163,1,9022001013864001,1540,12
163,1,9022001013866001,1927,12
163,1,9022001013868001,1868,12
163,1,9022001013874001,1398,12
163,1,9022001070712001,1690,12
163,1,9022001080153004,4344,57
164,0,9022001010136002,3139,35
164,0,9022001010261002,4020,35
164,0,9022001010401001,3898,35
164,0,9022001010406003,-963,35
164,0,9022001011725002,4266,36
164,0,9022001013105002,5798,36
164,0,9022001013109002,5485,36
164,0,9022001013111002,5099,36
164,0,9022001013115001,6372,36
164,0,9022001013117002,5874,36
164,0,9022001013119001,5565,36
164,0,9022001013213001,5702,36
164,0,9022001013215001,5444,36
164,0,9022001013759001,1501,46
164,0,9022001013763001,5297,34
164,1,9022001010136001,274,6
164,1,9022001010261004,407,6
164,1,9022001010401002,260,6
164,1,9022001010406002,-17060,63
164,1,9022001011725006,-71,7
164,1,9022001013105001,205,6
164,1,9022001013107001,241,6
164,1,9022001013109001,306,6
164,1,9022001013111001,373,6
164,1,9022001013115001,390,6
164,1,9022001013117001,238,6
164,1,9022001013119001,164,6
164,1,9022001013215003,222,6
164,1,9022001013217001,9,6
164,1,9022001013755001,-283,6
164,1,9022001013757001,-320,6
164,1,9022001013759001,-712,6
165,0,9022001013043001,19138,105
165,0,9022001013045001,18685,105
165,0,9022001013266009,-9222,121
165,0,9022001013267001,58,120
165,0,9022001013269001,1831,120
165,0,9022001013325005,15284,120
165,0,9022001013445001,20932,103
165,0,9022001013447001,16930,104
165,0,9022001013502001,293,6
165,0,9022001013647001,338,120
165,0,9022001013721001,17172,120
165,0,9022001013723001,1108,120
165,0,9022001013884002,14812,83
165,0,9022001013903001,15378,110
165,0,9022001014003002,17707,110
165,0,9022001014005002,17603,107
165,0,9022001014007002,16426,105
165,0,9022001014009002,16624,105
165,0,9022001014011002,18423,105
165,0,9022001014025002,18469,103
165,0,9022001014027002,18095,101
165,0,9022001014029002,17598,96
165,0,9022001014033002,12903,90
165,0,9022001014039002,12856,77
165,0,9022001014041002,10133,70
165,0,9022001014043002,19981,103
165,0,9022001014131008,17422,142
165,0,9022001070595001,15087,120
165,0,9022001070597001,16384,120
165,0,9022001070599001,14067,120
165,0,9022001070601001,15802,115
165,0,9022001070607002,6663,120
165,0,9022001070857002,1664,120
165,1,9022001013043002,8340,85
165,1,9022001013045002,8016,83
165,1,9022001013266004,-1077,136
165,1,9022001013267002,3543,32
165,1,9022001013269002,4671,36
165,1,9022001013325004,2746,85
165,1,9022001013445002,8418,87
165,1,9022001013447002,6914,86
165,1,9022001013449003,10762,86
165,1,9022001013647002,2198,28
165,1,9022001013721002,4390,36
165,1,9022001013723002,4213,34
165,1,9022001013884001,5509,91
165,1,9022001013903002,5394,52
165,1,9022001014003001,5015,71
165,1,9022001014005003,5383,71
165,1,9022001014007001,5913,72
165,1,9022001014009001,6391,73
165,1,9022001014011001,6482,77
165,1,9022001014013001,6395,80
165,1,9022001014025001,9846,89
165,1,9022001014027001,10417,89
165,1,9022001014029001,9249,90
165,1,9022001014033001,5743,90
165,1,9022001014039001,7081,91
165,1,9022001014041001,1766,93
165,1,9022001014043001,9194,86
165,1,9022001014131002,-15363,92
165,1,9022001070595002,6338,42
165,1,9022001070597002,4733,36
165,1,9022001070599002,4576,36
165,1,9022001070601002,5739,42
165,1,9022001070607003,5069,36
165,1,9022001070857001,2753,29
167,0,9022001013051006,-599,25
167,0,9022001013266009,-958,11
167,0,9022001013269003,177,11
167,0,9022001013325005,-117,10
167,0,9022001013717001,109,11
167,0,9022001013721001,1026,10
167,0,9022001013903001,697,10
167,0,9022001013961002,27,11
167,0,9022001070595001,713,10
167,0,9022001070597001,873,10
167,0,9022001070599001,782,10
167,0,9022001070601001,791,10
167,0,9022001070607002,285,10
167,0,9022001070663001,113,11
167,0,9022001070665001,7,11
167,0,9022001070671001,267,11
167,1,9022001013051004,-1060,12
167,1,9022001013266004,11,20
167,1,9022001013269004,1142,9
167,1,9022001013325002,-341,11
167,1,9022001013717002,297,7
167,1,9022001013721002,1019,10
167,1,9022001013903002,245,11
167,1,9022001013961003,686,7
167,1,9022001070595002,1159,11
167,1,9022001070597002,1008,10
167,1,9022001070599002,809,10
167,1,9022001070601002,858,11
167,1,9022001070607003,1350,10
167,1,9022001070663002,1081,9
167,1,9022001070665002,741,7
167,1,9022001070670002,500,7
167,1,9022001070671002,347,7
17,0,9022001000101001,-5867,11
17,0,9022001000102001,-295,4
17,0,9022001000103001,108,5
17,0,9022001000104001,334,4
17,0,9022001000105001,445,5
17,0,9022001000106001,256,6
17,0,9022001000107001,597,7
17,0,9022001000108001,604,6
17,0,9022001000109001,135,6
17,0,9022001000110001,550,6
17,0,9022001000111001,385,6
17,0,9022001000112001,221,6
17,0,9022001000113001,837,6
17,0,9022001000114001,1354,7
17,0,9022001000115001,1281,7
17,0,9022001000116001,971,7
17,0,9022001000117001,937,7
17,0,9022001000206001,-45,1
17,0,9022001000207001,-14,1
17,0,9022001000208001,-2,1
17,0,9022001000237001,326,7
17,0,9022001000269001,837,6
17,0,9022001000702001,-331,1
17,0,9022001000901001,-1788,3
17,0,9022001001011002,-6630,328
17,0,9022001001021002,438,320
17,0,9022001001051002,1337,313
17,0,9022001001111002,962,307
17,0,9022001001121002,3094,292
17,0,9022001001131002,-427,315
17,0,9022001001141002,3282,281
17,0,9022001001151002,3053,279
17,0,9022001001161002,2833,275
17,0,9022001001171002,2488,270
17,0,9022001001201002,3394,271
17,0,9022001001211002,-55,242
17,0,9022001001221002,-1981,240
17,0,9022001001231002,-1921,239
17,0,9022001001241002,265,85
17,0,9022001001241004,-41952,147
17,0,9022001001251002,-58,83
17,0,9022001001261002,59,82
17,0,9022001001271002,173,82
17,0,9022001001281002,-41,80
17,0,9022001001301002,-508,67
17,0,9022001001301004,-5257,18
17,0,9022001001311002,-267,63
17,0,9022001001321002,-214,62
17,0,9022001001331002,-35960,68
17,0,9022001001511002,-3104,329
17,0,9022001001521002,-3643,330
17,0,9022001001551002,-829,348
17,0,9022001001551004,-175,1
17,0,9022001001601002,3931,352
17,0,9022001001911002,2144,352
17,0,9022001001921002,3092,352
17,0,9022001001931002,4220,352
17,0,9022001001941002,856,352
17,0,9022001001951001,9167,352
17,1,9022001000101001,-6265,12
17,1,9022001000102001,36,1
17,1,9022001000103001,-695,6
17,1,9022001000104001,-122,6
17,1,9022001000105001,222,6
17,1,9022001000106001,393,6
17,1,9022001000107001,427,5
17,1,9022001000108001,330,5
17,1,9022001000109001,422,6
17,1,9022001000110001,885,6
17,1,9022001000111001,215,6
17,1,9022001000112001,533,7
17,1,9022001000113001,1731,7
17,1,9022001000114001,1582,6
17,1,9022001000115001,1744,6
17,1,9022001000116001,1144,6
17,1,9022001000117001,745,6
17,1,9022001000206001,200,5
17,1,9022001000207001,274,4
17,1,9022001000208001,-544,4
17,1,9022001000237001,11464,9
17,1,9022001000269001,947,7
17,1,9022001000301001,-288,3
17,1,9022001000306001,-784,3
17,1,9022001000702001,-389,5
17,1,9022001000901001,-826,5
17,1,9022001000902001,-408,3
17,1,9022001000909001,346,2
17,1,9022001000913001,574,3
17,1,9022001001011001,-647,372
17,1,9022001001021001,-8411,374
17,1,9022001001051003,-5464,380
17,1,9022001001111001,-4756,380
17,1,9022001001121001,-5867,385
17,1,9022001001131001,-5944,391
17,1,9022001001141001,-2013,334
17,1,9022001001151001,-2504,337
17,1,9022001001161001,5840,340
17,1,9022001001171001,6472,340
17,1,9022001001201001,7119,341
17,1,9022001001211001,10399,314
17,1,9022001001221001,10249,316
17,1,9022001001231001,9263,318
17,1,9022001001241001,1642,89
17,1,9022001001241003,10535,230
17,1,9022001001251001,1335,88
17,1,9022001001261001,1323,88
17,1,9022001001271001,788,88
17,1,9022001001281001,966,88
17,1,9022001001301001,1785,51
17,1,9022001001301003,1427,37
17,1,9022001001311001,36,51
17,1,9022001001321001,288,51
17,1,9022001001331002,1175,51
17,1,9022001001511001,-774,360
17,1,9022001001521001,2142,354
17,1,9022001001551001,-9222,357
17,1,9022001001601001,-9999,355
17,1,9022001001911001,-10421,346
17,1,9022001001921001,-5686,341
17,1,9022001001931001,-9286,319
17,1,9022001001941001,-5137,316
17,1,9022001001951001,-188391,320
172,0,9022001013323002,16693,98
172,0,9022001013325001,10555,114
172,0,9022001013330001,13609,79
172,0,9022001013338002,11719,72
172,0,9022001013350002,8950,140
172,0,9022001013587001,10052,64
172,0,9022001013602003,13800,65
172,0,9022001013605002,12144,66
172,0,9022001070034002,28965,174
172,0,9022001070038002,8976,176
172,0,9022001070040001,28698,175
172,0,9022001070083001,30287,124
172,0,9022001070108008,20149,139
172,0,9022001070186012,26808,165
172,0,9022001070215005,35450,190
172,0,9022001070216001,38829,188
172,0,9022001070222001,46243,181
172,0,9022001070482001,27458,163
172,0,9022001070589002,27554,116
172,0,9022001070691001,43156,171
172,0,9022001070737002,29923,174
172,0,9022001070742002,21730,160
172,1,9022001013323001,19555,154
172,1,9022001013325003,10852,156
172,1,9022001013330002,27135,147
172,1,9022001013338003,28207,152
172,1,9022001013350001,-3598,154
172,1,9022001013587002,9053,154
172,1,9022001013602004,13961,154
172,1,9022001013605001,28098,152
172,1,9022001070034003,8118,45
172,1,9022001070038001,-7712,120
172,1,9022001070040002,5902,38
172,1,9022001070083002,16393,132
172,1,9022001070108002,6493,117
172,1,9022001070186009,9605,91
172,1,9022001070215003,5260,88
172,1,9022001070216002,11225,67
172,1,9022001070222002,10055,78
172,1,9022001070482002,18517,101
172,1,9022001070589001,18838,147
172,1,9022001070691002,9422,80
172,1,9022001070737001,7914,45
172,1,9022001070742001,26093,108
173,0,9022001013037002,14737,133
173,0,9022001013051001,2445,109
173,0,9022001013055002,5835,97
173,0,9022001013148002,16014,145
173,0,9022001013338003,11416,147
173,0,9022001013350001,-13867,148
173,0,9022001013401003,2131,82
173,0,9022001013449001,17281,119
173,0,9022001013587002,-1781,148
173,0,9022001013602004,1418,148
173,0,9022001013605001,13557,147
173,0,9022001013845002,7920,84
173,0,9022001013847002,7545,82
173,0,9022001014071002,6200,77
173,0,9022001070057001,6010,72
173,0,9022001070320003,-7380,164
173,0,9022001070388002,5171,61
173,0,9022001070391002,3766,34
173,0,9022001070397001,3552,59
173,0,9022001070401001,6465,67
173,0,9022001070643001,3513,47
173,0,9022001070911001,3494,50
173,1,9022001013037001,7346,100
173,1,9022001013051003,-1,117
173,1,9022001013055001,14351,139
173,1,9022001013148001,10485,86
173,1,9022001013338006,8526,84
173,1,9022001013350002,9238,175
173,1,9022001013401002,10370,153
173,1,9022001013449002,12033,106
173,1,9022001013587001,6772,70
173,1,9022001013602003,11776,75
173,1,9022001013605002,9559,81
173,1,9022001013845001,15116,149
173,1,9022001013847001,16157,151
173,1,9022001014071003,23490,156
173,1,9022001070057003,27025,158
173,1,9022001070320001,-13408,171
173,1,9022001070388001,32404,171
173,1,9022001070391001,422,172
173,1,9022001070397003,32377,171
173,1,9022001070401002,29260,167
173,1,9022001070720001,28860,171
173,1,9022001070911002,26803,171
175,0,9022001051464004,-9038,271
175,0,9022001055087001,8228,110
175,0,9022001055162002,7429,109
175,0,9022001055200011,-5040,115
175,0,9022001055215002,5408,113
175,1,9022001051464004,2160,100
175,1,9022001055087002,6095,95
175,1,9022001055162001,9124,96
175,1,9022001055200002,13999,246
175,1,9022001055215001,5370,87
176,0,9022001012035002,-7762,137
176,0,9022001012157005,-8249,137
176,0,9022001012217011,-7375,148
176,0,9022001012219002,-7107,144
176,0,9022001015303001,7090,148
176,0,9022001015305001,7523,153
176,0,9022001015307001,8220,153
176,0,9022001015309001,9301,155
176,0,9022001015311001,9390,157
176,0,9022001015313001,7606,161
176,0,9022001015315001,7714,167
176,0,9022001015317001,247,169
176,0,9022001015319001,-7729,174
176,0,9022001015321001,-10267,175
176,0,9022001015321003,12444,172
176,0,9022001015323001,-22077,176
176,0,9022001015323002,-6408,176
176,0,9022001015325001,-9964,178
176,0,9022001015327001,-1044,169
176,0,9022001015339001,-18757,147
176,0,9022001015344001,-316,2
176,0,9022001015672002,-13746,190
176,0,9022001015703001,9509,175
176,0,9022001015705001,2412,178
176,0,9022001015707001,-2512,183
176,0,9022001015709001,-3903,185
176,0,9022001015711001,-4555,188
176,0,9022001015713001,-4757,188
176,0,9022001015803001,-6677,191
176,0,9022001015805001,-13570,191
176,0,9022001015807001,-16344,191
176,0,9022001015809001,-21097,191
176,0,9022001015811001,-29816,191
176,0,9022001015813001,-3710,191
176,0,9022001015815001,-22272,191
176,0,9022001015818002,-38376,191
176,0,9022001050012002,4864,111
176,0,9022001050013002,4575,107
176,0,9022001050049001,129,124
176,0,9022001050146002,-1139,119
176,0,9022001050148003,5374,117
176,0,9022001050195002,2429,121
176,0,9022001050233002,-3518,129
176,0,9022001050366001,4189,93
176,0,9022001050388001,7600,105
176,0,9022001060314003,2310,90
176,1,9022001012035001,8181,174
176,1,9022001012157004,10590,176
176,1,9022001012217007,-5879,169
176,1,9022001012219001,6626,168
176,1,9022001015303002,-6084,158
176,1,9022001015305002,-4948,158
176,1,9022001015307002,-5647,157
176,1,9022001015309002,-8543,157
176,1,9022001015311002,-6612,153
176,1,9022001015313002,-5299,149
176,1,9022001015315002,-5327,142
176,1,9022001015317002,1648,138
176,1,9022001015321004,4818,131
176,1,9022001015323001,1713,130
176,1,9022001015323002,66,135
176,1,9022001015325002,1399,134
176,1,9022001015327002,4430,132
176,1,9022001015339001,-15897,165
176,1,9022001015344001,24,1
176,1,9022001015672001,4502,118
176,1,9022001015703002,6168,129
176,1,9022001015705002,9955,129
176,1,9022001015707002,10866,129
176,1,9022001015709002,9896,126
176,1,9022001015711002,9589,126
176,1,9022001015713002,8744,120
176,1,9022001015803002,9294,107
176,1,9022001015805002,11401,107
176,1,9022001015807002,11627,106
176,1,9022001015809002,11009,103
176,1,9022001015811002,8203,102
176,1,9022001015813002,5031,99
176,1,9022001015815002,3295,73
176,1,9022001015818003,1674,96
176,1,9022001050012001,1540,192
176,1,9022001050013005,-193,191
176,1,9022001050049002,3636,184
176,1,9022001050146003,-4731,192
176,1,9022001050148001,7895,191
176,1,9022001050195001,7819,186
176,1,9022001050233001,7741,180
176,1,9022001050366005,-31129,192
176,1,9022001050388002,-12968,192
176,1,9022001060314001,-42209,192
176E,0,9022001012217006,520,1
176X,0,9022001012035002,-1202,16
176X,0,9022001012157005,-1213,16
176X,0,9022001012217011,-246,18
176X,0,9022001012219002,-1065,16
176X,0,9022001015303001,1664,19
176X,0,9022001015305001,1548,19
176X,0,9022001015307001,1535,19
176X,0,9022001015309001,1654,19
176X,0,9022001015311001,1543,19
176X,0,9022001015313001,1240,19
176X,0,9022001015315001,1072,19
176X,0,9022001015317001,157,20
176X,0,9022001015319001,-752,22
176X,0,9022001015321001,-1094,22
176X,0,9022001015321003,1997,23
176X,0,9022001015323001,-2368,23
176X,0,9022001015323002,-1131,23
176X,0,9022001015339001,-2543,18
176X,0,9022001015672002,-2785,26
176X,0,9022001015703001,1212,22
176X,0,9022001015705001,41,23
176X,0,9022001015707001,-839,23
176X,0,9022001015709001,-1357,23
176X,0,9022001015711001,-1234,26
176X,0,9022001015713001,-1468,26
176X,0,9022001015803001,-2150,26
176X,0,9022001015805001,-3653,26
176X,0,9022001015807001,-4464,26
176X,0,9022001015809001,-5632,26
176X,0,9022001015811001,-7092,26
176X,0,9022001015813001,-1117,26
176X,0,9022001015815001,-4349,26
176X,0,9022001015818002,-7156,26
176X,0,9022001050012002,1024,14
176X,0,9022001050013002,949,14
176X,0,9022001050049001,445,15
176X,0,9022001050146002,337,14
176X,0,9022001050148003,1013,14
176X,0,9022001050195002,740,14
176X,0,9022001050233002,-397,16
176X,0,9022001050366001,598,11
176X,0,9022001050388001,989,12
176X,0,9022001060314003,353,11
176X,1,9022001012035001,1019,15
176X,1,9022001012157004,1191,15
176X,1,9022001012217007,-528,15
176X,1,9022001012219001,1104,15
176X,1,9022001015303002,-1660,13
176X,1,9022001015305002,-1625,13
176X,1,9022001015307002,-1577,13
176X,1,9022001015309002,-1852,13
176X,1,9022001015311002,-1531,13
176X,1,9022001015313002,-1154,13
176X,1,9022001015315002,-878,13
176X,1,9022001015317002,-242,10
176X,1,9022001015321004,705,10
176X,1,9022001015323001,289,11
176X,1,9022001015323002,-94,10
176X,1,9022001015339001,-1854,15
176X,1,9022001015672001,2,9
176X,1,9022001015703002,599,10
176X,1,9022001015705002,858,10
176X,1,9022001015707002,704,9
176X,1,9022001015709002,647,9
176X,1,9022001015711002,473,8
176X,1,9022001015713002,436,8
176X,1,9022001015803002,595,8
176X,1,9022001015805002,814,8
176X,1,9022001015807002,854,8
176X,1,9022001015809002,880,8
176X,1,9022001015811002,677,8
176X,1,9022001015813002,402,8
176X,1,9022001015815002,252,6
176X,1,9022001015818003,189,8
176X,1,9022001050012001,190,17
176X,1,9022001050013005,-77,17
176X,1,9022001050049002,559,16
176X,1,9022001050146003,-179,17
176X,1,9022001050148001,970,17
176X,1,9022001050195001,1212,17
176X,1,9022001050233001,1117,16
176X,1,9022001050366005,-3358,17
176X,1,9022001050388002,-1446,17
176X,1,9022001060314001,-3408,17
177,0,9022001012035002,-9798,156
177,0,9022001012157005,-10256,156
177,0,9022001012217005,-7265,170
177,0,9022001012219002,-9805,165
177,0,9022001015303001,8056,179
177,0,9022001015305001,8024,180
177,0,9022001015307001,8974,179
177,0,9022001015309001,10114,181
177,0,9022001015311001,9847,183
177,0,9022001015313001,7935,187
177,0,9022001015315001,9127,191
177,0,9022001015317001,250,197
177,0,9022001015319001,-9407,201
177,0,9022001015321001,-12271,202
177,0,9022001015323001,-28513,202
177,0,9022001015325001,-5538,201
177,0,9022001015327001,-566,205
177,0,9022001015329001,-11560,208
177,0,9022001015331001,-18655,208
177,0,9022001015333001,-32483,208
177,0,9022001015335001,-10139,208
177,0,9022001015337001,-20046,208
177,0,9022001015339001,-23850,167
177,0,9022001015341001,-34213,208
177,0,9022001015344001,-779,2
177,0,9022001015501001,-44255,208
177,0,9022001015503001,-62196,209
177,0,9022001050012002,7182,124
177,0,9022001050013002,6830,123
177,0,9022001050049001,661,147
177,0,9022001050146002,1469,133
177,0,9022001050148003,7303,126
177,0,9022001050195002,4209,139
177,0,9022001050233002,-4114,155
177,0,9022001050366001,6159,114
177,0,9022001050388001,10199,120
177,0,9022001060314003,3988,108
177,1,9022001012035001,5041,173
177,1,9022001012157004,9112,178
177,1,9022001012217007,-9841,171
177,1,9022001012219001,2551,169
177,1,9022001015303002,-18033,170
177,1,9022001015305002,-16181,165
177,1,9022001015307002,-16020,162
177,1,9022001015309002,-18519,161
177,1,9022001015311002,-14623,156
177,1,9022001015313002,-11693,150
177,1,9022001015315002,-10396,146
177,1,9022001015317002,-1876,145
177,1,9022001015323002,-2936,143
177,1,9022001015325002,-467,135
177,1,9022001015327002,2498,133
177,1,9022001015329002,3660,125
177,1,9022001015331002,3319,120
177,1,9022001015333002,1561,102
177,1,9022001015335002,3333,112
177,1,9022001015337002,3277,111
177,1,9022001015339001,-30908,171
177,1,9022001015341002,3120,100
177,1,9022001015501002,3408,67
177,1,9022001015503003,2631,106
177,1,9022001050012001,7790,206
177,1,9022001050013005,6891,205
177,1,9022001050049002,4075,192
177,1,9022001050146003,677,198
177,1,9022001050148001,11482,200
177,1,9022001050195001,10837,194
177,1,9022001050233001,6859,185
177,1,9022001050366005,-21740,207
177,1,9022001050388002,-5587,207
177,1,9022001060314001,-41831,207
177E,1,9022001012035001,611,2
177E,1,9022001012157004,649,2
177E,1,9022001012217007,496,2
177E,1,9022001012219001,669,2
177E,1,9022001015303002,-192,1
177E,1,9022001015305002,-168,1
177E,1,9022001015307002,-159,1
177E,1,9022001015309002,-165,1
177E,1,9022001015311002,-142,1
177E,1,9022001015313002,-118,1
177E,1,9022001015315002,-103,1
177E,1,9022001015317002,-36,1
177E,1,9022001015323002,-72,1
177E,1,9022001015325002,-59,1
177E,1,9022001015327002,-40,1
177E,1,9022001015329002,-33,1
177E,1,9022001015331002,-42,1
177E,1,9022001015333002,-53,1
177E,1,9022001015335002,-18,1
177E,1,9022001015337002,-19,1
177E,1,9022001015339001,259,2
177E,1,9022001015341002,-17,1
177E,1,9022001015503003,-5,1
177E,1,9022001050049002,416,2
177E,1,9022001050146003,118,2
177E,1,9022001050195001,351,2
177E,1,9022001050233001,568,2
178,0,9022001050366005,3058,176
178,0,9022001050388002,3814,166
178,0,9022001050569002,5397,153
178,0,9022001050573001,10012,148
178,0,9022001050579006,3784,134
178,0,9022001051442002,7358,103
178,0,9022001051446002,10272,107
178,0,9022001051458002,15238,109
178,0,9022001051464006,7729,128
178,0,9022001051468002,9701,130
178,0,9022001051472002,9760,131
178,0,9022001051482002,12543,136
178,0,9022001051582001,4992,103
178,0,9022001051586017,-35934,122
178,0,9022001052322001,21802,158
178,0,9022001052326001,15343,156
178,0,9022001052372001,19763,158
178,0,9022001055215001,9228,108
178,0,9022001060314001,-29788,181
178,1,9022001050366015,2166,54
178,1,9022001050388001,5597,51
178,1,9022001050569003,3095,76
178,1,9022001050573002,2448,76
178,1,9022001050579003,321,85
178,1,9022001051442001,-3777,125
178,1,9022001051446001,-3121,121
178,1,9022001051458001,-2458,104
178,1,9022001051464003,5705,101
178,1,9022001051468001,5928,97
178,1,9022001051472001,5115,96
178,1,9022001051482001,-863,80
178,1,9022001051582002,-6852,126
178,1,9022001051586029,-9901,126
178,1,9022001052322002,250,60
178,1,9022001052326002,2400,73
178,1,9022001052372002,0,63
178,1,9022001055215002,-1242,111
178,1,9022001060314002,-13591,113
179,0,9022001012138001,-14203,148
179,0,9022001012191001,2095,73
179,0,9022001012193001,2718,75
179,0,9022001012301006,-34690,149
179,0,9022001012327002,4397,129
179,0,9022001012452001,-18555,149
179,0,9022001012456003,-13428,149
179,0,9022001012458001,-3312,149
179,0,9022001012511002,-16336,149
179,0,9022001050501009,-21547,187
179,0,9022001050579004,-8184,119
179,0,9022001051494001,3335,125
179,0,9022001051496001,-2286,129
179,0,9022001051514001,-177,65
179,0,9022001051528001,3013,106
179,0,9022001051532001,2141,99
179,0,9022001051562001,-12293,149
179,0,9022001051564001,-10096,149
179,1,9022001012138006,-6137,64
179,1,9022001012191002,-5598,145
179,1,9022001012193002,-3638,145
179,1,9022001012301006,-28997,201
179,1,9022001012327003,1779,81
179,1,9022001012452002,1115,31
179,1,9022001012456004,1713,47
179,1,9022001012458002,3098,61
179,1,9022001012511001,1358,33
179,1,9022001050501002,-32028,145
179,1,9022001050579002,-10968,176
179,1,9022001051494002,3930,96
179,1,9022001051496003,-968,124
179,1,9022001051514002,-11764,145
179,1,9022001051528002,1181,149
179,1,9022001051532002,6857,158
179,1,9022001051562002,1787,48
179,1,9022001051564002,2271,56
18,0,9022001001011002,1057,186
18,0,9022001001021002,4624,178
18,0,9022001001051002,4233,162
18,0,9022001001111002,3483,155
18,0,9022001001121002,4657,154
18,0,9022001001131002,3793,157
18,0,9022001001141002,4152,143
18,0,9022001001151002,3443,132
18,0,9022001001161002,2530,116
18,0,9022001001171002,2331,110
18,0,9022001001201002,-7677,274
18,0,9022001001211002,1025,75
18,0,9022001001221002,604,73
18,0,9022001001231002,806,73
18,0,9022001001241002,560,29
18,0,9022001001241004,-9911,37
18,0,9022001001251002,128,28
18,0,9022001001261002,466,28
18,0,9022001001271002,566,28
18,0,9022001001281002,657,28
18,0,9022001001301002,-668,18
18,0,9022001001301004,-5222,19
18,0,9022001001311002,118,15
18,0,9022001001321002,130,15
18,0,9022001001331002,-7724,20
18,0,9022001001511002,1947,193
18,0,9022001001521002,2429,196
18,0,9022001001551002,4653,201
18,0,9022001001551004,-475,2
18,0,9022001001601004,7589,204
18,0,9022001001811002,7534,223
18,0,9022001001821002,6912,223
18,0,9022001001831002,5969,223
18,0,9022001001841002,4714,223
18,0,9022001001851002,3933,222
18,0,9022001001861002,4621,223
18,0,9022001001871002,3717,223
18,0,9022001001881001,7309,223
18,1,9022001001011001,2108,396
18,1,9022001001021001,-5561,401
18,1,9022001001051003,-2287,421
18,1,9022001001111001,-2722,426
18,1,9022001001121001,-3200,429
18,1,9022001001131001,-4379,430
18,1,9022001001141001,-2381,424
18,1,9022001001151001,-3465,427
18,1,9022001001161001,7403,430
18,1,9022001001171001,8035,431
18,1,9022001001201001,7904,433
18,1,9022001001211001,5320,141
18,1,9022001001221001,5316,141
18,1,9022001001231001,6164,144
18,1,9022001001241001,4680,107
18,1,9022001001241003,1272,38
18,1,9022001001251001,3967,104
18,1,9022001001261001,3775,104
18,1,9022001001271001,3101,104
18,1,9022001001281001,3189,104
18,1,9022001001301001,3039,70
18,1,9022001001301003,1040,34
18,1,9022001001311001,1110,68
18,1,9022001001321001,1619,68
18,1,9022001001331002,2876,68
18,1,9022001001511001,2598,390
18,1,9022001001521001,6144,389
18,1,9022001001551001,-7581,381
18,1,9022001001601003,-9986,373
18,1,9022001001811001,-9113,353
18,1,9022001001821001,-10164,352
18,1,9022001001831001,-8717,346
18,1,9022001001841001,-10107,345
18,1,9022001001851001,-7506,343
18,1,9022001001861001,-8558,338
18,1,9022001001871001,-5399,314
18,1,9022001001881001,-166688,303
180,0,9022001013013001,4495,51
180,0,9022001013015001,4678,52
180,0,9022001013017003,5534,53
180,0,9022001013549009,-6421,72
180,0,9022001013561002,3287,53
180,0,9022001013565001,5489,53
180,0,9022001013567001,5149,53
180,0,9022001013569001,5152,53
180,0,9022001013571001,4497,53
180,0,9022001013581001,4148,51
180,0,9022001013592002,4867,53
180,0,9022001013594002,4083,53
180,0,9022001080165002,2218,53
180,0,9022001080315001,918,53
180,0,9022001080317001,-2585,53
180,0,9022001080319001,-7173,53
180,0,9022001080333001,4630,53
180,1,9022001013013002,-75,30
180,1,9022001013015002,37,30
180,1,9022001013017004,147,30
180,1,9022001013549004,-3414,31
180,1,9022001013561001,1967,30
180,1,9022001013565002,481,30
180,1,9022001013567002,1130,30
180,1,9022001013569002,1218,30
180,1,9022001013571002,1871,30
180,1,9022001013581002,101,30
180,1,9022001013592001,2455,30
180,1,9022001013594001,2588,30
180,1,9022001080165001,832,29
180,1,9022001080315002,1017,28
180,1,9022001080317002,1097,24
180,1,9022001080319002,-2059,35
180,1,9022001080333002,1847,29
181,0,9022001013264003,-16669,126
181,0,9022001013266002,11235,123
181,0,9022001013347002,14894,104
181,0,9022001013561001,4634,80
181,0,9022001013579001,19084,109
181,0,9022001013587001,10418,99
181,0,9022001013592001,6421,81
181,0,9022001013594001,8516,87
181,0,9022001013602001,21186,107
181,0,9022001013609001,20630,110
181,0,9022001013611001,20840,110
181,0,9022001013613001,20730,110
181,0,9022001013615001,11829,111
181,0,9022001013617001,13673,111
181,0,9022001013619001,14699,111
181,0,9022001013621001,16261,113
181,0,9022001013624002,17083,116
181,0,9022001013627001,16968,119
181,0,9022001013629001,16289,123
181,0,9022001013647002,14874,123
181,0,9022001013713001,18066,123
181,0,9022001013715001,18191,123
181,0,9022001013717001,18108,123
181,0,9022001070603001,8538,125
181,0,9022001070628002,5529,125
181,0,9022001070857001,10620,124
181,0,9022001080333002,3522,77
181,0,9022001080336002,2746,80
181,1,9022001013264004,-676,93
181,1,9022001013266008,1673,74
181,1,9022001013347001,7776,92
181,1,9022001013561002,6606,94
181,1,9022001013579002,11757,93
181,1,9022001013587002,7172,94
181,1,9022001013592002,6182,94
181,1,9022001013594002,5740,94
181,1,9022001013602002,9924,94
181,1,9022001013604001,9252,73
181,1,9022001013609002,10296,93
181,1,9022001013611002,11213,89
181,1,9022001013613002,11736,88
181,1,9022001013615002,10773,87
181,1,9022001013617002,13272,82
181,1,9022001013619002,11475,79
181,1,9022001013621002,10290,77
181,1,9022001013624003,9864,75
181,1,9022001013627002,8860,73
181,1,9022001013629002,9158,73
181,1,9022001013647001,4076,71
181,1,9022001013713002,8151,74
181,1,9022001013715002,7932,74
181,1,9022001013717002,8290,73
181,1,9022001070603002,4783,61
181,1,9022001070628001,5719,49
181,1,9022001070857002,4827,69
181,1,9022001080333001,6774,94
181,1,9022001080336001,-4935,94
183,1,9022001013021003,-1533,11
183,1,9022001013652001,84,3
183,1,9022001013653001,93,3
183,1,9022001013654001,129,3
183,1,9022001013655001,72,3
183,1,9022001013656001,73,3
183,1,9022001013657001,52,3
183,1,9022001013658001,9,3
183,1,9022001013659001,30,3
183,1,9022001013660001,-8,3
183,1,9022001013661001,-98,3
183,1,9022001013662001,-43,3
184,1,9022001013264002,348,34
184,1,9022001013264004,14316,30
184,1,9022001013264005,10426,36
184,1,9022001013266001,1410,54
184,1,9022001013266009,-4319,34
184,1,9022001013312001,-4902,34
184,1,9022001013604001,3683,18
184,1,9022001013627003,4341,20
184,1,9022001013629002,3773,17
184,1,9022001013647001,-1719,34
184,1,9022001013663001,3880,20
184,1,9022001013701001,2721,22
184,1,9022001013702001,4124,22
184,1,9022001013702002,3844,24
184,1,9022001013702003,3842,26
184,1,9022001013706001,3269,27
184,1,9022001013707002,3525,21
184,1,9022001013709002,3863,21
184,1,9022001013711002,3865,20
184,1,9022001013713002,2853,17
184,1,9022001013715002,2864,17
184,1,9022001013717002,3002,17
184,1,9022001013738001,4067,20
184,1,9022001070489001,-1349,34
184,1,9022001070603002,-1539,34
184,1,9022001070628001,-982,34
184,1,9022001070857002,-1269,34
184,1,9022001080553001,295,34
184,1,9022001080553002,11036,36
184,1,9022001080555001,-681,34
184,1,9022001080555002,11489,35
185H,1,9022001013245001,850,9
185H,1,9022001013247001,907,9
185H,1,9022001013248001,838,9
185H,1,9022001013249001,824,9
185H,1,9022001013266001,-1018,22
185H,1,9022001013266009,-463,9
185H,1,9022001013269003,688,9
185H,1,9022001013631001,663,9
185H,1,9022001013633001,773,9
185H,1,9022001013713002,505,9
185H,1,9022001013715002,470,9
185H,1,9022001013717001,281,9
185H,1,9022001013717002,466,9
185H,1,9022001013961002,278,9
185H,1,9022001070603001,952,9
185H,1,9022001070607001,1054,9
185H,1,9022001070663001,476,9
185H,1,9022001070665001,326,9
185H,1,9022001070670001,800,9
185H,1,9022001070671001,394,9
185V,0,9022001013245001,1603,20
185V,0,9022001013247001,1447,20
185V,0,9022001013248001,1725,20
185V,0,9022001013249001,1928,20
185V,0,9022001013266001,491,55
185V,0,9022001013266009,-2482,20
185V,0,9022001013269004,2249,20
185V,0,9022001013631002,469,20
185V,0,9022001013633002,913,20
185V,0,9022001013713001,96,20
185V,0,9022001013715001,-391,20
185V,0,9022001013717001,-789,19
185V,0,9022001013717002,698,20
185V,0,9022001013961003,2175,20
185V,0,9022001070603002,1097,20
185V,0,9022001070607003,2314,20
185V,0,9022001070663002,2169,20
185V,0,9022001070665002,2191,20
185V,0,9022001070670001,2238,20
185V,0,9022001070670002,1483,20
185V,0,9022001070671002,779,20
188,0,9022001011725022,-880,151
188,0,9022001013607001,-3247,50
188,0,9022001013609001,-2689,50
188,0,9022001013611001,-1945,50
188,0,9022001013613001,-1080,50
188,0,9022001013615001,-230,50
188,0,9022001013617001,1305,50
188,0,9022001013619001,2360,50
188,0,9022001013621001,3374,50
188,0,9022001013624001,-1732,50
188,1,9022001011725009,-2269,68
188,1,9022001013607002,14862,66
188,1,9022001013609002,13665,65
188,1,9022001013611002,12456,64
188,1,9022001013613002,11375,64
188,1,9022001013615002,8735,62
188,1,9022001013617002,7083,61
188,1,9022001013619002,5391,59
188,1,9022001013621002,4303,58
188,1,9022001013624003,-2596,107
19,0,9022001000207001,-660,2
19,0,9022001000209001,-1192,3
19,0,9022001000210001,-150,1
19,0,9022001000211001,-376,1
19,0,9022001000212001,-47,1
19,0,9022001000213001,-21,1
19,0,9022001000214001,-182,1
19,0,9022001000225001,-243,2
19,0,9022001000226001,-244,2
19,0,9022001000227001,-490,2
19,0,9022001000228001,119,2
19,0,9022001000229001,-3206,4
19,0,9022001000230001,-147,1
19,0,9022001000231001,-486,2
19,0,9022001000257001,24,2
19,0,9022001001011002,-4357,355
19,0,9022001001021002,2414,351
19,0,9022001001051002,3506,351
19,0,9022001001111002,3386,350
19,0,9022001001121002,5642,343
19,0,9022001001131002,2297,354
19,0,9022001001141002,3816,317
19,0,9022001001151002,3289,317
19,0,9022001001161002,3083,311
19,0,9022001001171002,2311,307
19,0,9022001001201002,4796,314
19,0,9022001001211002,750,280
19,0,9022001001221002,-1374,275
19,0,9022001001231002,-1700,275
19,0,9022001001241002,220,252
19,0,9022001001241004,-3798,16
19,0,9022001001251002,-179,251
19,0,9022001001261002,-92,248
19,0,9022001001271002,-1358,233
19,0,9022001001281002,-2590,223
19,0,9022001001301002,-3135,218
19,0,9022001001301004,-2284,8
19,0,9022001001311002,-3291,218
19,0,9022001001321002,-363,217
19,0,9022001001331002,-100179,213
19,0,9022001001511002,-1865,363
19,0,9022001001521002,-1415,379
19,0,9022001001551004,-1505,404
19,0,9022001001611002,7481,397
19,0,9022001001621002,7595,398
19,0,9022001001631002,7235,400
19,0,9022001001641002,5316,398
19,0,9022001001651002,5195,400
19,0,9022001001661002,2704,400
19,0,9022001001701002,2935,398
19,0,9022001001701004,-4,2
19,0,9022001001711002,580,398
19,0,9022001001721001,11005,398
19,1,9022001000209001,-1110,3
19,1,9022001000211001,75,1
19,1,9022001000212001,107,1
19,1,9022001000213001,633,1
19,1,9022001000214001,446,1
19,1,9022001000225001,6,1
19,1,9022001000226001,-43,1
19,1,9022001000227001,-139,1
19,1,9022001000228001,1497,2
19,1,9022001000231001,1057,2
19,1,9022001001011001,9391,354
19,1,9022001001021001,648,357
19,1,9022001001051003,1585,363
19,1,9022001001111001,1797,373
19,1,9022001001121001,1814,384
19,1,9022001001131001,870,392
19,1,9022001001141001,3456,393
19,1,9022001001151001,3206,394
19,1,9022001001161001,13459,397
19,1,9022001001171001,15662,408
19,1,9022001001201001,14935,422
19,1,9022001001211001,20883,390
19,1,9022001001221001,20434,391
19,1,9022001001231001,20035,394
19,1,9022001001241001,19981,376
19,1,9022001001241003,589,25
19,1,9022001001251001,18369,385
19,1,9022001001261001,18759,386
19,1,9022001001271001,15146,386
19,1,9022001001281001,15673,386
19,1,9022001001301001,17258,366
19,1,9022001001301003,354,20
19,1,9022001001311001,7466,366
19,1,9022001001321001,8467,366
19,1,9022001001331002,19548,365
19,1,9022001001511001,10279,353
19,1,9022001001521001,12401,347
19,1,9022001001551009,-6816,334
19,1,9022001001611001,-8954,330
19,1,9022001001621001,-7927,326
19,1,9022001001631001,-6335,324
19,1,9022001001641001,-4808,323
19,1,9022001001651001,45,317
19,1,9022001001661001,840,303
19,1,9022001001701001,-7470,293
19,1,9022001001701003,-705,7
19,1,9022001001711001,-4701,285
19,1,9022001001721001,-99032,304
190,0,9022001013047001,377,2
190,0,9022001013049001,377,2
190,0,9022001013051008,407,4
190,0,9022001013065001,396,2
190,0,9022001013067001,386,2
190,0,9022001013069001,285,2
190,0,9022001013147001,361,2
190,0,9022001013264004,94,2
190,0,9022001013267002,177,1
190,0,9022001013269002,194,1
190,0,9022001013325002,299,2
190,0,9022001013379002,475,2
190,0,9022001013381002,434,2
190,0,9022001013383002,404,2
190,0,9022001013385002,419,2
190,0,9022001013387002,419,2
190,0,9022001013389002,436,2
190,0,9022001013395002,377,2
190,0,9022001013397002,290,2
190,0,9022001013441002,364,2
190,0,9022001013505002,323,2
190,0,9022001013721002,288,2
190,0,9022001013723002,190,1
190,0,9022001013879003,174,2
190,0,9022001013903002,375,2
190,0,9022001014003001,349,2
190,0,9022001014005003,350,2
190,0,9022001014007001,366,2
190,0,9022001014009001,372,2
190,0,9022001014011001,360,2
190,0,9022001014013001,382,2
190,0,9022001070595002,354,2
190,0,9022001070597002,329,2
190,0,9022001070599002,316,2
190,0,9022001070601002,357,2
190,0,9022001070603002,165,1
190,0,9022001070607003,198,1
190,0,9022001070628001,157,1
190,0,9022001070692001,-104,2
190,0,9022001070738002,329,2
190,1,9022001010649005,-202,3
190,1,9022001013047002,154,1
190,1,9022001013049002,153,1
190,1,9022001013051006,163,1
190,1,9022001013264003,14,1
190,1,9022001013267001,82,1
190,1,9022001013269001,73,1
190,1,9022001013325003,107,1
190,1,9022001013441001,177,1
190,1,9022001013721001,123,1
190,1,9022001013723001,97,1
190,1,9022001013903001,98,1
190,1,9022001014003002,165,1
190,1,9022001014005002,172,1
190,1,9022001014007002,176,1
190,1,9022001014009002,175,1
190,1,9022001014011002,165,1
190,1,9022001070595001,82,1
190,1,9022001070597001,85,1
190,1,9022001070599001,94,1
190,1,9022001070601001,87,1
190,1,9022001070603001,90,1
190,1,9022001070607002,73,1
190,1,9022001070628002,99,1
191,0,9022001010122001,1290,7
191,0,9022001010291007,584,7
191,0,9022001010414001,902,7
191,0,9022001010537002,-77,7
191,0,9022001010651001,1942,7
191,0,9022001010653001,1868,7
191,0,9022001010655001,1835,7
191,0,9022001010658002,1879,7
191,0,9022001010701002,1891,7
191,0,9022001011002011,1750,7
191,0,9022001013063003,1628,5
191,0,9022001013071002,2169,7
191,0,9022001013255001,840,3
191,0,9022001013304001,834,3
191,0,9022001013397002,1645,7
191,0,9022001013859002,793,3
191,0,9022001013861003,771,3
191,0,9022001013874001,727,3
191,0,9022001013879003,1738,7
191,0,9022001070038001,240,1
191,0,9022001070052001,-135,5
191,0,9022001070215003,777,3
191,0,9022001070320003,731,3
191,0,9022001070376001,828,3
191,0,9022001070379001,855,3
191,0,9022001070381001,843,3
191,0,9022001070385001,819,3
191,0,9022001070393001,827,3
191,0,9022001070454001,613,2
191,0,9022001070456001,606,2
191,0,9022001070458001,240,1
191,0,9022001070692001,1813,7
191,0,9022001070696001,1232,4
191,0,9022001070698001,1299,4
191,0,9022001070700001,1291,4
191,0,9022001070704001,849,3
191,0,9022001070708001,866,3
191,0,9022001070712001,740,3
191,0,9022001070714001,820,3
191,0,9022001070738002,1666,7
191,0,9022001070813001,833,3
191,0,9022001070831001,819,3
191,0,9022001070833001,830,3
191,0,9022001070927002,811,3
191,1,9022001010537001,-480,5
191,1,9022001010649005,91,1
191,1,9022001013063004,171,1
191,1,9022001013071001,145,1
191,1,9022001013255002,188,1
191,1,9022001013304002,167,1
191,1,9022001013397001,174,1
191,1,9022001013859001,215,1
191,1,9022001013861004,227,1
191,1,9022001013879002,142,1
191,1,9022001070038003,307,5
191,1,9022001070052001,-447,5
191,1,9022001070173001,1196,5
191,1,9022001070215004,869,5
191,1,9022001070320005,152,1
191,1,9022001070376002,1190,5
191,1,9022001070379002,1202,5
191,1,9022001070381002,1205,4
191,1,9022001070385002,979,3
191,1,9022001070454002,825,5
191,1,9022001070456002,849,5
191,1,9022001070458002,833,5
191,1,9022001070696002,167,1
191,1,9022001070698002,157,1
191,1,9022001070700002,183,1
191,1,9022001070704002,972,5
191,1,9022001070708002,570,2
191,1,9022001070712002,252,1
191,1,9022001070714002,607,2
191,1,9022001070738001,115,1
191,1,9022001070813002,1209,4
191,1,9022001070831002,643,2
191,1,9022001070833002,666,2
191,1,9022001070927001,200,1
192,0,9022001010122001,218,2
192,0,9022001010291007,-123,2
192,0,9022001010414001,126,2
192,0,9022001010537002,-335,2
192,0,9022001010651001,385,2
192,0,9022001010653001,362,2
192,0,9022001010655001,364,2
192,0,9022001010658002,369,2
192,0,9022001010701002,380,2
192,0,9022001011002011,362,2
192,0,9022001012905001,145,1
192,0,9022001012907001,227,1
192,0,9022001012909001,248,1
192,0,9022001012911003,-157,4
192,0,9022001012912002,251,1
192,0,9022001013053002,233,1
192,0,9022001013069001,260,2
192,0,9022001013373001,281,1
192,0,9022001013397002,280,2
192,0,9022001013401006,-876,5
192,0,9022001013505002,321,2
192,0,9022001013509002,342,2
192,0,9022001013511002,336,2
192,0,9022001013513002,327,2
192,0,9022001013515002,313,2
192,0,9022001013517002,284,2
192,0,9022001013521002,282,2
192,0,9022001013823001,158,1
192,0,9022001013835001,128,1
192,0,9022001013851001,116,1
192,0,9022001013879003,311,2
192,0,9022001070692001,342,2
192,0,9022001070738002,312,2
192,1,9022001010120002,107,1
192,1,9022001010122002,107,1
192,1,9022001010291001,4,1
192,1,9022001010294003,66,1
192,1,9022001010537001,-34,6
192,1,9022001010649005,213,2
192,1,9022001010651002,248,2
192,1,9022001010653002,83,1
192,1,9022001010655002,84,1
192,1,9022001010658001,76,1
192,1,9022001010701001,78,1
192,1,9022001011002010,50,1
192,1,9022001012905002,-35,4
192,1,9022001012907002,146,4
192,1,9022001012909002,175,4
192,1,9022001012911002,161,3
192,1,9022001012912001,245,4
192,1,9022001013053001,132,4
192,1,9022001013069002,260,3
192,1,9022001013373002,304,4
192,1,9022001013397001,364,3
192,1,9022001013401006,-581,4
192,1,9022001013507001,303,3
192,1,9022001013509001,281,3
192,1,9022001013511001,285,3
192,1,9022001013513001,335,3
192,1,9022001013515001,271,3
192,1,9022001013517001,287,3
192,1,9022001013519001,347,3
192,1,9022001013521001,335,3
192,1,9022001013823002,22,4
192,1,9022001013835002,-28,4
192,1,9022001013851002,-48,4
192,1,9022001013879002,304,3
193,0,9022001010122001,247,2
193,0,9022001010250001,460,2
193,0,9022001010261003,427,2
193,0,9022001010291007,82,2
193,0,9022001010397002,424,2
193,0,9022001010414001,148,2
193,0,9022001010537002,-107,2
193,0,9022001011002015,368,2
193,0,9022001011725003,300,2
193,0,9022001013264004,-127,5
193,0,9022001013266008,171,1
193,0,9022001013338005,149,1
193,0,9022001013605002,241,1
193,0,9022001013607002,244,1
193,0,9022001013609002,243,1
193,0,9022001013611002,240,1
193,0,9022001013613002,236,1
193,0,9022001013615002,223,1
193,0,9022001013617002,217,1
193,0,9022001013619002,210,1
193,0,9022001013621002,204,1
193,0,9022001013624003,201,1
193,0,9022001013627002,196,1
193,0,9022001013629002,196,1
193,0,9022001013647001,170,1
193,0,9022001013713002,187,1
193,0,9022001013715002,182,1
193,0,9022001013717002,183,1
193,0,9022001013871001,389,2
193,0,9022001013883002,411,2
193,0,9022001070603002,156,1
193,0,9022001070628001,155,1
193,0,9022001070732002,405,2
193,0,9022001070857002,164,1
193,0,9022001080153003,397,2
193,0,9022001080935002,393,2
193,0,9022001080937002,362,2
193,0,9022001080939002,387,2
193,0,9022001080941003,391,2
193,1,9022001010120002,240,1
193,1,9022001010122002,240,1
193,1,9022001010250002,334,2
193,1,9022001010291001,240,1
193,1,9022001010294003,240,1
193,1,9022001010397001,353,2
193,1,9022001010537001,63,1
193,1,9022001011002012,341,2
193,1,9022001011725009,702,7
193,1,9022001013264003,353,6
193,1,9022001013266002,918,6
193,1,9022001013338004,818,5
193,1,9022001013605001,758,5
193,1,9022001013607001,761,5
193,1,9022001013609001,764,5
193,1,9022001013611001,765,5
193,1,9022001013613001,773,5
193,1,9022001013615001,783,5
193,1,9022001013617001,963,6
193,1,9022001013619001,984,6
193,1,9022001013621001,973,6
193,1,9022001013624002,985,6
193,1,9022001013627001,965,6
193,1,9022001013629001,923,6
193,1,9022001013647002,958,6
193,1,9022001013713001,932,6
193,1,9022001013715001,908,6
193,1,9022001013717001,923,6
193,1,9022001013871002,879,5
193,1,9022001013883001,841,5
193,1,9022001070603001,974,6
193,1,9022001070628002,963,6
193,1,9022001070732001,880,5
193,1,9022001070857001,974,6
193,1,9022001080153004,933,5
193,1,9022001080935001,997,5
193,1,9022001080937001,1041,5
193,1,9022001080939001,984,5
193,1,9022001080941002,985,5
194,0,9022001010122001,-17,1
194,0,9022001010250001,91,1
194,0,9022001010261003,79,1
194,0,9022001010291007,-104,1
194,0,9022001010397002,75,1
194,0,9022001010414001,-64,1
194,0,9022001010537002,-181,1
194,0,9022001011002015,45,1
194,0,9022001011725003,81,1
194,0,9022001013001001,-1425,6
194,0,9022001013549006,93,1
194,0,9022001013877002,126,1
194,0,9022001013883002,156,1
194,0,9022001013885002,150,1
194,0,9022001013886001,134,1
194,0,9022001013887002,145,1
194,0,9022001013888003,128,1
194,1,9022001010537001,-117,2
194,1,9022001011725009,-101,1
194,1,9022001013001001,-116,4
194,1,9022001013003002,435,4
194,1,9022001013005002,460,4
194,1,9022001013007002,513,4
194,1,9022001013009002,513,4
194,1,9022001013011002,574,4
194,1,9022001013549005,605,4
194,1,9022001013581001,604,4
194,1,9022001013877001,613,4
194,1,9022001013883001,507,4
194,1,9022001013885001,662,4
194,1,9022001013886002,606,4
194,1,9022001013887001,640,4
194,1,9022001013888002,668,4
195,0,9022001010122001,878,7
195,0,9022001010250001,1580,7
195,0,9022001010261003,1466,6
195,0,9022001010291007,299,7
195,0,9022001010397002,1453,6
195,0,9022001010414001,520,7
195,0,9022001010537002,-199,7
195,0,9022001011002015,1215,7
195,0,9022001011722001,1383,5
195,0,9022001011725003,809,7
195,0,9022001013031002,1297,5
195,0,9022001013033002,1211,5
195,0,9022001013035002,1187,5
195,0,9022001013037002,1018,5
195,0,9022001013061002,1093,5
195,0,9022001013083002,997,5
195,0,9022001013321002,-397,7
195,0,9022001013323001,458,3
195,0,9022001013325004,460,3
195,0,9022001013335001,392,3
195,0,9022001013751001,1299,5
195,0,9022001014005003,756,4
195,0,9022001070748002,962,5
195,0,9022001070929001,1337,5
195,1,9022001010120002,190,2
195,1,9022001010122002,182,2
195,1,9022001010250002,66,2
195,1,9022001010291001,32,2
195,1,9022001010294003,137,2
195,1,9022001010397001,73,2
195,1,9022001010537001,-265,5
195,1,9022001011002012,105,2
195,1,9022001011723002,733,3
195,1,9022001011725018,38,2
195,1,9022001013031001,886,3
195,1,9022001013033001,957,3
195,1,9022001013035001,964,3
195,1,9022001013037001,1042,3
195,1,9022001013061001,990,3
195,1,9022001013083001,1068,3
195,1,9022001013321002,480,3
195,1,9022001013323002,840,3
195,1,9022001013325005,939,3
195,1,9022001013335002,778,3
195,1,9022001013349001,716,3
195,1,9022001013351001,714,3
195,1,9022001013751002,853,3
195,1,9022001014005002,1084,3
195,1,9022001070748001,1082,3
195,1,9022001070929002,776,3
196,0,9022001010014002,31,8
196,0,9022001010019004,-895,8
196,0,9022001010289004,-1479,8
196,0,9022001010369005,1394,8
196,0,9022001010421002,1424,8
196,0,9022001010473002,1131,8
196,0,9022001012418002,450,5
196,0,9022001012533002,1004,7
196,0,9022001012537002,1391,7
196,0,9022001012557001,1384,7
196,0,9022001050051002,1793,8
196,0,9022001050065002,1381,7
196,0,9022001050067002,1576,7
196,0,9022001050121005,1037,9
196,0,9022001050125001,1378,8
196,0,9022001050126001,1469,8
196,0,9022001050137001,1518,8
196,0,9022001050163001,1213,8
196,0,9022001050237002,1631,8
196,0,9022001050240001,1286,7
196,0,9022001050241002,1347,7
196,0,9022001050242001,1387,7
196,0,9022001051054001,796,6
196,0,9022001051496003,358,5
196,0,9022001051498001,313,5
196,0,9022001051502001,238,5
196,0,9022001051524002,379,5
196,0,9022001051526002,419,5
196,0,9022001051528002,545,5
196,0,9022001051530002,483,5
196,0,9022001051532002,378,5
196,0,9022001051763002,-1119,8
196,1,9022001010014001,29,2
196,1,9022001010019003,42,2
196,1,9022001010369006,-7,2
196,1,9022001010421003,85,2
196,1,9022001010473001,101,2
196,1,9022001010537003,-179,6
196,1,9022001012175002,84,3
196,1,9022001012418001,63,3
196,1,9022001012533001,9,3
196,1,9022001012537001,15,3
196,1,9022001012557002,155,3
196,1,9022001050051003,67,3
196,1,9022001050065001,52,3
196,1,9022001050067001,46,3
196,1,9022001050121003,81,3
196,1,9022001050125002,66,3
196,1,9022001050126002,70,3
196,1,9022001050163001,-10,2
196,1,9022001050237001,63,3
196,1,9022001050240002,77,3
196,1,9022001050241001,86,3
196,1,9022001050242002,118,3
196,1,9022001051054002,56,3
196,1,9022001051496002,1,3
196,1,9022001051498002,-109,3
196,1,9022001051502002,-297,3
196,1,9022001051524001,59,3
196,1,9022001051526001,74,3
196,1,9022001051528001,57,3
196,1,9022001051530001,-39,3
196,1,9022001051532001,74,3
196,1,9022001051763001,-873,3
197,0,9022001010014002,-1190,8
197,0,9022001010019004,-2074,8
197,0,9022001010289004,-2497,8
197,0,9022001010369005,154,8
197,0,9022001010421002,300,8
197,0,9022001010473002,88,8
197,0,9022001012504001,108,8
197,0,9022001012506001,-249,8
197,0,9022001012530002,170,8
197,0,9022001012563002,241,6
197,0,9022001017304002,244,8
197,0,9022001050163001,278,8
197,0,9022001050197002,340,8
197,0,9022001050231002,104,8
197,0,9022001050246001,198,8
197,0,9022001050266001,82,2
197,0,9022001050267002,398,8
197,0,9022001050297002,326,8
197,0,9022001050313002,394,7
197,0,9022001050317002,387,8
197,0,9022001050435002,321,8
197,0,9022001050437002,321,8
197,0,9022001050501009,-660,7
197,0,9022001050565002,351,6
197,0,9022001050567002,319,6
197,0,9022001050579004,-81,6
197,0,9022001050585002,391,6
197,0,9022001051054001,60,6
197,0,9022001051464006,267,6
197,0,9022001051466002,443,6
197,0,9022001051468002,372,6
197,0,9022001051470002,360,6
197,0,9022001051472002,320,6
197,0,9022001051474002,293,6
197,0,9022001051476002,248,6
197,0,9022001051514001,217,6
197,0,9022001060731001,117,6
197,1,9022001010014001,33,1
197,1,9022001010019003,52,1
197,1,9022001010369006,-26,1
197,1,9022001010421003,52,1
197,1,9022001010473001,77,1
197,1,9022001010537003,-336,4
197,1,9022001012504002,29,1
197,1,9022001012506002,-37,1
197,1,9022001012530003,-32,1
197,1,9022001012563001,394,5
197,1,9022001017304001,23,1
197,1,9022001050163001,-27,1
197,1,9022001050197001,-28,1
197,1,9022001050231001,10,1
197,1,9022001050246002,34,1
197,1,9022001050267001,1,1
197,1,9022001050297001,-23,1
197,1,9022001050313001,117,1
197,1,9022001050317001,20,1
197,1,9022001050435001,15,1
197,1,9022001050437001,21,1
197,1,9022001050501002,-1078,5
197,1,9022001050565001,217,5
197,1,9022001050567001,150,5
197,1,9022001050579002,271,5
197,1,9022001050585001,273,5
197,1,9022001051054002,474,4
197,1,9022001051464004,95,5
197,1,9022001051466001,273,5
197,1,9022001051468001,303,5
197,1,9022001051470001,276,5
197,1,9022001051472001,311,5
197,1,9022001051474001,347,5
197,1,9022001051476001,343,5
197,1,9022001051514002,-268,5
197,1,9022001060731002,-668,5
198,0,9022001010014002,-926,9
198,0,9022001010019004,-1917,9
198,0,9022001010289004,-2235,9
198,0,9022001010369005,536,9
198,0,9022001010421002,353,9
198,0,9022001012001003,713,9
198,0,9022001012021001,426,9
198,0,9022001012173005,974,8
198,0,9022001012217004,637,9
198,0,9022001012301001,191,9
198,0,9022001012349002,60,7
198,0,9022001012351003,-176,7
198,0,9022001012481002,517,9
198,0,9022001012496004,862,8
198,0,9022001012569002,963,8
198,0,9022001012579002,564,9
198,0,9022001012583002,752,8
198,0,9022001012585003,859,8
198,0,9022001012587002,733,8
198,0,9022001012590001,458,9
198,0,9022001012592001,474,9
198,0,9022001050097002,168,7
198,0,9022001050103002,47,7
198,0,9022001050105002,96,7
198,0,9022001050107002,76,7
198,0,9022001050109002,67,7
198,0,9022001050111002,13,7
198,0,9022001050113002,4,7
198,0,9022001050115002,-19,7
198,0,9022001050117003,-65,7
198,0,9022001051422001,-19,7
198,0,9022001051571001,102,7
198,0,9022001051612002,51,3
198,0,9022001055030001,-890,9
198,1,9022001010537003,-266,3
198,1,9022001012001002,179,2
198,1,9022001012021002,229,2
198,1,9022001012173004,39,2
198,1,9022001012217003,83,2
198,1,9022001012301002,58,2
198,1,9022001012349001,488,4
198,1,9022001012351001,364,4
198,1,9022001012481001,317,4
198,1,9022001012496003,57,2
198,1,9022001012569001,33,2
198,1,9022001012579001,252,2
198,1,9022001012583001,129,2
198,1,9022001012585002,89,2
198,1,9022001012587001,63,2
198,1,9022001012590002,351,4
198,1,9022001012592002,360,4
198,1,9022001050097001,399,4
198,1,9022001050103001,284,4
198,1,9022001050105001,202,4
198,1,9022001050107001,117,4
198,1,9022001050109001,64,4
198,1,9022001050111001,-21,4
198,1,9022001050113001,-78,4
198,1,9022001050115001,-136,4
198,1,9022001050117004,-203,4
198,1,9022001051422002,-335,4
198,1,9022001051571002,-609,4
198,1,9022001051612001,-486,4
198,1,9022001055030002,-1083,4
199,0,9022001012138006,381,3
199,0,9022001012301005,150,6
199,0,9022001012325002,490,3
199,0,9022001012327002,487,3
199,0,9022001012329002,433,3
199,0,9022001012330001,463,3
199,0,9022001012331002,457,3
199,0,9022001012338001,283,3
199,0,9022001012427002,1028,6
199,0,9022001012431002,1012,6
199,0,9022001012435002,945,6
199,0,9022001012437002,907,6
199,0,9022001012452001,724,6
199,0,9022001012456001,921,6
199,0,9022001012458001,793,4
199,0,9022001012460001,414,3
199,0,9022001012464001,1170,6
199,0,9022001012466001,1123,6
199,0,9022001012468001,1097,6
199,0,9022001012470001,1091,6
199,0,9022001012476001,1014,6
199,0,9022001012482001,1041,6
199,0,9022001012484001,1185,6
199,0,9022001012486001,975,6
199,0,9022001012511002,803,6
199,0,9022001012530002,283,3
199,0,9022001012533002,184,3
199,0,9022001012540003,382,3
199,0,9022001050073001,415,3
199,0,9022001050075001,427,3
199,0,9022001050077001,442,3
199,0,9022001050313001,283,3
199,0,9022001050317001,283,3
199,0,9022001051153002,364,3
199,0,9022001051568001,943,6
199,1,9022001012138007,215,4
199,1,9022001012301001,-282,6
199,1,9022001012325001,342,4
199,1,9022001012327001,310,4
199,1,9022001012329001,300,4
199,1,9022001012330002,315,4
199,1,9022001012331001,277,4
199,1,9022001012338002,219,4
199,1,9022001012427001,375,4
199,1,9022001012429001,388,4
199,1,9022001012431001,364,4
199,1,9022001012433001,376,4
199,1,9022001012435001,340,4
199,1,9022001012437001,290,4
199,1,9022001012439001,498,4
199,1,9022001012452002,342,4
199,1,9022001012456002,271,4
199,1,9022001012458002,399,4
199,1,9022001012460002,475,4
199,1,9022001012466002,514,4
199,1,9022001012468002,494,4
199,1,9022001012470002,508,4
199,1,9022001012476002,425,4
199,1,9022001012482002,493,4
199,1,9022001012484002,496,4
199,1,9022001012511001,329,4
199,1,9022001012530002,-391,4
199,1,9022001012533001,100,4
199,1,9022001012540004,244,3
199,1,9022001050073002,255,4
199,1,9022001050075002,272,4
199,1,9022001050077002,294,4
199,1,9022001050313002,302,4
199,1,9022001050317002,133,4
199,1,9022001051153001,231,4
199,1,9022001051568002,327,4
2,0,9022001000301001,435,2
2,0,9022001000306001,242,2
2,0,9022001000401006,-669,1
2,0,9022001000402001,190,1
2,0,9022001000403001,197,1
2,0,9022001000407001,317,1
2,0,9022001000408001,-291,2
2,0,9022001000409001,259,1
2,0,9022001000432001,228,1
2,0,9022001000902001,-25,1
2,0,9022001000903001,1,2
2,0,9022001000904001,-93,1
2,0,9022001000905001,-38,1
2,0,9022001000907001,10,1
2,0,9022001000908001,-16,1
2,0,9022001000951001,17,1
2,0,9022001000955001,1,2
2,0,9022001010031005,12134,106
2,0,9022001010102001,11566,100
2,0,9022001010107002,16415,116
2,0,9022001010110001,16916,115
2,0,9022001010112001,14862,109
2,0,9022001010122001,6305,82
2,0,9022001010151001,8310,117
2,0,9022001010188001,18419,117
2,0,9022001010191001,19131,117
2,0,9022001010226001,-5217,117
2,0,9022001010227003,-26559,117
2,0,9022001010230001,4906,117
2,0,9022001010231002,-790,117
2,0,9022001010250001,6598,59
2,0,9022001010254003,3782,49
2,0,9022001010255004,1938,46
2,0,9022001010256003,1326,42
2,0,9022001010414001,9371,89
2,0,9022001010881003,-32719,203
2,0,9022001010976001,1468,40
2,0,9022001011002015,1453,78
2,1,9022001000903001,-269,1
2,1,9022001010031004,9087,95
2,1,9022001010107001,4847,76
2,1,9022001010110002,6063,80
2,1,9022001010112002,7857,83
2,1,9022001010120002,7980,103
2,1,9022001010122002,6864,105
2,1,9022001010151005,-1939,67
2,1,9022001010188002,2628,73
2,1,9022001010226002,2528,44
2,1,9022001010227001,-12750,168
2,1,9022001010230002,2137,51
2,1,9022001010231001,2614,44
2,1,9022001010250002,-904,128
2,1,9022001010254001,1790,128
2,1,9022001010255002,4029,129
2,1,9022001010256001,3002,129
2,1,9022001010294003,7487,101
2,1,9022001010881003,-14185,129
2,1,9022001010976002,-443,129
2,1,9022001011002014,240,126
20,0,9022001000202001,-1800,3
20,0,9022001000209001,-1228,2
20,0,9022001000210001,-241,2
20,0,9022001000211001,-47,1
20,0,9022001000212001,-115,1
20,0,9022001000213001,-2,1
20,0,9022001000214001,-120,1
20,0,9022001000219001,-1119,2
20,1,9022001000209001,-2347,4
20,1,9022001000210001,99,1
20,1,9022001000214001,-170,1
20,1,9022001000219001,-340,3
201,0,9022001010032014,-18548,111
201,0,9022001020021002,1282,113
201,0,9022001020031002,2872,113
201,0,9022001020041002,-290,111
201,0,9022001020051002,762,113
201,0,9022001020061002,1850,108
201,0,9022001020071002,1553,113
201,0,9022001020081002,920,113
201,0,9022001020091002,1163,112
201,0,9022001020101002,3034,108
201,0,9022001020111002,2611,108
201,0,9022001020121002,2718,106
201,0,9022001020131002,3967,106
201,0,9022001020141002,3017,105
201,0,9022001020152001,-31037,115
201,0,9022001020161002,127,4
201,0,9022001020163001,-722,5
201,1,9022001010032006,-7916,104
201,1,9022001020021001,1622,27
201,1,9022001020031001,2777,27
201,1,9022001020041001,2863,27
201,1,9022001020051001,4470,31
201,1,9022001020061001,4479,31
201,1,9022001020071001,4537,31
201,1,9022001020081001,4803,31
201,1,9022001020091001,3815,31
201,1,9022001020101001,3212,31
201,1,9022001020111001,2799,31
201,1,9022001020121001,1657,31
201,1,9022001020131001,-38,31
201,1,9022001020141001,-527,31
201,1,9022001020152001,-2723,31
203,0,9022001010032014,-12888,108
203,0,9022001020651002,5385,108
203,0,9022001020911002,5023,108
203,0,9022001020921002,5570,108
203,0,9022001020931002,6132,108
203,0,9022001020941002,4023,108
203,0,9022001020951001,-13271,117
203,1,9022001010032007,-10187,119
203,1,9022001020651001,-132,34
203,1,9022001020911001,-173,34
203,1,9022001020921001,-127,34
203,1,9022001020931001,-309,34
203,1,9022001020941001,220,34
203,1,9022001020951001,-1539,35
204,0,9022001010032014,-6904,46
204,0,9022001020021002,2069,46
204,0,9022001020031002,2665,46
204,0,9022001020041002,1295,45
204,0,9022001020043002,1310,46
204,0,9022001020211002,2007,46
204,0,9022001020221002,2057,46
204,0,9022001020231002,1806,45
204,0,9022001020241002,2376,45
204,0,9022001020251002,2887,45
204,0,9022001020261002,2412,45
204,0,9022001020271002,1746,45
204,0,9022001020281002,2172,45
204,0,9022001020291002,1713,45
204,0,9022001020311002,2850,45
204,0,9022001020321002,2937,45
204,0,9022001020331002,2702,45
204,0,9022001020341001,-409,1
204,0,9022001020351002,2648,45
204,0,9022001020371002,2701,45
204,0,9022001020381002,2525,44
204,0,9022001020392001,-9988,54
204,1,9022001010032004,-2611,39
204,1,9022001020021001,513,9
204,1,9022001020031001,1087,10
204,1,9022001020041001,1195,10
204,1,9022001020043001,1743,13
204,1,9022001020211001,1775,13
204,1,9022001020221001,1818,14
204,1,9022001020231003,1503,14
204,1,9022001020241001,1627,14
204,1,9022001020251001,1793,15
204,1,9022001020261001,2010,15
204,1,9022001020271001,2290,15
204,1,9022001020281001,2099,15
204,1,9022001020291001,1699,15
204,1,9022001020311001,1163,15
204,1,9022001020321001,847,15
204,1,9022001020331001,437,15
204,1,9022001020351001,262,15
204,1,9022001020371001,-217,15
204,1,9022001020381001,-643,15
204,1,9022001020392001,-1683,15
205,0,9022001010032009,-2319,37
205,0,9022001010032014,-9311,49
205,0,9022001020021002,1838,84
205,0,9022001020031002,2382,83
205,0,9022001020041002,27,82
205,0,9022001020641002,3176,82
205,0,9022001020651002,3079,82
205,0,9022001020661002,3268,82
205,0,9022001020671002,4123,81
205,0,9022001020673002,4174,81
205,0,9022001020691002,2527,78
205,0,9022001020702001,-14669,86
205,0,9022001020711002,2962,81
205,0,9022001060301003,-6308,38
205,0,9022001069009001,-3359,38
205,0,9022001069011001,-2767,38
205,1,9022001010032008,-3780,88
205,1,9022001020021001,508,54
205,1,9022001020031001,2584,54
205,1,9022001020041001,2360,54
205,1,9022001020641001,3627,56
205,1,9022001020651001,2587,56
205,1,9022001020661001,978,56
205,1,9022001020671001,-981,56
205,1,9022001020673001,-2696,56
205,1,9022001020691001,-2272,56
205,1,9022001020702001,-7088,57
205,1,9022001020711001,-2267,56
205,1,9022001020721001,2088,56
205,1,9022001060301004,-72,21
205,1,9022001069009002,1698,25
205,1,9022001069011002,691,23
206,0,9022001010032014,-20603,114
206,0,9022001020021002,1046,114
206,0,9022001020031002,2575,114
206,0,9022001020041002,-1471,114
206,0,9022001020761002,2245,114
206,0,9022001020771002,4316,114
206,0,9022001020781002,3344,114
206,0,9022001020791002,3107,113
206,0,9022001020801002,3501,110
206,0,9022001020812001,-374,109
206,0,9022001021031002,-818,107
206,0,9022001021041002,-27328,125
206,0,9022001021051001,-2,108
206,1,9022001010032003,-8277,92
206,1,9022001020021001,1472,20
206,1,9022001020031001,3257,21
206,1,9022001020041001,3290,21
206,1,9022001020761001,5377,28
206,1,9022001020771001,5314,28
206,1,9022001020781001,5107,28
206,1,9022001020791001,5105,28
206,1,9022001020801001,4791,28
206,1,9022001020812001,3995,28
206,1,9022001021031001,2002,28
206,1,9022001021041001,-2342,28
206,1,9022001021051002,1870,28
21,0,9022001000201001,-103,8
21,0,9022001000202001,-257,6
21,0,9022001000204001,-4654,12
21,0,9022001022011001,-3391,22
21,0,9022001022011002,-8204,56
21,0,9022001022021001,-1752,22
21,0,9022001022021002,-2360,42
21,0,9022001022031001,-1949,61
21,0,9022001022041001,-5,59
21,0,9022001022051001,712,56
21,0,9022001022061002,-2375,58
21,0,9022001022071001,3173,50
21,0,9022001022091001,1092,50
21,0,9022001022101001,1886,49
21,0,9022001022111001,-196,43
21,0,9022001022121001,-5894,90
21,0,9022001022142002,-476,35
21,0,9022001022151001,-16451,139
21,1,9022001000201001,-8247,17
21,1,9022001000202001,-1306,7
21,1,9022001000203001,-1041,7
21,1,9022001000204001,-2048,7
21,1,9022001022011001,-6000,50
21,1,9022001022011002,-16879,141
21,1,9022001022021001,84,4
21,1,9022001022021002,599,19
21,1,9022001022031002,862,29
21,1,9022001022041002,1613,32
21,1,9022001022051002,2615,36
21,1,9022001022061003,-214,56
21,1,9022001022071002,2761,54
21,1,9022001022091002,269,60
21,1,9022001022101002,1778,60
21,1,9022001022111002,-605,60
21,1,9022001022121001,-1084,16
21,1,9022001022121002,-98,44
21,1,9022001022142001,1308,41
21,1,9022001022151001,-5829,41
21,1,9022001022151002,-386,3
211,0,9022001010032014,-1815,12
211,0,9022001020021002,64,12
211,0,9022001020031002,138,12
211,0,9022001020041002,-297,12
211,0,9022001020043002,-297,12
211,0,9022001020211002,-100,12
211,0,9022001020221002,-42,12
211,0,9022001020231002,12,12
211,0,9022001020241002,106,12
211,0,9022001020251002,285,12
211,0,9022001020261002,189,12
211,0,9022001020293002,86,12
211,0,9022001020295001,-3770,19
211,1,9022001010032004,-1734,14
211,1,9022001020021001,-83,1
211,1,9022001020031001,-45,1
211,1,9022001020041001,-53,1
211,1,9022001020043001,11,1
211,1,9022001020211001,10,1
211,1,9022001020221001,7,1
211,1,9022001020231003,-17,1
211,1,9022001020241001,-8,1
211,1,9022001020251001,-66,1
211,1,9022001020261001,-74,1
211,1,9022001020293001,-105,1
211,1,9022001020295001,-157,1
212,0,9022001010032014,-7892,52
212,0,9022001020021002,2154,52
212,0,9022001020031002,2872,52
212,0,9022001020041002,1606,52
212,0,9022001020043002,1560,52
212,0,9022001020211002,2242,52
212,0,9022001020221002,2233,52
212,0,9022001020231002,2308,52
212,0,9022001020241002,2532,50
212,0,9022001020251002,3034,50
212,0,9022001020261002,2436,50
212,0,9022001020271002,1613,50
212,0,9022001020281002,1960,50
212,0,9022001020291002,1209,51
212,0,9022001020461002,3098,50
212,0,9022001020471002,2552,50
212,0,9022001020481002,2697,50
212,0,9022001020491002,2651,49
212,0,9022001020501002,1469,49
212,0,9022001020512001,-9307,53
212,1,9022001010032004,-4677,55
212,1,9022001020021001,1009,11
212,1,9022001020031001,1484,11
212,1,9022001020041001,1797,12
212,1,9022001020043001,3322,21
212,1,9022001020211001,3687,26
212,1,9022001020221001,4161,29
212,1,9022001020231003,3594,30
212,1,9022001020241001,3784,30
212,1,9022001020251001,3699,31
212,1,9022001020261001,4067,31
212,1,9022001020271001,4540,31
212,1,9022001020281001,4220,31
212,1,9022001020291001,3511,30
212,1,9022001020461001,2534,29
212,1,9022001020471001,996,29
212,1,9022001020481001,518,29
212,1,9022001020491001,-912,29
212,1,9022001020501001,-1378,29
212,1,9022001020512001,-3032,30
21B,0,9022001021181001,-6480,36
21B,0,9022001021202001,-10296,44
21B,1,9022001020680001,-2131,46
21B,1,9022001021181001,-3201,47
21B,1,9022001021202001,-2798,47
22,0,9022001000220001,289,3
22,0,9022001000221001,1068,3
22,0,9022001000222001,303,1
22,0,9022001000224001,-780,2
22,0,9022001000601001,-697,3
22,1,9022001000220001,-63,3
22,1,9022001000221001,-39,3
22,1,9022001000222001,350,3
22,1,9022001000223001,324,3
22,1,9022001000224001,-662,3
22,1,9022001000601001,-3398,6
222,0,9022001010032014,-122,1
222,0,9022001020231004,146,1
222,0,9022001020241002,100,1
222,0,9022001020251002,83,1
222,0,9022001020261002,48,1
222,0,9022001020291002,-139,2
222,1,9022001010032004,-822,8
222,1,9022001020231003,-22,1
222,1,9022001020241001,-4,1
222,1,9022001020251001,3,1
222,1,9022001020261001,23,1
222,1,9022001020271001,44,1
222,1,9022001020281001,42,1
222,1,9022001020291002,-34,1
225,0,9022001010032014,-1512,8
225,0,9022001020651002,54,8
225,0,9022001020661002,132,8
225,0,9022001020671002,314,8
225,0,9022001020673002,310,8
225,0,9022001020691002,60,8
225,0,9022001020702001,-2256,7
225,0,9022001020711002,148,8
225,0,9022001020911002,26,8
225,1,9022001010032008,-797,11
225,1,9022001020651001,-404,4
225,1,9022001020661001,-361,4
225,1,9022001020671001,-406,4
225,1,9022001020673001,-442,4
225,1,9022001020691001,-265,4
225,1,9022001020702001,-515,4
225,1,9022001020711001,-350,4
225,1,9022001020721001,-337,4
225,1,9022001020911001,-373,4
23,0,9022001000101001,-185,1
23,0,9022001000102001,-615,5
23,1,9022001000101001,-4410,8
238,0,9022001020001002,1177,31
238,0,9022001020003001,1807,14
238,0,9022001020003002,2434,32
238,0,9022001020021001,-3107,36
238,0,9022001020031001,-113,35
238,0,9022001020041001,-2828,35
238,0,9022001020051001,1758,35
238,0,9022001020061001,1298,35
238,0,9022001020071003,1283,35
238,0,9022001020221001,1014,35
238,0,9022001020231004,-358,35
238,0,9022001020812001,-761,56
238,0,9022001020931001,-2199,35
238,0,9022001020941001,-3241,35
238,0,9022001020951001,-5396,35
238,0,9022001020961002,2513,32
238,0,9022001020971002,3027,32
238,0,9022001020981002,3901,32
238,0,9022001020991002,3908,32
238,0,9022001021001002,3932,32
238,0,9022001021011002,4211,32
238,0,9022001021021002,3980,32
238,0,9022001023071002,3201,32
238,0,9022001028005001,1839,32
238,1,9022001020001001,-8511,62
238,1,9022001020003001,429,62
238,1,9022001020003002,-2839,61
238,1,9022001020041002,169,41
238,1,9022001020051002,811,41
238,1,9022001020061002,884,40
238,1,9022001020071004,618,40
238,1,9022001020221002,480,40
238,1,9022001020231002,773,40
238,1,9022001020761001,1437,41
238,1,9022001020812002,-16853,62
238,1,9022001020931002,1312,40
238,1,9022001020941002,1000,40
238,1,9022001020951001,-2844,41
238,1,9022001021001001,-811,44
238,1,9022001021011001,-769,59
238,1,9022001021021001,-740,62
238,1,9022001023071001,-1375,62
238,1,9022001028005001,-6792,62
25,0,9022001000520001,-421,1
25,0,9022001000521001,25,1
25,0,9022001000522001,-67,1
25,0,9022001007501001,-14455,132
25,0,9022001007511001,754,27
25,0,9022001007521001,235,29
25,0,9022001007531001,665,6
25,0,9022001007531002,1374,25
25,0,9022001007541001,574,32
25,0,9022001007551001,1267,34
25,0,9022001007561002,-411,56
25,0,9022001007571001,-8,56
25,0,9022001007581001,-2762,56
25,0,9022001007591001,-2129,56
25,1,9022001000520001,-66,2
25,1,9022001000521001,241,1
25,1,9022001000522001,255,1
25,1,9022001000523001,307,1
25,1,9022001000524001,201,1
25,1,9022001000525001,-55,1
25,1,9022001007501001,-728,38
25,1,9022001007501002,-95,2
25,1,9022001007511001,2801,40
25,1,9022001007521001,1262,40
25,1,9022001007531001,-2000,36
25,1,9022001007531002,300,3
25,1,9022001007531003,-269,4
25,1,9022001007541002,507,32
25,1,9022001007551001,224,32
25,1,9022001007561001,-198,32
25,1,9022001007571002,-1049,32
25,1,9022001007581001,-343,32
25,1,9022001007591001,-11760,98
25,1,9022001007591002,-120,1
25M,0,9022001010248001,-1899,44
25M,0,9022001010595002,2985,41
25M,0,9022001040137001,-380,22
25M,0,9022001040138001,-418,26
25M,0,9022001040159001,-4993,55
25M,0,9022001040161002,205,22
25M,0,9022001040163002,703,22
25M,0,9022001040164001,1089,21
25M,0,9022001040165001,1488,18
25M,0,9022001040243002,2932,39
25M,1,9022001010248003,-175,81
25M,1,9022001010595003,1886,31
25M,1,9022001040137001,-1100,53
25M,1,9022001040138001,-1250,57
25M,1,9022001040159001,-14340,60
25M,1,9022001040161001,4573,50
25M,1,9022001040163001,6366,50
25M,1,9022001040164002,5591,51
25M,1,9022001040165002,-1586,53
25M,1,9022001040243001,2737,37
26,0,9022001000301001,-471,3
26,0,9022001000306001,-1611,3
26,0,9022001000401005,-1949,3
26,0,9022001000513001,-100,1
26,0,9022001000514001,184,1
26,0,9022001000515001,154,1
26,0,9022001000525001,-232,1
26,0,9022001000529001,-1216,2
26,0,9022001000550001,-151,1
26,0,9022001000831001,-65,2
26,0,9022001000832001,62,2
26,0,9022001000902001,-964,3
26,0,9022001000903001,-499,3
26,0,9022001000955001,-939,3
26,0,9022001007531003,-1502,35
26,0,9022001007541001,4,2
26,0,9022001007551001,46,3
26,0,9022001007561002,-3,3
26,0,9022001007571001,-12,3
26,0,9022001007581001,-209,3
26,0,9022001007591001,-83,3
26,0,9022001007641001,-16772,149
26,0,9022001007651001,-1160,35
26,0,9022001007661001,851,35
26,0,9022001007671001,879,35
26,1,9022001000301002,-1220,2
26,1,9022001000401005,-6,1
26,1,9022001000501001,-48,2
26,1,9022001000502001,127,2
26,1,9022001000503001,486,2
26,1,9022001000504001,290,2
26,1,9022001000505001,239,2
26,1,9022001000506001,201,2
26,1,9022001000507001,263,2
26,1,9022001000508001,18,2
26,1,9022001000509001,156,2
26,1,9022001000510001,275,2
26,1,9022001000511001,464,2
26,1,9022001000512001,814,3
26,1,9022001000513001,330,3
26,1,9022001000526001,-29,3
26,1,9022001000527001,102,3
26,1,9022001000528001,-750,3
26,1,9022001000529001,-987,3
26,1,9022001000831001,186,1
26,1,9022001000832001,393,2
26,1,9022001000833001,-127,2
26,1,9022001000844001,176,1
26,1,9022001007531003,-10453,106
26,1,9022001007591001,-480,4
26,1,9022001007641001,-197,7
26,1,9022001007651001,592,7
26,1,9022001007661001,535,7
26,1,9022001007671001,442,7
26C,0,9022001010595002,55,4
26C,0,9022001010910002,-84,5
26C,0,9022001017134001,139,3
26C,0,9022001040141003,-378,4
26C,0,9022001040161002,-26,3
26C,0,9022001040168001,81,3
26C,0,9022001040243002,61,4
26M,0,9022001010248001,-5046,44
26M,0,9022001010595002,-1687,37
26M,0,9022001017134001,403,20
26M,0,9022001040137001,-4170,27
26M,0,9022001040138001,-4815,28
26M,0,9022001040141003,-8153,71
26M,0,9022001040161002,-1650,20
26M,0,9022001040168001,-437,20
26M,0,9022001040243002,801,37
26M,1,9022001010248003,44,66
26M,1,9022001010595003,1604,25
26M,1,9022001017134002,-8007,43
26M,1,9022001040137001,584,33
26M,1,9022001040138001,-105,34
26M,1,9022001040141001,-16903,46
26M,1,9022001040161001,3496,39
26M,1,9022001040168002,-1977,42
26M,1,9022001040243001,1575,27
27,0,9022001000539001,-602,1
27,0,9022001006601002,-7049,13
27,0,9022001006601003,-2830,5
27,0,9022001006601004,-5876,12
27,0,9022001006601005,-50622,95
27,0,9022001006601006,-1648,3
27,0,9022001006601007,-5722,14
27,0,9022001006651004,381,14
27,0,9022001006661001,988,20
27,0,9022001006851001,-1351,65
27,0,9022001006881002,-1768,27
27,0,9022001006881003,-61,1
27,0,9022001006901001,-796,28
27,0,9022001006911001,-3348,28
27,0,9022001007111001,622,12
27,0,9022001007131001,435,12
27,0,9022001007141001,290,12
27,0,9022001007171001,327,26
27,0,9022001007181001,1561,49
27,0,9022001007191001,-996,50
27,0,9022001007301001,909,50
27,0,9022001007311001,896,51
27,0,9022001007321001,577,51
27,0,9022001007331001,-1744,51
27,0,9022001007341001,-2675,52
27,0,9022001007361001,-5230,77
27,0,9022001007371001,-838,50
27,0,9022001007371002,-2846,27
27,0,9022001007381001,-1681,28
27,0,9022001007401002,-11,28
27,0,9022001007498002,-330,28
27,1,9022001000301003,-597,1
27,1,9022001006601002,-728,18
27,1,9022001006601003,-437,8
27,1,9022001006601004,-133,6
27,1,9022001006601005,-1955,39
27,1,9022001006601006,-9,1
27,1,9022001006601007,-610,12
27,1,9022001006651003,-1156,80
27,1,9022001006661002,616,77
27,1,9022001006851002,-1097,27
27,1,9022001006881001,-467,4
27,1,9022001006881002,-5640,47
27,1,9022001006901001,-34,1
27,1,9022001006911001,-3480,29
27,1,9022001007111002,29,84
27,1,9022001007131002,-1449,80
27,1,9022001007141002,-2059,80
27,1,9022001007171002,1796,79
27,1,9022001007181002,370,53
27,1,9022001007191003,-4418,52
27,1,9022001007301002,440,52
27,1,9022001007311002,834,52
27,1,9022001007321002,-3096,52
27,1,9022001007331002,-2616,52
27,1,9022001007341002,-1148,28
27,1,9022001007361002,-2286,26
27,1,9022001007371001,-8667,73
27,1,9022001007371002,-1469,26
27,1,9022001007381001,-794,26
27,1,9022001007401002,-65,1
27,1,9022001007498002,-303,26
27S,0,9022001006601002,-542,1
27S,0,9022001006601003,-2830,5
27S,0,9022001006601004,-12996,23
27S,0,9022001006601005,-3962,7
27S,0,9022001006601006,-5096,9
27S,0,9022001006601007,-3395,6
27S,0,9022001006651004,342,13
27S,0,9022001006661001,517,13
27S,0,9022001006851001,1714,26
27S,0,9022001006881002,-153,7
27S,0,9022001006881003,-651,19
27S,0,9022001006901001,-690,17
27S,0,9022001006911001,-2239,17
27S,0,9022001007111001,752,13
27S,0,9022001007131001,540,13
27S,0,9022001007141001,303,13
27S,0,9022001007171001,106,13
27S,0,9022001007181001,254,12
27S,0,9022001007191001,-11,13
27S,0,9022001007301001,334,13
27S,0,9022001007311001,1004,13
27S,0,9022001007321001,1100,15
27S,0,9022001007331001,-822,26
27S,0,9022001007341001,112,26
27S,0,9022001007361001,-1260,26
27S,0,9022001007371002,-2229,26
27S,0,9022001007381001,-1232,26
27S,0,9022001007401002,-277,17
27S,0,9022001007498002,64,26
27S,1,9022001006601002,83,1
27S,1,9022001006601003,154,7
27S,1,9022001006601004,-520,12
27S,1,9022001006601005,-107,3
27S,1,9022001006601006,-169,4
27S,1,9022001006601007,-182,4
27S,1,9022001006651003,-272,31
27S,1,9022001006661002,485,31
27S,1,9022001006851002,747,17
27S,1,9022001006881001,-289,3
27S,1,9022001006881002,-2759,23
27S,1,9022001006901001,-21,3
27S,1,9022001006911001,-2280,19
27S,1,9022001007111002,452,31
27S,1,9022001007131002,38,30
27S,1,9022001007141002,-120,31
27S,1,9022001007171002,901,28
27S,1,9022001007181002,524,28
27S,1,9022001007191003,-3390,31
27S,1,9022001007301002,-589,17
27S,1,9022001007311002,623,15
27S,1,9022001007321002,861,16
27S,1,9022001007331002,-683,17
27S,1,9022001007341002,-318,17
27S,1,9022001007361002,-781,17
27S,1,9022001007371002,-373,17
27S,1,9022001007381001,86,17
27S,1,9022001007401002,-154,3
27S,1,9022001007498002,422,5
28,0,9022001000515001,-1582,5
28,0,9022001000525001,-2274,5
28,0,9022001000526001,-219,4
28,0,9022001000527001,367,4
28,0,9022001000529001,-598,1
28,0,9022001000530001,-1091,3
28,0,9022001000531001,-356,2
28,0,9022001000555001,-1026,5
28,0,9022001000556001,-1912,5
28,0,9022001006601002,-30127,49
28,0,9022001006601003,-6470,13
28,0,9022001006601004,-13344,29
28,0,9022001006601005,-8952,16
28,0,9022001006601006,-6594,11
28,0,9022001006601007,-3823,7
28,0,9022001006651004,1103,36
28,0,9022001006661001,2030,36
28,0,9022001006741002,-3205,68
28,0,9022001006761001,-1909,78
28,0,9022001006781001,1666,67
28,0,9022001006791001,-3663,67
28,0,9022001007001001,2289,39
28,0,9022001007011001,2408,41
28,0,9022001007021003,1814,47
28,0,9022001007031001,-1272,55
28,0,9022001007035001,143,68
28,0,9022001007051001,-289,77
28,0,9022001007071001,-4011,65
28,0,9022001007071002,-1314,22
28,0,9022001007111001,2314,36
28,0,9022001007131001,1997,36
28,0,9022001007141001,1278,36
28,0,9022001007171001,1519,36
28,0,9022001007181001,1870,37
28,0,9022001007191002,-451,37
28,1,9022001000515001,598,1
28,1,9022001000525001,-3620,7
28,1,9022001000526001,-2806,3
28,1,9022001000527001,21508,8
28,1,9022001000530001,-134,2
28,1,9022001000555001,339,2
28,1,9022001000556001,8955,5
28,1,9022001006601002,371,16
28,1,9022001006601003,-8,1
28,1,9022001006601004,144,20
28,1,9022001006601005,-540,24
28,1,9022001006601006,-65,2
28,1,9022001006601007,-157,5
28,1,9022001006651003,964,66
28,1,9022001006661002,3428,64
28,1,9022001006741001,-969,34
28,1,9022001006761002,639,22
28,1,9022001006781001,309,5
28,1,9022001006791001,-4340,38
28,1,9022001006791004,-4440,37
28,1,9022001007001002,-296,59
28,1,9022001007011002,2585,52
28,1,9022001007021001,-473,37
28,1,9022001007031002,923,36
28,1,9022001007035002,414,36
28,1,9022001007051002,-135,34
28,1,9022001007071002,-3360,28
28,1,9022001007071003,-9,21
28,1,9022001007111002,2507,68
28,1,9022001007131002,1416,68
28,1,9022001007141002,349,67
28,1,9022001007171002,4966,64
28,1,9022001007181002,3242,64
28,1,9022001007191004,-1885,59
282,0,9022001020231004,-154,1
282,0,9022001020241002,-115,1
282,0,9022001020251002,-24,1
282,0,9022001020261002,5,1
282,0,9022001020271002,-3,1
282,0,9022001020281002,33,1
282,0,9022001020291002,38,1
282,0,9022001020311002,56,1
282,0,9022001020321002,53,1
282,0,9022001020331002,37,1
282,0,9022001020351002,29,1
282,0,9022001020371002,25,1
282,0,9022001020381002,20,1
282,0,9022001020392001,-59,1
282,0,9022001020931001,-298,1
28S,0,9022001006601002,-4972,10
28S,0,9022001006601003,-14057,27
28S,0,9022001006601004,-6938,13
28S,0,9022001006601005,-2234,4
28S,0,9022001006601006,-1921,4
28S,0,9022001006601007,-14786,31
28S,0,9022001006651004,505,14
28S,0,9022001006661001,277,14
28S,0,9022001006741002,1781,31
28S,0,9022001006761001,469,38
28S,0,9022001006781001,2530,38
28S,0,9022001006791001,-296,11
28S,0,9022001006791004,258,27
28S,0,9022001007001001,1181,14
28S,0,9022001007011001,1069,14
28S,0,9022001007021003,83,14
28S,0,9022001007031001,41,24
28S,0,9022001007035001,332,24
28S,0,9022001007051001,1005,38
28S,0,9022001007071001,-787,38
28S,0,9022001007131001,309,3
28S,0,9022001007141001,510,13
28S,0,9022001007171001,-231,14
28S,0,9022001007181001,178,14
28S,0,9022001007191002,217,14
28S,1,9022001006601002,-24,8
28S,1,9022001006601003,562,7
28S,1,9022001006601004,55,1
28S,1,9022001006601006,23,3
28S,1,9022001006601007,17,9
28S,1,9022001006651003,764,27
28S,1,9022001006661002,1359,27
28S,1,9022001006741001,955,24
28S,1,9022001006761002,620,10
28S,1,9022001006791001,-8517,71
28S,1,9022001007001002,-215,25
28S,1,9022001007011002,1110,25
28S,1,9022001007021001,-272,25
28S,1,9022001007031002,771,24
28S,1,9022001007035002,486,24
28S,1,9022001007051002,640,11
28S,1,9022001007071003,-309,10
28S,1,9022001007111002,1740,28
28S,1,9022001007131002,1316,28
28S,1,9022001007141002,963,28
28S,1,9022001007171002,1807,27
28S,1,9022001007181002,968,25
28S,1,9022001007191004,-892,25
29,0,9022001000602001,-374,1
29,0,9022001000603001,164,1
29,0,9022001000604001,-3781,8
29,0,9022001006601002,-6645,12
29,0,9022001006601003,-19057,34
29,0,9022001006601004,-2264,4
29,0,9022001006601005,-5812,10
29,0,9022001006601006,-16823,30
29,0,9022001006601007,-19688,35
29,0,9022001006651002,1184,38
29,0,9022001006921001,2539,40
29,0,9022001006941002,725,51
29,0,9022001006971001,-133,51
29,0,9022001007111001,2507,38
29,0,9022001007131001,2887,38
29,0,9022001007141001,954,38
29,0,9022001007221001,1636,50
29,0,9022001007241001,2707,51
29,0,9022001007251001,1276,51
29,1,9022001000602001,-8097,14
29,1,9022001000603001,10006,3
29,1,9022001000604001,6969,4
29,1,9022001006601002,-65,6
29,1,9022001006601003,-275,11
29,1,9022001006601004,-54,2
29,1,9022001006601005,27,2
29,1,9022001006601006,-150,7
29,1,9022001006601007,-494,13
29,1,9022001006651001,749,41
29,1,9022001006921001,2155,41
29,1,9022001006941001,1548,30
29,1,9022001006971001,-10483,91
29,1,9022001007111002,1256,41
29,1,9022001007131002,2089,41
29,1,9022001007141002,3184,41
29,1,9022001007221001,4243,41
29,1,9022001007241001,822,10
29,1,9022001007251001,533,4
291,0,9022001010019003,-432,3
291,0,9022001010024001,-71,3
291,0,9022001010031002,-191,3
291,0,9022001010032008,141,2
291,0,9022001010032014,-270,5
291,0,9022001010034001,-150,3
291,0,9022001010064002,101,3
291,0,9022001010199005,-101,3
291,0,9022001010505002,-96,3
291,0,9022001010847002,58,3
291,0,9022001010919002,19,3
291,0,9022001020021002,564,7
291,0,9022001020031002,572,7
291,0,9022001020041002,540,7
291,0,9022001020761002,649,7
291,0,9022001020812001,403,11
291,0,9022001021001002,540,7
291,0,9022001021011002,700,7
291,0,9022001021021002,685,7
291,0,9022001021051002,569,7
291,0,9022001021111002,593,6
291,0,9022001021121002,783,6
291,0,9022001021131002,777,6
291,0,9022001021151002,770,6
291,0,9022001021161002,715,6
291,0,9022001021171002,646,6
291,0,9022001021181002,397,5
291,0,9022001021191002,346,5
291,0,9022001021202001,-6119,10
291,0,9022001023503002,755,6
291,1,9022001010019004,-101,3
291,1,9022001010024002,-2,3
291,1,9022001010031001,210,3
291,1,9022001010032006,-441,15
291,1,9022001010033001,242,3
291,1,9022001010034004,230,3
291,1,9022001010064001,457,6
291,1,9022001010199004,237,3
291,1,9022001010505001,91,3
291,1,9022001010919001,317,4
291,1,9022001020021001,519,8
291,1,9022001020031001,700,8
291,1,9022001020041001,676,8
291,1,9022001020680001,-847,13
291,1,9022001020761001,841,8
291,1,9022001020811001,1014,11
291,1,9022001021001001,971,9
291,1,9022001021011001,980,9
291,1,9022001021021001,988,9
291,1,9022001021051001,1115,9
291,1,9022001021111001,1223,12
291,1,9022001021121001,1698,13
291,1,9022001021131001,1802,13
291,1,9022001021151001,1738,13
291,1,9022001021161001,1924,13
291,1,9022001021171001,1508,13
291,1,9022001021181001,181,13
291,1,9022001021202001,-1822,13
291,1,9022001023503001,1800,13
293,0,9022001010032014,-426,12
293,0,9022001020021002,927,12
293,0,9022001020031002,1041,12
293,0,9022001020041002,913,12
293,0,9022001020043002,881,12
293,0,9022001020211002,1002,12
293,0,9022001020221002,980,12
293,0,9022001020231002,1308,12
293,0,9022001020241002,1176,12
293,0,9022001020251002,1339,12
293,0,9022001020261002,1378,12
293,0,9022001020271002,1341,12
293,0,9022001020281002,1501,12
293,0,9022001020291002,1477,10
293,1,9022001010032007,-445,3
293,1,9022001020021001,101,2
293,1,9022001020031001,147,2
293,1,9022001020041001,148,2
293,1,9022001020231003,113,2
293,1,9022001020241001,98,2
293,1,9022001020251001,75,2
293,1,9022001020261001,72,2
293,1,9022001020271001,75,2
293,1,9022001020281001,42,2
293,1,9022001020291002,-43,2
293,1,9022001020641001,151,2
293,1,9022001020651001,143,2
293,1,9022001020921001,124,2
293,1,9022001020931001,88,2
293,1,9022001020931002,95,2
293,1,9022001020941001,97,2
293,1,9022001020941002,85,2
293,1,9022001020951001,54,2
3,0,9022001000129001,-630,2
3,0,9022001000243001,-53,1
3,0,9022001000401001,10464,9
3,0,9022001000411001,13060,7
3,0,9022001000413001,219,3
3,0,9022001000414001,242,6
3,0,9022001000418001,349,1
3,0,9022001000419001,-201,9
3,0,9022001000420001,-25,3
3,0,9022001000429001,-428,4
3,0,9022001000433001,200,4
3,0,9022001010136001,1207,29
3,0,9022001010179002,21573,136
3,0,9022001010250001,10031,71
3,0,9022001010251001,6175,62
3,0,9022001010261003,2881,58
3,0,9022001010346001,25883,137
3,0,9022001010357002,25492,137
3,0,9022001010359004,25396,136
3,0,9022001010363004,20293,132
3,0,9022001010367002,23805,131
3,0,9022001010371002,17416,122
3,0,9022001010373002,20771,121
3,0,9022001010377002,18340,115
3,0,9022001010379002,14117,107
3,0,9022001010381002,13111,100
3,0,9022001010383002,8452,94
3,0,9022001010385002,15763,93
3,0,9022001010387002,14149,92
3,0,9022001010395002,5292,59
3,0,9022001010397002,4647,59
3,0,9022001010401002,856,35
3,0,9022001010406001,-36720,198
3,0,9022001011002016,5837,83
3,0,9022001050800003,-15802,137
3,1,9022001000129001,-1303,7
3,1,9022001000243001,105,3
3,1,9022001000401005,-1149,2
3,1,9022001000401006,-1389,3
3,1,9022001000401009,-1204,2
3,1,9022001000401010,-2990,5
3,1,9022001000405001,20,1
3,1,9022001000406001,-29,1
3,1,9022001000408001,-43,1
3,1,9022001000411001,86,1
3,1,9022001000414001,144,1
3,1,9022001000418001,194,1
3,1,9022001000419001,-100,3
3,1,9022001000420001,580,2
3,1,9022001000421001,485,1
3,1,9022001000422001,57,2
3,1,9022001000423001,708,6
3,1,9022001000424001,583,5
3,1,9022001000425001,440,6
3,1,9022001000429001,107,3
3,1,9022001010136002,12583,135
3,1,9022001010179001,4365,57
3,1,9022001010250002,9640,130
3,1,9022001010251002,15460,135
3,1,9022001010261002,13300,135
3,1,9022001010346002,2703,42
3,1,9022001010357001,2710,47
3,1,9022001010359003,3758,51
3,1,9022001010363005,5980,64
3,1,9022001010367001,6816,70
3,1,9022001010371001,4996,74
3,1,9022001010373001,6738,78
3,1,9022001010375001,7586,86
3,1,9022001010377001,9582,91
3,1,9022001010379001,11766,93
3,1,9022001010381001,12623,97
3,1,9022001010383001,9022,97
3,1,9022001010385001,6850,102
3,1,9022001010387001,4451,111
3,1,9022001010395001,17182,135
3,1,9022001010397001,17677,135
3,1,9022001010401001,14570,135
3,1,9022001010406001,-26155,135
3,1,9022001011002012,-1580,125
3,1,9022001050800002,-41297,195
30,0,9022001004501002,-15488,259
30,0,9022001004503002,5345,240
30,0,9022001004505002,9673,237
30,0,9022001004507002,11872,220
30,0,9022001004509002,7188,214
30,0,9022001004511002,6338,212
30,0,9022001004513002,-1366,200
30,0,9022001004515002,-17715,191
30,0,9022001004517002,7734,183
30,0,9022001004519002,10852,181
30,0,9022001004521002,-3040,150
30,0,9022001004523002,1906,140
30,0,9022001004525002,-7899,143
30,0,9022001004527002,6730,251
30,0,9022001004529002,-7647,269
30,0,9022001004531002,1642,270
30,0,9022001004533002,-2800,272
30,0,9022001004535002,-1036,143
30,0,9022001004537002,3669,124
30,0,9022001004539002,5662,114
30,0,9022001004541002,-2269,105
30,0,9022001004543002,8637,94
30,0,9022001004545002,741,84
30,0,9022001004547002,-1251,76
30,0,9022001004549001,-5717,68
30,0,9022001004549002,-20462,229
30,0,9022001007611002,-10636,168
30,0,9022001007611003,-7518,106
30,1,9022001004501001,-4118,104
30,1,9022001004503001,3960,120
30,1,9022001004505001,8055,122
30,1,9022001004507001,7120,126
30,1,9022001004509001,2772,130
30,1,9022001004511001,254,134
30,1,9022001004513001,394,135
30,1,9022001004515001,-7747,166
30,1,9022001004517001,6242,173
30,1,9022001004519001,866,175
30,1,9022001004521001,6794,184
30,1,9022001004523001,4987,196
30,1,9022001004525001,-15253,210
30,1,9022001004527001,5823,90
30,1,9022001004529001,7568,80
30,1,9022001004531001,8266,76
30,1,9022001004533001,4766,72
30,1,9022001004535001,-12281,215
30,1,9022001004537001,10583,228
30,1,9022001004539001,7192,229
30,1,9022001004541001,-20903,248
30,1,9022001004543001,2772,250
30,1,9022001004545001,11265,255
30,1,9022001004547001,8422,256
30,1,9022001004549001,-5388,85
30,1,9022001004549002,-14768,171
30,1,9022001007611002,-15403,173
30,1,9022001007611003,-9935,120
301,0,9022001012213002,37,1
301,0,9022001012215002,40,1
301,0,9022001012217005,14,1
301,0,9022001015303001,31,1
301,0,9022001015305001,18,1
301,0,9022001015307001,15,1
301,0,9022001015309001,16,1
301,0,9022001015311001,16,1
301,0,9022001015313001,-6,1
301,0,9022001015315001,-9,1
301,0,9022001015317001,-56,1
301,0,9022001015319001,-101,1
301,0,9022001015321001,-117,1
301,0,9022001015344001,-172,1
301,1,9022001012213001,-127,1
301,1,9022001012215001,-111,1
301,1,9022001012217006,-180,1
301,1,9022001015303002,-152,1
301,1,9022001015305002,-140,1
301,1,9022001015307002,-139,1
301,1,9022001015309002,-157,1
301,1,9022001015311002,-147,1
301,1,9022001015313002,-139,1
301,1,9022001015315002,-136,1
301,1,9022001015317002,-81,1
301,1,9022001015323002,-31,1
301,1,9022001015344004,-2,1
302,0,9022001012213002,1680,15
302,0,9022001012215002,1452,14
302,0,9022001012217005,478,13
302,0,9022001015303001,2202,16
302,0,9022001015305001,2373,17
302,0,9022001015307001,2532,18
302,0,9022001015309001,2562,18
302,0,9022001015311001,2577,18
302,0,9022001015313001,2578,18
302,0,9022001015315001,2601,18
302,0,9022001015317001,1751,18
302,0,9022001015319001,1010,19
302,0,9022001015321001,723,19
302,0,9022001015323001,-892,20
302,0,9022001015325001,2980,76
302,0,9022001015327001,3655,78
302,0,9022001015329001,622,78
302,0,9022001015331001,-1788,78
302,0,9022001015344004,1971,57
302,0,9022001015359001,-2671,78
302,0,9022001015361001,-5635,79
302,0,9022001015364001,-12124,81
302,0,9022001015365001,-5211,79
302,1,9022001012213001,-3635,16
302,1,9022001012215001,-3562,16
302,1,9022001012217006,-5653,16
302,1,9022001015303002,-3735,16
302,1,9022001015305002,-3316,16
302,1,9022001015307002,-3015,16
302,1,9022001015309002,-3104,16
302,1,9022001015311002,-2620,16
302,1,9022001015313002,-2179,16
302,1,9022001015315002,-1875,16
302,1,9022001015317002,-746,16
302,1,9022001015323002,223,12
302,1,9022001015325002,2326,66
302,1,9022001015327002,4863,67
302,1,9022001015329002,5438,67
302,1,9022001015331002,4997,67
302,1,9022001015344001,-6273,49
302,1,9022001015344002,-1118,7
302,1,9022001015359002,3556,64
302,1,9022001015361002,2759,62
302,1,9022001015364001,1104,63
302,1,9022001015365002,3713,64
303,0,9022001012213002,200,3
303,0,9022001012215002,183,3
303,0,9022001012217009,62,2
303,0,9022001015303001,275,3
303,0,9022001015305001,262,3
303,0,9022001015307001,272,3
303,0,9022001015309001,282,3
303,0,9022001015311001,453,4
303,0,9022001015313001,390,4
303,0,9022001015315001,536,5
303,0,9022001015317001,326,5
303,0,9022001015319001,101,5
303,0,9022001015321001,30,5
303,0,9022001015342001,817,67
303,0,9022001015344002,1652,68
303,0,9022001015352001,-10372,74
303,0,9022001015371001,3489,60
303,0,9022001015373001,2996,66
303,0,9022001015377001,-262,63
303,0,9022001015381001,-1494,73
303,0,9022001015509002,-6279,74
303,0,9022001015511001,-2550,63
303,0,9022001015511002,-2222,63
303,0,9022001015514001,-2360,63
303,0,9022001015514002,-743,61
303,0,9022001015516001,-3522,60
303,1,9022001012213001,-2023,8
303,1,9022001012215001,-2027,8
303,1,9022001012217006,-3079,8
303,1,9022001015303002,-2078,8
303,1,9022001015305002,-1819,8
303,1,9022001015307002,-1736,8
303,1,9022001015309002,-1766,8
303,1,9022001015311002,-1571,8
303,1,9022001015313002,-1304,8
303,1,9022001015315002,-1257,8
303,1,9022001015317002,-704,8
303,1,9022001015323002,-302,7
303,1,9022001015342002,-1517,70
303,1,9022001015344001,-9783,77
303,1,9022001015352001,1458,70
303,1,9022001015371002,-6337,76
303,1,9022001015373002,-4529,76
303,1,9022001015377002,-1370,54
303,1,9022001015381002,782,74
303,1,9022001015383002,2946,69
303,1,9022001015509001,2083,51
303,1,9022001015511001,1700,57
303,1,9022001015511002,2390,59
303,1,9022001015514001,1679,63
303,1,9022001015514002,2414,46
303,1,9022001015516001,909,56
304,0,9022001012213002,1426,10
304,0,9022001012215002,1324,10
304,0,9022001012217009,698,10
304,0,9022001015303001,1687,10
304,0,9022001015305001,1624,10
304,0,9022001015307001,1667,10
304,0,9022001015309001,1728,10
304,0,9022001015311001,1705,10
304,0,9022001015313001,1576,10
304,0,9022001015315001,1563,10
304,0,9022001015317001,1146,10
304,0,9022001015319001,663,10
304,0,9022001015321001,549,10
304,0,9022001015342001,230,14
304,0,9022001015344002,428,14
304,0,9022001015371001,849,12
304,0,9022001015373001,732,12
304,0,9022001015377001,-260,14
304,0,9022001015381001,-1177,14
304,0,9022001015511001,-2450,14
304,0,9022001015514001,-2916,14
304,0,9022001015516001,-3998,14
304,1,9022001012213001,-2671,7
304,1,9022001012215001,-2658,7
304,1,9022001012217006,-3683,7
304,1,9022001015303002,-2648,7
304,1,9022001015305002,-2327,7
304,1,9022001015307002,-2130,7
304,1,9022001015309002,-2087,7
304,1,9022001015311002,-1766,7
304,1,9022001015313002,-1400,7
304,1,9022001015315002,-1204,7
304,1,9022001015317002,-600,7
304,1,9022001015323002,183,7
304,1,9022001015342002,213,12
304,1,9022001015344001,-777,12
304,1,9022001015371002,-443,12
304,1,9022001015373002,-228,12
304,1,9022001015377002,347,12
304,1,9022001015381002,675,12
304,1,9022001015383002,923,12
304,1,9022001015511002,700,12
304,1,9022001015514002,420,12
304,1,9022001015516001,201,12
305,0,9022001012213002,382,6
305,0,9022001012215002,328,6
305,0,9022001012217009,82,6
305,0,9022001015303001,541,6
305,0,9022001015305001,526,6
305,0,9022001015307001,574,6
305,0,9022001015309001,598,6
305,0,9022001015311001,634,6
305,0,9022001015313001,562,6
305,0,9022001015315001,595,6
305,0,9022001015317001,649,7
305,0,9022001015319001,438,8
305,0,9022001015321001,333,9
305,0,9022001015323001,-339,10
305,0,9022001015325001,3246,74
305,0,9022001015327001,4055,74
305,0,9022001015329001,1674,76
305,0,9022001015331001,-392,76
305,0,9022001015344004,2183,60
305,0,9022001015345001,4760,75
305,0,9022001015347001,4975,76
305,0,9022001015349001,4448,76
305,0,9022001015353001,4062,76
305,0,9022001015355001,3839,76
305,0,9022001015357001,600,74
305,0,9022001015447001,-6480,76
305,0,9022001015449001,-1197,76
305,0,9022001015455001,-2968,76
305,0,9022001015457001,-6381,76
305,0,9022001015459001,-5993,76
305,0,9022001015462001,-11235,75
305,1,9022001012213001,-1435,9
305,1,9022001012215001,-1436,9
305,1,9022001012217006,-2533,9
305,1,9022001015303002,-1438,9
305,1,9022001015305002,-1283,9
305,1,9022001015307002,-1313,9
305,1,9022001015309002,-1471,8
305,1,9022001015311002,-1250,8
305,1,9022001015313002,-953,8
305,1,9022001015315002,-848,8
305,1,9022001015317002,-284,8
305,1,9022001015323002,130,8
305,1,9022001015325002,165,80
305,1,9022001015327002,3276,80
305,1,9022001015329002,4514,76
305,1,9022001015344001,-9670,63
305,1,9022001015344002,-1398,10
305,1,9022001015345002,1817,80
305,1,9022001015347002,1263,80
305,1,9022001015349002,1835,80
305,1,9022001015353002,2057,77
305,1,9022001015355002,2379,77
305,1,9022001015357002,2616,77
305,1,9022001015447002,3075,59
305,1,9022001015449002,3856,70
305,1,9022001015455002,4630,69
305,1,9022001015457002,5035,65
305,1,9022001015459002,3769,63
305,1,9022001015462001,1110,57
309,0,9022001012213002,747,9
309,0,9022001012215002,586,8
309,0,9022001012217009,268,7
309,0,9022001015303001,1046,9
309,0,9022001015305001,1072,10
309,0,9022001015307001,1468,11
309,0,9022001015309001,1540,11
309,0,9022001015311001,1594,11
309,0,9022001015313001,1751,12
309,0,9022001015315001,1832,12
309,0,9022001015317001,1346,12
309,0,9022001015319001,913,12
309,0,9022001015321001,753,12
309,0,9022001015323001,-96,12
309,0,9022001015325001,1795,45
309,0,9022001015327001,3352,47
309,0,9022001015329001,3398,50
309,0,9022001015331001,3050,51
309,0,9022001015333004,2327,57
309,0,9022001015344004,955,32
309,0,9022001015518001,-2020,57
309,0,9022001015520002,2584,58
309,0,9022001015529001,3515,58
309,0,9022001015529002,6122,61
309,0,9022001015529003,6636,61
309,0,9022001015533001,2344,62
309,0,9022001015535001,-1911,63
309,0,9022001015537001,627,63
309,0,9022001015539001,-1672,63
309,0,9022001015541001,-2349,63
309,0,9022001015543001,-4098,63
309,0,9022001015545001,-4479,63
309,0,9022001015547001,-4706,63
309,0,9022001015549001,-6057,63
309,0,9022001015551001,-6715,63
309,0,9022001015554001,-9956,63
309,0,9022001015555001,4551,59
309,0,9022001015555002,6268,60
309,0,9022001015557001,5457,60
309,0,9022001015557002,5851,60
309,0,9022001015560001,4660,60
309,0,9022001015562001,454,4
309,1,9022001012213001,-6908,26
309,1,9022001012215001,-6810,26
309,1,9022001012217006,-10008,26
309,1,9022001015303002,-7242,26
309,1,9022001015305002,-6605,26
309,1,9022001015307002,-6466,25
309,1,9022001015309002,-6532,25
309,1,9022001015311002,-5713,25
309,1,9022001015313002,-4833,25
309,1,9022001015315002,-4317,25
309,1,9022001015317002,-2431,25
309,1,9022001015323002,-2042,24
309,1,9022001015325002,-1256,52
309,1,9022001015327002,407,52
309,1,9022001015329002,1185,50
309,1,9022001015331002,1634,50
309,1,9022001015333002,1440,50
309,1,9022001015344001,-4272,26
309,1,9022001015344002,-504,3
309,1,9022001015518001,-1073,49
309,1,9022001015520001,3190,50
309,1,9022001015529001,1128,45
309,1,9022001015529004,5468,48
309,1,9022001015533002,2385,44
309,1,9022001015535002,1553,40
309,1,9022001015537002,2299,41
309,1,9022001015539002,2332,41
309,1,9022001015541002,2293,41
309,1,9022001015543002,2681,41
309,1,9022001015545002,2584,41
309,1,9022001015547002,2226,32
309,1,9022001015549002,2169,31
309,1,9022001015551002,2045,26
309,1,9022001015554001,748,38
309,1,9022001015555001,1693,45
309,1,9022001015555002,4367,48
309,1,9022001015557001,2505,46
309,1,9022001015557002,3786,47
309,1,9022001015560001,2525,47
309,1,9022001015562001,197,2
31,0,9022001004523003,-792,32
31,0,9022001004525002,-1251,31
31,0,9022001004535002,856,30
31,0,9022001004537002,868,17
31,0,9022001004561002,106,17
31,0,9022001004563002,-11509,138
31,1,9022001004523003,-11848,134
31,1,9022001004525001,-673,15
31,1,9022001004535001,-773,16
31,1,9022001004537001,1089,27
31,1,9022001004561001,297,28
31,1,9022001004563002,-230,27
311,0,9022001012213002,1488,16
311,0,9022001012215002,1379,16
311,0,9022001012217009,847,18
311,0,9022001015303001,1905,18
311,0,9022001015305001,1864,18
311,0,9022001015307001,2010,18
311,0,9022001015309001,2284,19
311,0,9022001015311001,2315,19
311,0,9022001015313001,3057,25
311,0,9022001015315001,3188,26
311,0,9022001015317001,2065,26
311,0,9022001015319001,1086,28
311,0,9022001015321001,690,27
311,0,9022001015323001,-1317,28
311,0,9022001015325001,2721,47
311,0,9022001015327001,3807,48
311,0,9022001015329001,3359,48
311,0,9022001015331001,2895,48
311,0,9022001015333004,1459,47
311,0,9022001015344004,681,19
311,0,9022001015431001,10,48
311,0,9022001015490002,-2476,53
311,0,9022001015520002,2739,46
311,0,9022001015524002,-1140,10
311,0,9022001015529003,1215,48
311,0,9022001015533001,600,48
311,0,9022001015535001,-1337,48
311,0,9022001015563001,-1030,10
311,0,9022001015566002,-1283,10
311,0,9022001015568001,-1959,10
311,0,9022001015569001,-1039,10
311,0,9022001015583001,1353,47
311,0,9022001015585001,412,48
311,0,9022001015589001,-56,48
311,0,9022001015591001,72,48
311,0,9022001015593001,-51,48
311,0,9022001015595001,69,49
311,0,9022001015597001,-724,50
311,0,9022001015599001,-1035,49
311,0,9022001015601001,-1920,52
311,0,9022001015605001,-2487,58
311,0,9022001015607001,-2382,58
311,0,9022001015609001,-2514,58
311,0,9022001015611001,-2905,58
311,0,9022001015613001,-3066,58
311,0,9022001015615001,-2900,58
311,0,9022001015617001,-2431,58
311,0,9022001015619001,-1804,58
311,0,9022001015621002,-1204,57
311,0,9022001015621003,-765,10
311,0,9022001015623001,-1763,58
311,0,9022001015625001,-693,58
311,0,9022001015625002,-566,10
311,0,9022001015627002,-8756,63
311,0,9022001015635001,-1376,10
311,0,9022001015639001,-978,10
311,0,9022001015641001,-1423,51
311,0,9022001015643001,-2671,58
311,0,9022001015645001,-749,58
311,0,9022001015645002,-127,9
311,1,9022001012213001,-4693,44
311,1,9022001012215001,-4431,44
311,1,9022001012217006,-9684,44
311,1,9022001015303002,-5163,44
311,1,9022001015305002,-4399,44
311,1,9022001015307002,-4266,44
311,1,9022001015309002,-5059,44
311,1,9022001015311002,-4098,44
311,1,9022001015313002,-3100,43
311,1,9022001015315002,-2729,43
311,1,9022001015317002,-203,42
311,1,9022001015323002,-285,40
311,1,9022001015325002,-1331,50
311,1,9022001015327002,260,50
311,1,9022001015329002,1236,50
311,1,9022001015331002,1674,50
311,1,9022001015333002,1180,50
311,1,9022001015344001,-2206,9
311,1,9022001015344002,-168,1
311,1,9022001015431002,6066,45
311,1,9022001015490001,6352,42
311,1,9022001015520001,2193,49
311,1,9022001015524001,98,7
311,1,9022001015529004,3237,48
311,1,9022001015533002,3646,46
311,1,9022001015535002,1761,49
311,1,9022001015563002,93,8
311,1,9022001015566001,85,4
311,1,9022001015568001,60,8
311,1,9022001015569002,171,8
311,1,9022001015583002,6227,46
311,1,9022001015585002,6164,45
311,1,9022001015589002,6024,44
311,1,9022001015591002,5768,44
311,1,9022001015593002,5482,43
311,1,9022001015595002,5378,43
311,1,9022001015597002,5508,43
311,1,9022001015599002,5636,43
311,1,9022001015601002,6033,42
311,1,9022001015605002,5937,41
311,1,9022001015607002,5034,37
311,1,9022001015609002,4351,34
311,1,9022001015611002,3295,30
311,1,9022001015615002,2777,29
311,1,9022001015617002,2406,29
311,1,9022001015619002,2223,29
311,1,9022001015621002,76,8
311,1,9022001015621003,1455,27
311,1,9022001015623001,164,8
311,1,9022001015623002,2015,29
311,1,9022001015625001,-85,8
311,1,9022001015625002,1252,26
311,1,9022001015627002,-500,32
311,1,9022001015635002,188,7
311,1,9022001015641002,5825,43
311,1,9022001015643002,3331,30
311,1,9022001015645001,-259,8
311,1,9022001015645002,1061,22
311E,0,9022001015323001,212,3
311E,0,9022001015325001,48,2
311E,0,9022001015327001,118,3
311E,0,9022001015329001,141,3
311E,0,9022001015331001,133,3
311E,0,9022001015333004,17,3
311E,0,9022001015431001,89,3
311E,0,9022001015490002,-199,3
311E,0,9022001015520002,105,3
311E,0,9022001015529003,80,3
311E,0,9022001015533001,67,3
311E,0,9022001015535001,-13,3
311E,0,9022001015583001,184,3
311E,0,9022001015585001,126,3
311E,0,9022001015589001,79,3
311E,0,9022001015591001,72,3
311E,0,9022001015593001,52,3
311E,0,9022001015595001,63,3
311E,0,9022001015597001,-16,3
311E,0,9022001015599001,-37,3
311E,0,9022001015601001,-164,3
311E,0,9022001015605001,-230,3
311E,0,9022001015607001,-252,3
311E,0,9022001015609001,-271,3
311E,0,9022001015611001,-287,3
311E,0,9022001015613001,-314,3
311E,0,9022001015615001,-309,3
311E,0,9022001015617001,-272,3
311E,0,9022001015619001,-244,3
311E,0,9022001015621002,-248,3
311E,0,9022001015623001,-275,3
311E,0,9022001015625001,-212,3
311E,0,9022001015627002,-679,3
311E,0,9022001015641001,-105,3
311E,0,9022001015643001,-264,3
311E,0,9022001015645001,-212,3
312,0,9022001015522002,950,20
312,0,9022001015525001,237,24
312,0,9022001015571002,-323,24
312,0,9022001015573001,621,23
312,0,9022001015575001,245,23
312,0,9022001015577001,815,18
312,0,9022001015578001,-2893,17
312,0,9022001015578002,-32,7
312,0,9022001015579001,775,24
312,0,9022001015580001,-2608,17
312,0,9022001015580002,152,7
312,0,9022001015582001,-1864,23
312,0,9022001015627002,-1192,12
312,0,9022001015634002,644,24
312,0,9022001015636002,515,24
312,0,9022001015638002,-605,23
312,0,9022001015640002,201,23
312,0,9022001015642002,259,24
312,0,9022001015644001,-85,5
312,0,9022001015644002,266,17
312,0,9022001015646002,53,23
312,0,9022001015648002,259,17
312,0,9022001015650002,313,23
312,0,9022001015652002,-5914,24
312,0,9022001015663002,-1422,24
312,0,9022001015665001,551,16
312,0,9022001015665002,-3267,17
312,0,9022001015667001,685,16
312,0,9022001015667002,-2536,17
312,0,9022001015670001,793,15
312,0,9022001015693001,-2194,17
312,0,9022001015694001,-618,17
312,0,9022001015695001,-39,17
312,0,9022001015695002,-2746,17
312,0,9022001015696001,-435,17
312,0,9022001015698001,-1420,17
312,0,9022001015832001,-575,7
312,1,9022001015325002,-298,2
312,1,9022001015327002,-231,2
312,1,9022001015329002,-154,2
312,1,9022001015331002,-64,2
312,1,9022001015333002,-178,2
312,1,9022001015344001,-330,2
312,1,9022001015431002,-56,2
312,1,9022001015490001,-15,1
312,1,9022001015520001,-133,2
312,1,9022001015522001,-8241,31
312,1,9022001015525002,46,31
312,1,9022001015529004,-109,2
312,1,9022001015533002,-38,2
312,1,9022001015535002,-263,2
312,1,9022001015571001,-1684,30
312,1,9022001015573002,-4832,31
312,1,9022001015575002,314,31
312,1,9022001015577002,-8378,31
312,1,9022001015578001,-8652,31
312,1,9022001015578002,556,16
312,1,9022001015579002,-6427,31
312,1,9022001015580002,620,18
312,1,9022001015582002,-150,27
312,1,9022001015583002,-70,2
312,1,9022001015585002,-66,2
312,1,9022001015589002,-49,2
312,1,9022001015591002,-50,2
312,1,9022001015593002,-53,2
312,1,9022001015595002,-53,2
312,1,9022001015597002,-45,2
312,1,9022001015599002,-41,2
312,1,9022001015601002,-23,1
312,1,9022001015605002,-19,1
312,1,9022001015607002,-19,1
312,1,9022001015609002,-16,1
312,1,9022001015611002,-15,1
312,1,9022001015615002,-15,1
312,1,9022001015617002,-19,1
312,1,9022001015619002,-20,1
312,1,9022001015621003,-27,1
312,1,9022001015623002,-20,1
312,1,9022001015625002,-23,1
312,1,9022001015627002,1587,26
312,1,9022001015634001,-5237,31
312,1,9022001015636001,-3880,31
312,1,9022001015638001,-4069,31
312,1,9022001015640001,-137,29
312,1,9022001015641002,-30,2
312,1,9022001015642001,89,31
312,1,9022001015643002,-16,1
312,1,9022001015644001,74,31
312,1,9022001015645002,-13,1
312,1,9022001015646001,490,31
312,1,9022001015648001,270,31
312,1,9022001015650001,384,31
312,1,9022001015652001,-2518,30
312,1,9022001015663001,-725,27
312,1,9022001015665001,-87,26
312,1,9022001015665002,681,27
312,1,9022001015667001,-44,26
312,1,9022001015667002,604,27
312,1,9022001015670001,-101,26
312,1,9022001015693001,346,27
312,1,9022001015694001,-552,24
312,1,9022001015695001,-804,17
312,1,9022001015695002,-8454,37
312,1,9022001015696001,296,25
312,1,9022001015698001,408,27
313,0,9022001015672002,1121,21
313,0,9022001015673001,2412,21
313,0,9022001015675001,2192,22
313,0,9022001015677001,2220,22
313,0,9022001015679001,1943,22
313,0,9022001015681001,1891,22
313,0,9022001015683001,1802,22
313,0,9022001015685001,1340,22
313,0,9022001015687001,2362,21
313,0,9022001015689001,1680,22
313,0,9022001015691001,1438,22
313,0,9022001015702001,-149,22
313,1,9022001015672002,-331,21
313,1,9022001015673002,581,20
313,1,9022001015675002,791,21
313,1,9022001015677002,866,21
313,1,9022001015679002,1043,21
313,1,9022001015681002,1150,20
313,1,9022001015683002,1271,21
313,1,9022001015685002,1690,11
313,1,9022001015687002,630,20
313,1,9022001015689002,1395,20
313,1,9022001015691002,1651,11
313,1,9022001015702001,1118,21
315,0,9022001015672002,1260,31
315,0,9022001015717001,2419,31
315,0,9022001015719001,3662,34
315,0,9022001015721001,3742,34
315,0,9022001015723001,4194,35
315,0,9022001015725001,4702,37
315,0,9022001015727001,2924,37
315,0,9022001015741001,4597,35
315,0,9022001015745001,3323,37
315,0,9022001015747001,4005,38
315,0,9022001015749001,3538,39
315,0,9022001015751001,4171,41
315,0,9022001015753001,3558,42
315,0,9022001015755001,3623,43
315,0,9022001015755003,2534,42
315,0,9022001015757001,3927,43
315,0,9022001015757002,2923,42
315,0,9022001015762001,3123,44
315,0,9022001015765001,476,42
315,0,9022001015767001,-1514,42
315,0,9022001015769001,-4051,43
315,0,9022001015771001,1004,43
315,0,9022001015773001,773,43
315,0,9022001015775001,536,43
315,0,9022001015777001,702,41
315,0,9022001015779001,926,43
315,0,9022001015781001,380,43
315,0,9022001015784001,-404,42
315,0,9022001015785001,-1165,43
315,0,9022001015788001,-6624,43
315,0,9022001015792002,2911,33
315,0,9022001015903001,489,43
315,1,9022001015672001,-7157,47
315,1,9022001015717002,-3101,47
315,1,9022001015719002,-2781,47
315,1,9022001015721002,-2357,47
315,1,9022001015723002,-2774,47
315,1,9022001015725002,302,41
315,1,9022001015727003,-2241,47
315,1,9022001015741002,-2951,47
315,1,9022001015745002,-79,47
315,1,9022001015747002,-131,47
315,1,9022001015749002,708,46
315,1,9022001015751002,1163,44
315,1,9022001015753002,1445,43
315,1,9022001015755001,350,36
315,1,9022001015757001,683,37
315,1,9022001015757002,1287,39
315,1,9022001015762001,335,38
315,1,9022001015765002,464,34
315,1,9022001015767002,1012,32
315,1,9022001015769002,-2167,34
315,1,9022001015771002,-444,33
315,1,9022001015773002,-235,33
315,1,9022001015775002,191,31
315,1,9022001015777002,259,32
315,1,9022001015779002,320,29
315,1,9022001015781002,1087,25
315,1,9022001015784003,381,27
315,1,9022001015785002,84,18
315,1,9022001015788001,523,23
315,1,9022001015792001,-3306,47
315,1,9022001015893002,105,2
315,1,9022001015895002,87,1
315,1,9022001015897002,5,2
315,1,9022001015903002,877,28
316,0,9022001012213002,725,6
316,0,9022001012215002,664,6
316,0,9022001012217011,369,6
316,0,9022001015303001,922,6
316,0,9022001015305001,972,6
316,0,9022001015307001,1070,6
316,0,9022001015309001,1187,6
316,0,9022001015311001,1647,7
316,0,9022001015313001,1654,7
316,0,9022001015315001,1725,7
316,0,9022001015317001,1790,8
316,0,9022001015319001,1675,9
316,0,9022001015321003,1723,9
316,0,9022001015672002,1380,24
316,0,9022001015703001,1615,9
316,0,9022001015705001,1391,9
316,0,9022001015707001,1249,9
316,0,9022001015709001,1322,9
316,0,9022001015711001,1438,9
316,0,9022001015713001,1542,9
316,0,9022001015727003,-1585,22
316,0,9022001015745002,-363,22
316,0,9022001015760002,-374,22
316,0,9022001015803001,1684,23
316,0,9022001015805001,1175,24
316,0,9022001015807001,1570,25
316,0,9022001015809001,1178,25
316,0,9022001015811001,1568,25
316,0,9022001015813001,2383,25
316,0,9022001015815001,2179,25
316,0,9022001015818002,860,24
316,0,9022001015821001,1289,21
316,0,9022001015823001,925,22
316,0,9022001015825001,329,22
316,0,9022001015889001,241,22
316,1,9022001012213001,-2109,10
316,1,9022001012215001,-2014,10
316,1,9022001012217006,-3662,10
316,1,9022001015303002,-2222,10
316,1,9022001015305002,-2042,10
316,1,9022001015307002,-2035,10
316,1,9022001015309002,-2311,10
316,1,9022001015311002,-2210,10
316,1,9022001015313002,-2084,10
316,1,9022001015315002,-2107,10
316,1,9022001015317002,-1476,10
316,1,9022001015321004,-920,9
316,1,9022001015672001,-629,18
316,1,9022001015703002,-694,9
316,1,9022001015705002,13,8
316,1,9022001015707002,182,8
316,1,9022001015709002,268,8
316,1,9022001015711002,370,8
316,1,9022001015713002,464,7
316,1,9022001015727003,759,14
316,1,9022001015745001,1377,14
316,1,9022001015760001,1725,14
316,1,9022001015803002,957,17
316,1,9022001015805002,1574,18
316,1,9022001015807002,1801,18
316,1,9022001015809002,2063,18
316,1,9022001015811002,1877,18
316,1,9022001015813002,1575,18
316,1,9022001015815002,1541,17
316,1,9022001015818003,1472,17
316,1,9022001015821002,1996,15
316,1,9022001015823002,1930,15
316,1,9022001015825002,2010,15
316,1,9022001015889002,1939,15
317,0,9022001012213002,610,9
317,0,9022001012215002,555,9
317,0,9022001012217011,218,8
317,0,9022001015303001,808,9
317,0,9022001015305001,817,9
317,0,9022001015307001,850,9
317,0,9022001015309001,932,9
317,0,9022001015311001,936,9
317,0,9022001015313001,1096,10
317,0,9022001015315001,1154,10
317,0,9022001015317001,715,10
317,0,9022001015319001,336,11
317,0,9022001015321001,225,13
317,0,9022001015321003,1526,13
317,0,9022001015344004,-229,13
317,0,9022001015368001,757,12
317,0,9022001015672002,172,15
317,0,9022001015703001,1279,13
317,0,9022001015705001,970,14
317,0,9022001015707001,736,15
317,0,9022001015709001,763,15
317,0,9022001015711001,761,15
317,0,9022001015713001,811,15
317,0,9022001015769002,-3572,50
317,0,9022001015803001,652,15
317,0,9022001015805001,342,15
317,0,9022001015807001,446,16
317,0,9022001015809001,275,16
317,0,9022001015811001,1112,39
317,0,9022001015813001,2334,37
317,0,9022001015815001,1602,39
317,0,9022001015818002,609,39
317,0,9022001015821001,1232,40
317,0,9022001015823001,1013,41
317,0,9022001015825001,974,41
317,0,9022001015835001,1859,42
317,0,9022001015837001,2418,42
317,0,9022001015839001,2953,45
317,0,9022001015841001,3551,45
317,0,9022001015843001,4170,46
317,0,9022001015845001,4135,47
317,0,9022001015847001,1543,47
317,0,9022001015849001,1373,48
317,0,9022001015851001,1053,48
317,0,9022001015853001,87,49
317,0,9022001015855001,-1394,48
317,0,9022001015859001,1600,47
317,0,9022001015861001,1631,50
317,0,9022001015863001,1721,51
317,0,9022001015865001,1270,52
317,0,9022001015867001,1284,52
317,0,9022001015869001,809,52
317,0,9022001015871001,-1532,52
317,0,9022001015875001,131,52
317,0,9022001015877001,-659,52
317,0,9022001015879001,-2383,51
317,0,9022001015881001,-3512,52
317,0,9022001015883001,-4998,52
317,0,9022001015886001,-10347,52
317,0,9022001015887001,-5537,52
317,0,9022001015899001,1098,52
317,0,9022001015901001,-7056,52
317,1,9022001012213001,-2788,17
317,1,9022001012215001,-2942,17
317,1,9022001012217006,-5111,17
317,1,9022001015303002,-2686,17
317,1,9022001015305002,-2364,17
317,1,9022001015307002,-2108,17
317,1,9022001015309002,-2099,17
317,1,9022001015311002,-1577,17
317,1,9022001015313002,-1083,17
317,1,9022001015315002,-891,17
317,1,9022001015317002,172,17
317,1,9022001015321004,-1500,24
317,1,9022001015323002,715,17
317,1,9022001015323003,-1291,24
317,1,9022001015344001,-1623,24
317,1,9022001015672001,-623,23
317,1,9022001015703002,-1090,24
317,1,9022001015705002,38,23
317,1,9022001015707002,395,23
317,1,9022001015709002,556,23
317,1,9022001015711002,798,23
317,1,9022001015713002,977,23
317,1,9022001015769001,-79,37
317,1,9022001015803002,378,22
317,1,9022001015805002,1038,22
317,1,9022001015807002,1190,22
317,1,9022001015809002,1396,22
317,1,9022001015811002,-4029,48
317,1,9022001015813002,-2453,48
317,1,9022001015815002,-109,46
317,1,9022001015818003,-1197,49
317,1,9022001015821002,2016,47
317,1,9022001015823002,2177,47
317,1,9022001015825002,2458,47
317,1,9022001015835002,2011,45
317,1,9022001015837002,1845,45
317,1,9022001015839002,1729,44
317,1,9022001015841002,1512,43
317,1,9022001015843002,1393,43
317,1,9022001015845002,1560,43
317,1,9022001015847002,708,42
317,1,9022001015849002,1821,39
317,1,9022001015851002,1732,39
317,1,9022001015853002,1661,38
317,1,9022001015855002,1616,38
317,1,9022001015857002,1704,36
317,1,9022001015859002,1304,37
317,1,9022001015861002,838,38
317,1,9022001015863002,833,38
317,1,9022001015865002,1072,37
317,1,9022001015867002,1198,37
317,1,9022001015869002,1595,36
317,1,9022001015871002,1770,35
317,1,9022001015875002,2156,35
317,1,9022001015877002,1706,34
317,1,9022001015879002,1474,34
317,1,9022001015881002,1521,34
317,1,9022001015883002,1440,28
317,1,9022001015886001,643,30
317,1,9022001015887002,1423,27
317,1,9022001015899002,1450,36
317,1,9022001015901002,1317,23
318,0,9022001012213002,942,8
318,0,9022001012215002,842,8
318,0,9022001012217008,329,8
318,0,9022001015303001,1307,9
318,0,9022001015305001,1747,11
318,0,9022001015307001,1915,11
318,0,9022001015309001,2122,11
318,0,9022001015311001,2310,11
318,0,9022001015313001,2397,11
318,0,9022001015315001,2545,11
318,0,9022001015317001,2145,11
318,0,9022001015319001,1758,11
318,0,9022001015321003,1790,11
318,0,9022001015672002,525,19
318,0,9022001015703001,1760,11
318,0,9022001015705001,1432,11
318,0,9022001015707001,1280,11
318,0,9022001015709001,1304,11
318,0,9022001015711001,1383,11
318,0,9022001015713001,1440,11
318,0,9022001015717001,1747,20
318,0,9022001015747001,1618,22
318,0,9022001015749001,1654,23
318,0,9022001015751001,2148,24
318,0,9022001015753001,2018,24
318,0,9022001015755003,2054,24
318,0,9022001015765001,2251,25
318,0,9022001015767001,2137,25
318,0,9022001015769001,125,10
318,0,9022001015769002,-5570,15
318,0,9022001015771001,451,6
318,0,9022001015771002,-3594,15
318,0,9022001015773001,373,6
318,0,9022001015773002,-3187,15
318,0,9022001015775001,327,6
318,0,9022001015775002,-2362,15
318,0,9022001015777001,309,6
318,0,9022001015777002,-1790,15
318,0,9022001015779001,266,6
318,0,9022001015779002,-1232,15
318,0,9022001015781001,101,6
318,0,9022001015781002,-5,15
318,0,9022001015784002,-154,6
318,0,9022001015784003,-1742,15
318,0,9022001015790002,1785,20
318,0,9022001015859001,321,15
318,0,9022001015861001,1008,15
318,0,9022001015863001,-421,6
318,0,9022001015865001,-641,6
318,0,9022001015867001,-454,4
318,0,9022001015869001,-595,4
318,0,9022001015871001,-958,4
318,0,9022001015893001,-41,6
318,0,9022001015893002,-902,15
318,0,9022001015895001,-254,6
318,0,9022001015895002,254,15
318,0,9022001015897001,-433,6
318,0,9022001015897002,1100,15
318,0,9022001015899001,-511,4
318,0,9022001015903001,142,6
318,0,9022001015903002,-446,15
318,1,9022001012213001,-1759,12
318,1,9022001012215001,-1612,12
318,1,9022001012217006,-3522,12
318,1,9022001015303002,-1910,12
318,1,9022001015305002,-1668,12
318,1,9022001015307002,-1674,12
318,1,9022001015309002,-1843,12
318,1,9022001015311002,-1578,12
318,1,9022001015313002,-1451,12
318,1,9022001015315002,-1526,11
318,1,9022001015317002,-878,11
318,1,9022001015321004,-388,11
318,1,9022001015672001,-893,22
318,1,9022001015703002,-172,10
318,1,9022001015705002,547,11
318,1,9022001015707002,811,10
318,1,9022001015709002,952,10
318,1,9022001015711002,1107,10
318,1,9022001015713002,1158,10
318,1,9022001015717002,423,22
318,1,9022001015747002,974,21
318,1,9022001015749002,891,20
318,1,9022001015751002,741,20
318,1,9022001015753002,690,20
318,1,9022001015755004,604,20
318,1,9022001015765002,569,16
318,1,9022001015767002,629,16
318,1,9022001015769001,125,7
318,1,9022001015769002,-501,12
318,1,9022001015771001,151,3
318,1,9022001015771002,-142,7
318,1,9022001015773001,202,7
318,1,9022001015773002,-108,7
318,1,9022001015775001,166,8
318,1,9022001015775002,-28,7
318,1,9022001015777001,257,8
318,1,9022001015777002,-30,7
318,1,9022001015779001,343,8
318,1,9022001015779002,1,7
318,1,9022001015781001,448,8
318,1,9022001015781002,134,7
318,1,9022001015784002,321,8
318,1,9022001015784003,-65,6
318,1,9022001015790001,478,22
318,1,9022001015857002,153,4
318,1,9022001015859002,2,8
318,1,9022001015861002,70,8
318,1,9022001015863002,29,5
318,1,9022001015865002,-42,7
318,1,9022001015867002,99,5
318,1,9022001015869002,145,4
318,1,9022001015871002,57,3
318,1,9022001015893001,535,8
318,1,9022001015893002,5,7
318,1,9022001015895001,282,8
318,1,9022001015895002,94,7
318,1,9022001015897001,94,8
318,1,9022001015897002,62,5
318,1,9022001015899002,124,5
318,1,9022001015903001,335,8
318,1,9022001015903002,135,7
323,0,9022001012213002,2978,31
323,0,9022001012215002,2898,31
323,0,9022001012217008,1774,30
323,0,9022001015303001,3568,31
323,0,9022001015305001,3003,31
323,0,9022001015307001,3123,32
323,0,9022001015309001,-420,7
323,0,9022001015309003,2039,26
323,0,9022001015309004,1074,23
323,0,9022001015311004,1863,32
323,0,9022001015405001,1961,26
323,0,9022001015405002,996,22
323,0,9022001015407002,-307,26
323,0,9022001015409001,611,8
323,0,9022001015409002,-2749,24
323,0,9022001015411001,570,8
323,0,9022001015411002,-448,32
323,0,9022001015413001,329,8
323,0,9022001015413002,-115,32
323,0,9022001015415002,-881,32
323,0,9022001015415003,729,33
323,0,9022001015417001,1128,32
323,0,9022001015417002,-890,24
323,0,9022001015419001,732,33
323,0,9022001015419002,-426,24
323,0,9022001015421001,55,33
323,0,9022001015421002,1294,24
323,0,9022001015424001,-1230,33
323,0,9022001015427001,1772,26
323,0,9022001015427002,748,21
323,0,9022001015463002,2059,32
323,0,9022001015466001,2072,32
323,1,9022001012213001,-2577,45
323,1,9022001012215001,-3142,45
323,1,9022001012217006,-7266,45
323,1,9022001015303002,-2381,45
323,1,9022001015305002,-782,45
323,1,9022001015307002,193,45
323,1,9022001015309002,-143,3
323,1,9022001015309003,1956,36
323,1,9022001015309004,-191,42
323,1,9022001015311003,536,38
323,1,9022001015405001,2670,37
323,1,9022001015405002,1191,42
323,1,9022001015407002,804,41
323,1,9022001015409001,428,30
323,1,9022001015411001,1662,34
323,1,9022001015411002,1050,14
323,1,9022001015413001,1292,34
323,1,9022001015413002,1076,14
323,1,9022001015415001,-692,14
323,1,9022001015415002,885,14
323,1,9022001015415003,1613,20
323,1,9022001015415004,1169,23
323,1,9022001015417001,1718,20
323,1,9022001015417002,2609,36
323,1,9022001015419001,1704,20
323,1,9022001015419002,2659,37
323,1,9022001015421001,1702,21
323,1,9022001015421002,2923,37
323,1,9022001015424001,1686,37
323,1,9022001015427001,2653,37
323,1,9022001015427002,2196,42
323,1,9022001015463001,789,38
323,1,9022001015466002,598,38
325,0,9022001015311003,104,4
325,0,9022001015313001,118,4
325,0,9022001015315001,84,4
325,0,9022001015317001,-108,4
325,0,9022001015319001,-332,4
325,0,9022001015321001,-375,4
325,0,9022001015323001,-646,4
325,0,9022001015415004,106,4
325,0,9022001015417002,171,4
325,0,9022001015419002,155,4
325,0,9022001015421002,174,3
325,0,9022001015424001,24,4
325,0,9022001015463001,89,4
325,0,9022001015466002,80,4
325,1,9022001015311004,589,3
325,1,9022001015313002,551,3
325,1,9022001015315002,515,3
325,1,9022001015317002,243,2
325,1,9022001015323002,260,2
325,1,9022001015415003,695,3
325,1,9022001015417001,674,3
325,1,9022001015419001,646,3
325,1,9022001015421001,526,3
325,1,9022001015424001,364,3
325,1,9022001015463002,794,3
325,1,9022001015466001,766,3
325,1,9022001015743001,244,2
333,0,9022001015309004,-2508,15
333,0,9022001015311004,-2452,13
333,0,9022001015405002,-1538,15
333,0,9022001015407002,71,13
333,0,9022001015409002,-1922,13
333,0,9022001015411002,-1593,13
333,0,9022001015413002,-1385,13
333,0,9022001015415002,-1309,13
333,0,9022001015427002,-922,15
333,0,9022001015463002,-479,13
333,0,9022001015466001,-230,13
333,1,9022001015309003,-1148,21
333,1,9022001015311003,167,19
333,1,9022001015405001,-636,20
333,1,9022001015407002,-3494,21
333,1,9022001015409001,132,18
333,1,9022001015411001,831,19
333,1,9022001015413001,771,19
333,1,9022001015415001,810,19
333,1,9022001015427001,-1517,21
333,1,9022001015463001,761,19
333,1,9022001015466002,715,19
340,0,9022001015321004,2533,29
340,0,9022001015323001,2113,29
340,0,9022001015325001,664,29
340,0,9022001015327001,1289,28
340,0,9022001015329001,761,29
340,0,9022001015331001,291,29
340,0,9022001015333001,-42,29
340,0,9022001015333004,-531,29
340,0,9022001015335001,1001,30
340,0,9022001015337001,987,31
340,0,9022001015341001,629,31
340,0,9022001015342002,-3952,34
340,0,9022001015344001,-9973,34
340,0,9022001015352001,-3393,34
340,0,9022001015371002,-6765,34
340,0,9022001015373002,-5680,33
340,0,9022001015377002,-3474,34
340,0,9022001015381002,-2113,34
340,0,9022001015383002,422,34
340,0,9022001015501001,1218,33
340,0,9022001015503003,989,34
340,0,9022001015509001,1043,34
340,0,9022001015518001,-2383,29
340,0,9022001015520001,767,29
340,0,9022001015520002,270,29
340,0,9022001015672001,2342,27
340,0,9022001015703002,2685,29
340,0,9022001015705002,3066,29
340,0,9022001015707002,3192,29
340,0,9022001015709002,3149,29
340,0,9022001015711002,3060,29
340,0,9022001015713002,2897,29
340,0,9022001015803002,3158,27
340,0,9022001015805002,3155,26
340,0,9022001015807002,2827,25
340,0,9022001015809002,2764,25
340,0,9022001015811002,2076,25
340,0,9022001015813002,1559,24
340,0,9022001015815002,1093,22
340,0,9022001015818003,296,25
340,1,9022001015321003,576,30
340,1,9022001015323002,-3610,30
340,1,9022001015325002,-2469,28
340,1,9022001015327002,-1977,28
340,1,9022001015329002,-1730,28
340,1,9022001015331002,-962,28
340,1,9022001015333002,-2938,28
340,1,9022001015333004,-3786,28
340,1,9022001015335002,-1918,28
340,1,9022001015337002,-1195,28
340,1,9022001015341002,-210,28
340,1,9022001015342001,998,26
340,1,9022001015344002,763,28
340,1,9022001015352001,78,27
340,1,9022001015371001,1796,20
340,1,9022001015373001,1726,25
340,1,9022001015377001,1215,28
340,1,9022001015381001,1067,28
340,1,9022001015501002,858,28
340,1,9022001015509002,535,28
340,1,9022001015518001,-4467,28
340,1,9022001015520001,-1868,28
340,1,9022001015520002,-782,28
340,1,9022001015672002,-2598,47
340,1,9022001015703001,313,35
340,1,9022001015705001,-505,40
340,1,9022001015707001,-1075,47
340,1,9022001015709001,-1305,46
340,1,9022001015711001,-1411,47
340,1,9022001015713001,-1266,46
340,1,9022001015803001,-2515,47
340,1,9022001015805001,-4910,47
340,1,9022001015807001,-5992,47
340,1,9022001015809001,-7982,47
340,1,9022001015811001,-8784,47
340,1,9022001015813001,-7928,47
340,1,9022001015815001,-8442,47
340,1,9022001015818002,-11989,47
350,0,9022001015342001,630,55
350,0,9022001015344002,977,48
350,0,9022001015352002,-3999,56
350,0,9022001015371001,3344,29
350,0,9022001015373001,2883,41
350,0,9022001015377001,589,55
350,0,9022001015381001,-738,55
350,0,9022001015509002,-2234,56
350,0,9022001070022001,17786,64
350,0,9022001070053002,9326,64
350,0,9022001070215003,-13332,67
350,1,9022001015342002,-304,67
350,1,9022001015344001,-6041,68
350,1,9022001015352003,2748,67
350,1,9022001015371002,-2110,68
350,1,9022001015373002,-1198,67
350,1,9022001015377002,-50,67
350,1,9022001015381002,1111,67
350,1,9022001015383002,3490,67
350,1,9022001015509001,5936,67
350,1,9022001070022002,-814,51
350,1,9022001070053001,180,51
350,1,9022001070215003,510,49
396,0,9022001012213002,336,5
396,0,9022001012215002,321,5
396,0,9022001012217005,125,4
396,0,9022001015303001,390,5
396,0,9022001015305001,376,5
396,0,9022001015307001,376,5
396,0,9022001015309001,355,5
396,0,9022001015311001,314,5
396,0,9022001015313001,266,5
396,0,9022001015315001,266,5
396,0,9022001015317001,99,5
396,0,9022001015319001,-95,5
396,0,9022001015321001,-124,5
396,0,9022001015321003,553,3
396,0,9022001015323001,-503,5
396,0,9022001015323002,483,3
396,0,9022001015325001,-11,4
396,0,9022001015325002,441,3
396,0,9022001015327001,-15,4
396,0,9022001015327002,423,3
396,0,9022001015329001,40,5
396,0,9022001015329002,388,3
396,0,9022001015331001,92,5
396,0,9022001015331002,354,3
396,0,9022001015333001,91,2
396,0,9022001015333002,335,3
396,0,9022001015333004,36,3
396,0,9022001015335001,119,2
396,0,9022001015337001,108,2
396,0,9022001015341001,84,2
396,0,9022001015342002,14,2
396,0,9022001015344001,-312,2
396,0,9022001015371002,-197,2
396,0,9022001015373002,-111,2
396,0,9022001015377002,100,2
396,0,9022001015381002,157,2
396,0,9022001015383002,147,2
396,0,9022001015501001,80,2
396,0,9022001015503001,10,2
396,0,9022001015509001,167,2
396,0,9022001015518001,-23,3
396,0,9022001015520001,305,3
396,0,9022001015520002,69,3
396,0,9022001015672002,787,6
396,0,9022001015703001,532,3
396,0,9022001015705001,933,4
396,0,9022001015707001,874,4
396,0,9022001015709001,1148,6
396,0,9022001015711001,1133,6
396,0,9022001015713001,1152,6
396,0,9022001015803001,777,6
396,0,9022001015805001,641,6
396,0,9022001015807001,592,6
396,0,9022001015809001,484,6
396,0,9022001015811001,497,6
396,0,9022001015813001,559,6
396,0,9022001015815001,517,6
396,0,9022001015818002,175,6
396,1,9022001012213001,-69,5
396,1,9022001012215001,-44,5
396,1,9022001012217004,-168,3
396,1,9022001012217006,-322,2
396,1,9022001015303002,-97,5
396,1,9022001015305002,-52,5
396,1,9022001015307002,-53,5
396,1,9022001015309002,-102,5
396,1,9022001015311002,-51,5
396,1,9022001015313002,-51,5
396,1,9022001015315002,-104,5
396,1,9022001015317002,105,5
396,1,9022001015321004,20,3
396,1,9022001015323001,90,3
396,1,9022001015323002,135,4
396,1,9022001015325001,155,3
396,1,9022001015325002,304,4
396,1,9022001015327001,177,3
396,1,9022001015327002,304,4
396,1,9022001015329001,239,3
396,1,9022001015329002,317,4
396,1,9022001015331001,246,3
396,1,9022001015331002,311,4
396,1,9022001015333002,243,4
396,1,9022001015333004,315,3
396,1,9022001015335002,-16,1
396,1,9022001015337002,2,1
396,1,9022001015341002,23,1
396,1,9022001015501002,50,1
396,1,9022001015503003,59,1
396,1,9022001015518001,172,3
396,1,9022001015520001,385,3
396,1,9022001015520002,332,3
396,1,9022001015672001,-60,3
396,1,9022001015703002,17,3
396,1,9022001015705002,53,3
396,1,9022001015707002,73,3
396,1,9022001015709002,73,3
396,1,9022001015711002,66,3
396,1,9022001015713002,49,3
396,1,9022001015727003,-4,2
396,1,9022001015745001,58,2
396,1,9022001015747004,73,2
396,1,9022001015760001,108,2
396,1,9022001015803002,39,3
396,1,9022001015805002,108,3
396,1,9022001015807002,87,3
396,1,9022001015809002,110,3
396,1,9022001015811002,80,3
396,1,9022001015813002,42,3
396,1,9022001015815002,42,3
396,1,9022001015818003,27,2
396,1,9022001015821002,84,2
396,1,9022001015823002,67,2
396,1,9022001015825002,100,2
396,1,9022001015889002,86,2
4,0,9022001000243001,-1119,6
4,0,9022001000301001,-730,21
4,0,9022001000306001,-3076,21
4,0,9022001000401001,-459,1
4,0,9022001000401005,184,1
4,0,9022001000401006,-41,8
4,0,9022001000402001,733,7
4,0,9022001000403001,134,7
4,0,9022001000407001,487,6
4,0,9022001000408001,281,10
4,0,9022001000409001,542,6
4,0,9022001000410001,350,9
4,0,9022001000411001,378,5
4,0,9022001000413001,92,3
4,0,9022001000414001,330,9
4,0,9022001000419001,146,9
4,0,9022001000420001,297,7
4,0,9022001000421001,15,2
4,0,9022001000429001,-978,12
4,0,9022001000432001,297,6
4,0,9022001000433001,381,7
4,0,9022001000902001,461,17
4,0,9022001000903001,-196,16
4,0,9022001000907001,-801,18
4,0,9022001000908001,-175,3
4,0,9022001000951001,-104,4
4,0,9022001000952001,199,3
4,0,9022001000955001,-82,15
4,0,9022001010045002,-3791,184
4,0,9022001010098003,-30911,184
4,0,9022001010136002,4711,73
4,0,9022001010151003,12050,168
4,0,9022001010183002,19219,160
4,0,9022001010188002,18164,175
4,0,9022001010191002,21238,180
4,0,9022001010193001,21026,182
4,0,9022001010194004,15964,183
4,0,9022001010198002,10235,184
4,0,9022001010199002,14693,184
4,0,9022001010203001,-3549,184
4,0,9022001010261002,394,61
4,0,9022001010363004,18688,155
4,0,9022001010367002,20226,146
4,0,9022001010369001,11965,139
4,0,9022001010401001,3345,70
4,0,9022001010627002,-7668,184
4,0,9022001010645002,20412,125
4,0,9022001010649002,8551,111
4,0,9022001010651002,9778,106
4,0,9022001010655002,10978,99
4,0,9022001010658001,6838,89
4,0,9022001010661002,4710,84
4,0,9022001011725004,-42247,247
4,1,9022001000243001,9549,9
4,1,9022001000301002,-603,1
4,1,9022001000301003,-4112,7
4,1,9022001000301004,-1210,2
4,1,9022001000301005,-1809,3
4,1,9022001000301006,-1224,2
4,1,9022001000301007,-2428,4
4,1,9022001000401004,-97,4
4,1,9022001000401005,-501,6
4,1,9022001000401006,-13,4
4,1,9022001000401008,-604,1
4,1,9022001000402001,723,8
4,1,9022001000403001,863,9
4,1,9022001000404001,98,1
4,1,9022001000407001,631,8
4,1,9022001000408001,425,12
4,1,9022001000409001,631,8
4,1,9022001000410001,355,12
4,1,9022001000411001,1055,11
4,1,9022001000413001,1336,6
4,1,9022001000414001,1324,14
4,1,9022001000419001,381,14
4,1,9022001000420001,1314,14
4,1,9022001000421001,301,3
4,1,9022001000429001,-274,16
4,1,9022001000432001,746,8
4,1,9022001000433001,1459,14
4,1,9022001000902001,18,2
4,1,9022001000903001,119,4
4,1,9022001000904001,394,1
4,1,9022001000907001,59,2
4,1,9022001000951001,43,1
4,1,9022001000955001,232,5
4,1,9022001010045001,4349,65
4,1,9022001010098003,-33647,245
4,1,9022001010136001,14944,194
4,1,9022001010151002,1022,107
4,1,9022001010183003,5336,116
4,1,9022001010188001,4758,104
4,1,9022001010191001,2903,96
4,1,9022001010192001,3078,92
4,1,9022001010194006,1772,89
4,1,9022001010198001,5358,81
4,1,9022001010199001,6220,86
4,1,9022001010203002,2719,62
4,1,9022001010261004,10420,194
4,1,9022001010363005,3398,127
4,1,9022001010367001,3420,142
4,1,9022001010369008,-156,149
4,1,9022001010401002,12815,194
4,1,9022001010627001,2017,58
4,1,9022001010645001,15238,160
4,1,9022001010649001,5547,173
4,1,9022001010651001,11763,78
4,1,9022001010655001,15074,185
4,1,9022001010657001,20247,188
4,1,9022001010661001,10979,193
4,1,9022001011725007,-50308,195
4,1,9022001070692001,2825,99
40,0,9022001005001001,960,2
40,0,9022001005006001,-2579,41
40,0,9022001005007002,360,2
40,0,9022001005031002,1601,5
40,0,9022001005041002,1690,7
40,0,9022001005051002,723,43
40,0,9022001005061002,-81,43
40,0,9022001005071002,-1943,39
40,0,9022001005081002,1324,26
40,0,9022001005091002,1020,5
40,0,9022001005101002,840,3
40,0,9022001005131002,960,3
40,0,9022001005135002,-806,39
40,0,9022001005141002,-1383,28
40,0,9022001005141004,542,33
40,0,9022001005151002,-948,27
40,0,9022001005161002,119,26
40,0,9022001005171002,970,3
40,0,9022001005181002,1002,2
40,0,9022001005191002,631,1
40,0,9022001005191004,152,8
40,0,9022001005211002,-486,16
40,0,9022001005221001,-13,1
40,0,9022001005221002,-182,19
40,0,9022001005231003,164,6
40,0,9022001005231004,1063,54
40,0,9022001005310001,35,2
40,0,9022001005310003,900,3
40,0,9022001005320001,1561,4
40,1,9022001005001001,202,2
40,1,9022001005001002,719,4
40,1,9022001005006002,736,3
40,1,9022001005007002,3921,111
40,1,9022001005071001,60,1
40,1,9022001005081001,-475,27
40,1,9022001005091001,-1971,39
40,1,9022001005101001,-4147,42
40,1,9022001005131004,-151,42
40,1,9022001005135001,-770,24
40,1,9022001005171001,367,1
40,1,9022001005181001,401,1
40,1,9022001005191001,-554,20
40,1,9022001005201001,-625,22
40,1,9022001005211001,-674,20
40,1,9022001005221002,120,1
40,1,9022001005221005,540,2
40,1,9022001005231004,240,1
40,1,9022001005310002,77,44
40,1,9022001005310004,85,1
40,1,9022001005320002,93,32
401,0,9022001010591002,2853,93
401,0,9022001010595002,5537,92
401,0,9022001040004001,-35298,171
401,0,9022001040007002,10553,92
401,0,9022001040011002,9023,91
401,0,9022001040013002,7130,90
401,0,9022001040016001,10101,89
401,0,9022001040019002,8539,89
401,0,9022001040021002,6093,87
401,0,9022001040023002,5663,85
401,0,9022001040027002,3304,72
401,0,9022001040029002,5995,66
401,0,9022001040031002,8703,65
401,0,9022001040034001,7555,56
401,0,9022001040035002,9599,65
401,0,9022001040037002,10156,65
401,0,9022001040039002,9405,64
401,0,9022001040041002,8004,62
401,0,9022001040045002,5032,57
401,0,9022001040048001,5619,55
401,0,9022001040049002,5161,55
401,0,9022001040051002,5109,55
401,0,9022001044000019,-9562,94
401,1,9022001010591003,3090,25
401,1,9022001010595003,4081,34
401,1,9022001040004001,-5984,65
401,1,9022001040007001,4077,36
401,1,9022001040011001,6421,42
401,1,9022001040013001,5251,47
401,1,9022001040019001,7289,50
401,1,9022001040021001,9283,51
401,1,9022001040023001,9401,51
401,1,9022001040027001,13519,54
401,1,9022001040029001,11732,63
401,1,9022001040031001,12019,64
401,1,9022001040035001,10791,65
401,1,9022001040037001,8981,65
401,1,9022001040039001,9970,65
401,1,9022001040041001,11116,65
401,1,9022001040045001,8840,65
401,1,9022001040048002,4153,65
401,1,9022001040049001,1775,65
401,1,9022001040051001,-1162,65
401,1,9022001044000006,2906,174
402,1,9022001010591001,7015,100
402,1,9022001010591005,3818,73
402,1,9022001010593001,6883,103
402,1,9022001010595006,4708,67
402,1,9022001010599001,5605,110
402,1,9022001010814002,2412,87
402,1,9022001010949001,-3192,112
402,1,9022001010949002,3908,52
402,1,9022001010985001,4282,111
402,1,9022001010985002,4059,61
402,1,9022001010987001,2893,113
402,1,9022001010987002,3704,57
402,1,9022001010991001,-69,115
402,1,9022001010991002,3768,50
402,1,9022001010993001,-2881,115
402,1,9022001010993002,4672,48
402,1,9022001010995001,4403,45
402,1,9022001010995002,-17653,115
402,1,9022001011002010,-92,77
402,1,9022001040058001,-8089,116
402,1,9022001040058002,3432,39
402,1,9022001040065001,4032,44
402,1,9022001040065002,-3152,116
402,1,9022001040117003,-62941,277
402,1,9022001040523002,-20892,116
402,1,9022001040523003,2782,33
402X,1,9022001010591001,-20,1
402X,1,9022001010593001,19,1
402X,1,9022001010595003,25,1
402X,1,9022001040523002,-179,1
402X,1,9022001044000014,80,4
405,0,9022001010369010,-6801,47
405,0,9022001010421002,4498,46
405,0,9022001010494001,11617,46
405,0,9022001010591005,9035,41
405,0,9022001010645002,9629,46
405,0,9022001040103002,8578,34
405,0,9022001040106001,7141,32
405,0,9022001040107002,6295,32
405,0,9022001040109002,5041,31
405,0,9022001040111002,4150,30
405,0,9022001040113002,3797,30
405,0,9022001040116001,2079,29
405,0,9022001040175004,2523,28
405,0,9022001040177002,2263,28
405,0,9022001040179002,2244,28
405,0,9022001040181002,1687,28
405,0,9022001080413002,-7327,47
405,1,9022001010369011,494,11
405,1,9022001010421001,2084,28
405,1,9022001010494002,2463,48
405,1,9022001010591003,8583,52
405,1,9022001010645001,3431,39
405,1,9022001040103001,9922,58
405,1,9022001040107001,13521,58
405,1,9022001040109001,13554,58
405,1,9022001040111001,13050,58
405,1,9022001040113001,14071,58
405,1,9022001040116002,5775,58
405,1,9022001040175003,3085,59
405,1,9022001040177001,-1556,59
405,1,9022001040179001,-7887,59
405,1,9022001040181001,-9453,59
405,1,9022001080413001,-16066,59
409,0,9022001010591002,4955,48
409,0,9022001010595002,5394,48
409,0,9022001040103002,6788,48
409,0,9022001040106001,6651,48
409,0,9022001040107002,5715,48
409,0,9022001040109002,5075,48
409,0,9022001040111002,5120,45
409,0,9022001040113002,4189,42
409,0,9022001040116001,2086,41
409,0,9022001040175004,3023,41
409,0,9022001040177002,2869,41
409,0,9022001040179002,2930,41
409,0,9022001040181002,2058,41
409,0,9022001040181004,-7815,53
409,0,9022001040183001,1313,23
409,0,9022001040185001,1445,22
409,0,9022001040187001,1547,22
409,0,9022001040189001,2118,23
409,0,9022001040191001,2514,24
409,0,9022001040193001,3308,25
409,0,9022001040196001,569,2
409,0,9022001040197001,2327,26
409,0,9022001040199001,2943,26
409,0,9022001040203001,2751,26
409,0,9022001040205001,2910,26
409,0,9022001040207001,3394,27
409,0,9022001040209001,3646,30
409,0,9022001040211001,4098,33
409,0,9022001040253002,3192,37
409,0,9022001040255002,2996,34
409,0,9022001044000019,-5925,48
409,1,9022001010591003,1073,20
409,1,9022001010595003,1271,20
409,1,9022001040103001,822,20
409,1,9022001040107001,2166,20
409,1,9022001040109001,2316,20
409,1,9022001040111001,2813,22
409,1,9022001040113001,3561,23
409,1,9022001040116002,1986,24
409,1,9022001040175003,4718,32
409,1,9022001040177001,5847,35
409,1,9022001040179001,5712,40
409,1,9022001040181001,5458,43
409,1,9022001040181004,-726,54
409,1,9022001040183002,3744,54
409,1,9022001040185002,4893,53
409,1,9022001040187002,6189,53
409,1,9022001040189002,6713,53
409,1,9022001040191002,7368,53
409,1,9022001040193002,8851,53
409,1,9022001040196001,856,7
409,1,9022001040197002,9678,53
409,1,9022001040199002,10668,53
409,1,9022001040202001,11051,53
409,1,9022001040203002,10749,53
409,1,9022001040205002,10172,52
409,1,9022001040207002,9480,51
409,1,9022001040209002,8558,50
409,1,9022001040211002,8074,50
409,1,9022001040253001,7123,48
409,1,9022001040255001,7321,49
409,1,9022001044000007,1051,86
40J,0,9022001010151003,-594,2
40J,0,9022001010289004,-474,2
40J,0,9022001050020007,-569,2
40J,0,9022001050146002,-569,2
40J,0,9022001050501001,-204,1
40J,0,9022001050514001,-596,1
40J,0,9022001050522001,-584,1
40J,0,9022001050569001,-569,2
40J,0,9022001052994003,-363,1
40J,0,9022001056701014,-724,3
40J,0,9022001057342001,-272,1
40J,0,9022001068633002,209,1
40J,0,9022001068779004,280,1
40J,1,9022001056701009,58,1
40J,1,9022001057342001,-103,1
40J,1,9022001068633001,-571,3
40J,1,9022001068779001,-3302,4
41,0,9022001005031002,1209,46
41,0,9022001005041002,-794,26
41,0,9022001005051002,1086,27
41,0,9022001005061002,1634,8
41,0,9022001005071002,1547,7
41,0,9022001005081002,2925,27
41,0,9022001005091002,1709,25
41,0,9022001005101002,817,39
41,0,9022001005101003,-1,8
41,0,9022001005111002,1671,25
41,0,9022001005121001,1183,4
41,0,9022001005121002,750,38
41,0,9022001005131002,666,33
41,0,9022001005135002,1014,34
41,0,9022001005141002,2103,9
41,0,9022001005141004,448,8
41,0,9022001005151002,1077,26
41,0,9022001005161002,848,28
41,0,9022001005171002,1506,31
41,0,9022001005181002,658,49
41,0,9022001005191002,1998,23
41,0,9022001005191004,709,20
41,0,9022001005201002,1317,39
41,0,9022001005211002,2476,29
41,0,9022001005221001,134,1
41,0,9022001005221002,1696,15
41,0,9022001005231001,51,2
41,0,9022001005231002,1834,73
41,0,9022001005231003,900,33
41,0,9022001005231004,726,31
41,0,9022001005310001,32,2
41,0,9022001005310003,1962,57
41,0,9022001005320001,3186,32
41,1,9022001005031001,1327,48
41,1,9022001005041001,72,49
41,1,9022001005051001,429,26
41,1,9022001005061001,37,45
41,1,9022001005071001,1022,37
41,1,9022001005081001,1393,32
41,1,9022001005091001,69,32
41,1,9022001005101001,467,4
41,1,9022001005101003,513,13
41,1,9022001005111001,741,32
41,1,9022001005121001,3227,78
41,1,9022001005121002,2195,62
41,1,9022001005131004,585,29
41,1,9022001005135001,641,30
41,1,9022001005141001,163,33
41,1,9022001005141003,679,3
41,1,9022001005151001,-1634,45
41,1,9022001005161001,-408,21
41,1,9022001005171001,-1124,42
41,1,9022001005181001,-479,34
41,1,9022001005191001,-103,27
41,1,9022001005201001,1314,7
41,1,9022001005211001,275,30
41,1,9022001005221001,18,4
41,1,9022001005221005,4657,37
41,1,9022001005231002,599,14
41,1,9022001005231003,-53,2
41,1,9022001005231004,300,2
41,1,9022001005310002,-85,23
41,1,9022001005320002,113,27
410,0,9022001010591002,7417,42
410,0,9022001010595002,7843,42
410,0,9022001040103002,9490,42
410,0,9022001040106001,9198,38
410,0,9022001040107002,8114,40
410,0,9022001040109002,6570,37
410,0,9022001040111002,5655,34
410,0,9022001040113002,5555,34
410,0,9022001040116001,3826,34
410,0,9022001040175004,3749,32
410,0,9022001040177002,2102,25
410,0,9022001040179002,1793,24
410,0,9022001040181002,888,30
410,0,9022001040231002,928,20
410,0,9022001040233002,922,20
410,0,9022001040235002,575,19
410,0,9022001040237002,487,19
410,0,9022001040239002,607,19
410,0,9022001040242001,-4787,34
410,0,9022001044000019,-3208,42
410,1,9022001010591003,776,13
410,1,9022001010595003,975,13
410,1,9022001040103001,818,13
410,1,9022001040107001,1641,13
410,1,9022001040109001,1790,13
410,1,9022001040111001,2140,14
410,1,9022001040113001,2526,14
410,1,9022001040116002,1645,14
410,1,9022001040175003,2266,14
410,1,9022001040177001,2402,14
410,1,9022001040179001,2277,14
410,1,9022001040181001,2237,14
410,1,9022001040231001,2349,14
410,1,9022001040233001,1952,14
410,1,9022001040235001,1717,14
410,1,9022001040237001,1600,14
410,1,9022001040239001,1366,14
410,1,9022001040242001,202,14
410,1,9022001044000007,1973,48
411C,0,9022001010591002,514,4
411C,0,9022001010910001,-413,5
411C,0,9022001040103002,722,3
411C,0,9022001040106001,708,3
411C,0,9022001040107002,661,3
411C,0,9022001040109002,591,3
411C,0,9022001040111002,480,3
411C,0,9022001040113002,447,3
411C,0,9022001040116001,108,1
411C,0,9022001040175004,95,1
411C,0,9022001040177002,41,1
411C,0,9022001040253002,-279,7
413,0,9022001010591002,329,10
413,0,9022001010595002,449,10
413,0,9022001040103002,797,10
413,0,9022001040106001,752,10
413,0,9022001040107002,552,10
413,0,9022001040109002,443,10
413,0,9022001040111002,457,10
413,0,9022001040113002,433,10
413,0,9022001040116001,-17,10
413,0,9022001040175004,44,10
413,0,9022001040177002,-141,10
413,0,9022001040179002,-122,10
413,0,9022001040181002,-587,10
413,0,9022001040253002,-271,10
413,0,9022001040255002,-318,10
413,0,9022001040283002,-330,21
413,0,9022001040285002,168,21
413,0,9022001040287002,390,21
413,0,9022001040289002,883,21
413,0,9022001040291002,1204,21
413,0,9022001040294001,-3398,30
413,0,9022001044000019,-2070,10
413,1,9022001010591003,-130,10
413,1,9022001010595003,216,11
413,1,9022001040103001,476,14
413,1,9022001040107001,2153,19
413,1,9022001040109001,2406,19
413,1,9022001040111001,2612,19
413,1,9022001040113001,3276,20
413,1,9022001040116002,2021,20
413,1,9022001040175003,2956,20
413,1,9022001040177001,3485,21
413,1,9022001040179001,3811,24
413,1,9022001040181001,3824,25
413,1,9022001040253001,4194,25
413,1,9022001040255001,4180,25
413,1,9022001040258002,2197,36
413,1,9022001040283001,3309,19
413,1,9022001040285001,3309,19
413,1,9022001040287001,2948,19
413,1,9022001040289001,2429,19
413,1,9022001040291001,2123,19
413,1,9022001040294001,711,19
413,1,9022001044000008,1565,46
414,0,9022001010591002,12732,83
414,0,9022001010595002,13404,83
414,0,9022001040103002,15895,83
414,0,9022001040106001,15528,83
414,0,9022001040107002,13566,83
414,0,9022001040109002,12104,81
414,0,9022001040111002,9453,70
414,0,9022001040113002,8965,68
414,0,9022001040116001,5804,66
414,0,9022001040175004,6194,63
414,0,9022001040177002,6058,61
414,0,9022001040179002,6460,60
414,0,9022001040181002,3787,57
414,0,9022001040253002,5867,50
414,0,9022001040255002,6162,49
414,0,9022001040258002,218,70
414,0,9022001040261002,2863,34
414,0,9022001040265002,2509,33
414,0,9022001040267002,3452,33
414,0,9022001040273003,-9456,74
414,0,9022001040319002,3275,33
414,0,9022001040323002,3617,33
414,0,9022001040325002,3734,32
414,0,9022001040330002,3526,29
414,0,9022001040331002,4537,28
414,0,9022001040333002,4163,27
414,0,9022001040335002,3857,26
414,0,9022001040337002,3892,26
414,0,9022001040425001,2036,34
414,0,9022001040431001,2604,19
414,0,9022001040491001,2819,21
414,0,9022001040493001,2065,14
414,0,9022001040530001,3299,33
414,0,9022001040540001,2700,33
414,0,9022001044000019,-7177,84
414,1,9022001010591003,8009,32
414,1,9022001010595003,8782,36
414,1,9022001040103001,8408,38
414,1,9022001040107001,10893,38
414,1,9022001040109001,11185,38
414,1,9022001040111001,11006,38
414,1,9022001040113001,11545,38
414,1,9022001040116002,9893,41
414,1,9022001040175003,11827,41
414,1,9022001040177001,12167,41
414,1,9022001040179001,12013,42
414,1,9022001040181001,11418,42
414,1,9022001040253001,11983,42
414,1,9022001040255001,11755,48
414,1,9022001040259001,11617,50
414,1,9022001040261001,12508,51
414,1,9022001040265001,22237,70
414,1,9022001040267001,23227,74
414,1,9022001040273004,-180,77
414,1,9022001040319001,24653,74
414,1,9022001040323001,25097,75
414,1,9022001040325001,25041,76
414,1,9022001040330001,22406,77
414,1,9022001040331001,21202,77
414,1,9022001040333001,18691,77
414,1,9022001040335001,18139,77
414,1,9022001040337001,16671,77
414,1,9022001040423001,13068,55
414,1,9022001040431002,10577,77
414,1,9022001040491002,13040,77
414,1,9022001040493002,7898,77
414,1,9022001040530002,17911,66
414,1,9022001040540002,20348,67
414,1,9022001044000008,10897,81
416,0,9022001040273004,-2350,44
416,0,9022001040389002,1006,42
416,0,9022001040421002,-605,43
416,0,9022001040493002,-510,42
416,0,9022001040500001,-4213,53
416,1,9022001040273003,-4279,33
416,1,9022001040389001,7,1
416,1,9022001040421001,61,1
416,1,9022001040493001,68,1
416,1,9022001040500001,-41,1
417,0,9022001040273004,-107,26
417,0,9022001040403002,1846,26
417,0,9022001040405002,2161,26
417,0,9022001040407002,2098,26
417,0,9022001040409002,2330,26
417,0,9022001040411002,2313,26
417,0,9022001040414001,-808,43
417,0,9022001040421002,1990,26
417,0,9022001040493002,1915,26
417,1,9022001040273003,-5547,54
417,1,9022001040403001,1451,10
417,1,9022001040405001,1356,10
417,1,9022001040407001,1291,10
417,1,9022001040411001,1043,10
417,1,9022001040414001,695,10
417,1,9022001040421001,1564,10
417,1,9022001040493001,1759,10
418,0,9022001040273004,-1527,29
418,0,9022001040431002,671,29
418,0,9022001040435002,603,29
418,0,9022001040437002,771,29
418,0,9022001040439002,672,29
418,0,9022001040441002,817,29
418,0,9022001040444001,-3500,34
418,0,9022001040491002,1053,29
418,0,9022001040493002,559,29
418,1,9022001040273003,-10776,54
418,1,9022001040431001,246,5
418,1,9022001040435001,261,5
418,1,9022001040437001,197,5
418,1,9022001040439001,176,5
418,1,9022001040441001,155,5
418,1,9022001040444001,-74,5
418,1,9022001040491001,219,5
418,1,9022001040493001,340,5
41K,1,9022001057032007,-480,4
41K,1,9022001068633002,203,2
41K,1,9022001068779001,-1312,2
420,0,9022001010591002,1445,3
420,0,9022001010595002,1510,3
420,0,9022001040103002,1572,3
420,0,9022001040106001,1551,3
420,0,9022001040107002,1496,3
420,0,9022001040109002,1456,3
420,0,9022001040111002,1336,3
420,0,9022001040113002,1312,3
420,0,9022001040116001,1153,3
420,0,9022001040175004,1191,3
420,0,9022001040177002,1176,3
420,0,9022001040179002,1056,2
420,0,9022001040181002,994,2
420,0,9022001040253002,1080,2
420,0,9022001040255002,992,2
420,0,9022001040359002,332,5
420,0,9022001041033002,395,1
420,0,9022001041063002,386,1
420,0,9022001041065002,374,1
420,0,9022001041067002,359,1
420,0,9022001044000019,779,3
420,1,9022001040111001,304,2
420,1,9022001040113001,400,2
420,1,9022001040116002,217,2
420,1,9022001040175003,373,2
420,1,9022001040177001,455,2
420,1,9022001040179001,446,2
420,1,9022001040181001,449,2
420,1,9022001040253001,552,2
420,1,9022001040255001,624,2
420,1,9022001040359008,-10,2
420,1,9022001041033004,12,2
420,1,9022001041063001,8,2
420,1,9022001041065001,-11,2
420,1,9022001041067001,16,2
420,1,9022001044000009,427,4
421,0,9022001040273004,-6280,33
421,0,9022001040431002,-1814,33
421,0,9022001040461002,-374,33
421,0,9022001040463002,-177,33
421,0,9022001040465002,-17,33
421,0,9022001040467002,824,33
421,0,9022001040469001,2467,31
421,0,9022001040469002,1380,33
421,0,9022001040471001,2419,31
421,0,9022001040471002,1792,32
421,0,9022001040473001,2337,31
421,0,9022001040473002,2056,32
421,0,9022001040476001,1080,34
421,0,9022001040477002,1841,31
421,0,9022001040479002,2414,30
421,0,9022001040481002,3166,29
421,0,9022001040483001,3186,29
421,0,9022001040485002,2938,28
421,0,9022001040487002,2938,28
421,0,9022001040489002,2476,27
421,0,9022001040491002,-1067,33
421,0,9022001040492001,1141,31
421,0,9022001040493002,-2659,33
421,1,9022001040273003,-7150,57
421,1,9022001040431001,2266,15
421,1,9022001040435001,3211,18
421,1,9022001040461001,3355,19
421,1,9022001040463001,3836,19
421,1,9022001040465001,4022,19
421,1,9022001040467001,3893,19
421,1,9022001040469001,4161,19
421,1,9022001040469002,3090,20
421,1,9022001040471001,4309,19
421,1,9022001040471002,3527,20
421,1,9022001040473001,4577,20
421,1,9022001040473002,3860,20
421,1,9022001040476001,3853,20
421,1,9022001040477001,3109,20
421,1,9022001040479001,2074,20
421,1,9022001040481001,2143,20
421,1,9022001040483002,1843,19
421,1,9022001040485001,304,20
421,1,9022001040487001,467,20
421,1,9022001040489001,-47,20
421,1,9022001040491001,2650,16
421,1,9022001040492001,27,20
421,1,9022001040493001,1795,14
422,0,9022001010591002,13902,112
422,0,9022001010595002,16113,108
422,0,9022001040103002,20469,108
422,0,9022001040106001,20113,108
422,0,9022001040107002,18596,107
422,0,9022001040109002,17403,108
422,0,9022001040111002,17409,108
422,0,9022001040113002,17191,107
422,0,9022001040116001,13630,107
422,0,9022001040175004,15944,106
422,0,9022001040177002,16194,106
422,0,9022001040179002,16687,105
422,0,9022001040181002,14026,107
422,0,9022001040253002,16683,106
422,0,9022001040255002,16179,105
422,0,9022001040273006,11017,102
422,0,9022001040283002,14043,104
422,0,9022001040303002,16983,103
422,0,9022001040305002,17450,102
422,0,9022001040307002,16939,102
422,0,9022001040359002,4744,73
422,0,9022001040415002,15667,83
422,0,9022001040417002,14022,80
422,0,9022001040419002,11320,74
422,0,9022001040461002,8556,70
422,0,9022001040463002,7764,72
422,0,9022001040491002,9040,71
422,0,9022001041027002,8600,71
422,0,9022001041029002,8485,70
422,0,9022001041031002,8369,68
422,0,9022001041033002,8144,68
422,0,9022001041063002,8433,66
422,0,9022001041065002,8538,64
422,0,9022001041067002,7928,65
422,0,9022001041077002,4470,56
422,0,9022001041079002,-2019,80
422,0,9022001041111002,5925,57
422,0,9022001042271002,4249,57
422,0,9022001042273002,3873,57
422,0,9022001044000019,-12385,113
422,1,9022001010591003,2644,15
422,1,9022001010595003,3589,29
422,1,9022001040103001,3699,34
422,1,9022001040107001,7442,43
422,1,9022001040109001,8534,44
422,1,9022001040111001,10839,50
422,1,9022001040113001,12410,52
422,1,9022001040116002,9066,52
422,1,9022001040175003,11476,52
422,1,9022001040177001,12598,53
422,1,9022001040179001,12051,53
422,1,9022001040181001,11389,53
422,1,9022001040253001,12617,53
422,1,9022001040255001,12850,53
422,1,9022001040258002,11732,54
422,1,9022001040273002,13456,63
422,1,9022001040283003,13880,56
422,1,9022001040303001,13235,57
422,1,9022001040305001,13270,58
422,1,9022001040307001,12443,58
422,1,9022001040359001,16076,99
422,1,9022001040415001,17993,64
422,1,9022001040417001,19599,66
422,1,9022001040419001,20539,70
422,1,9022001040435001,23795,73
422,1,9022001040461001,25035,78
422,1,9022001040463003,25714,79
422,1,9022001040491001,22073,71
422,1,9022001041027001,25460,88
422,1,9022001041029001,25692,91
422,1,9022001041031001,25479,92
422,1,9022001041033004,27292,95
422,1,9022001041063001,25138,95
422,1,9022001041065001,22092,95
422,1,9022001041067001,22731,95
422,1,9022001041077001,14596,87
422,1,9022001041079001,4469,87
422,1,9022001041111001,19369,87
422,1,9022001042271001,20114,87
422,1,9022001042273001,20020,87
422,1,9022001044000009,5222,86
423,0,9022001010248001,-2509,12
423,0,9022001010254003,-1223,12
423,0,9022001010591005,-2243,12
423,0,9022001010595002,-2793,12
423,0,9022001040243002,-2284,12
423,0,9022001040359006,1011,8
423,0,9022001041077002,904,6
423,0,9022001041079002,291,11
423,0,9022001041111002,1157,7
423,0,9022001041141002,1489,8
423,0,9022001042004001,1672,8
423,0,9022001042006003,2167,9
423,0,9022001042015002,2839,9
423,0,9022001042271002,1075,6
423,0,9022001042273002,966,6
423,0,9022001042281001,1932,9
423,0,9022001043001001,2566,9
423,1,9022001010248002,-712,12
423,1,9022001010254002,463,2
423,1,9022001010591004,820,3
423,1,9022001010595004,1015,3
423,1,9022001040243003,1277,4
423,1,9022001040359001,-420,8
423,1,9022001041077001,-1253,8
423,1,9022001041079001,-2837,9
423,1,9022001041111001,-653,8
423,1,9022001042004002,71,8
423,1,9022001042006004,67,8
423,1,9022001042015001,524,8
423,1,9022001042271001,-974,8
423,1,9022001042273001,-925,8
423,1,9022001042281002,246,8
423,1,9022001043001002,927,8
424H,0,9022001040359001,-992,14
424H,0,9022001040359005,-1124,5
424H,0,9022001041035001,903,4
424H,0,9022001041037001,888,4
424H,0,9022001041039001,864,4
424H,0,9022001041041001,860,5
424H,0,9022001041043001,896,5
424H,0,9022001041043002,-400,5
424H,0,9022001041045001,827,5
424H,0,9022001041045002,-354,5
424H,0,9022001041047001,554,5
424H,0,9022001041047002,-99,5
424H,0,9022001041049002,2769,5
424H,0,9022001041063002,655,3
424H,0,9022001041065002,606,3
424H,0,9022001041067002,360,2
424H,0,9022001041073002,-650,5
424H,0,9022001041081002,-630,5
424H,0,9022001041083002,-562,5
424H,0,9022001041085002,-533,5
424V,1,9022001040359001,356,10
424V,1,9022001040359008,-374,4
424V,1,9022001041033001,181,4
424V,1,9022001041035002,283,4
424V,1,9022001041037002,283,4
424V,1,9022001041039002,334,4
424V,1,9022001041041002,277,4
424V,1,9022001041043002,193,4
424V,1,9022001041043003,369,4
424V,1,9022001041045001,285,4
424V,1,9022001041045002,183,4
424V,1,9022001041047001,157,4
424V,1,9022001041047002,197,4
424V,1,9022001041049002,203,4
424V,1,9022001041063001,81,4
424V,1,9022001041065001,-186,4
424V,1,9022001041067001,-206,4
424V,1,9022001041073001,449,4
424V,1,9022001041081001,475,4
424V,1,9022001041083001,464,4
424V,1,9022001041085001,446,4
425,0,9022001010591002,2378,30
425,0,9022001010595002,1148,30
425,0,9022001040243002,1085,30
425,0,9022001040359006,1237,22
425,0,9022001041033002,7095,27
425,0,9022001041063002,6668,27
425,0,9022001041065002,6075,27
425,0,9022001041067002,4902,27
425,0,9022001041073002,1846,14
425,0,9022001041075002,1180,12
425,0,9022001041077002,1004,12
425,0,9022001041079002,297,15
425,0,9022001044000019,-2680,30
425,1,9022001010591004,230,6
425,1,9022001010595004,638,6
425,1,9022001040243003,1098,8
425,1,9022001040359001,512,13
425,1,9022001041033004,-622,11
425,1,9022001041063001,-387,11
425,1,9022001041065001,-213,11
425,1,9022001041067001,591,12
425,1,9022001041073001,719,13
425,1,9022001041075001,671,13
425,1,9022001041077001,301,13
425,1,9022001041079001,-1235,13
425,1,9022001044000013,-338,24
426,0,9022001040359008,-1427,20
426,0,9022001041111002,32,21
426,0,9022001041113002,336,21
426,0,9022001041115002,674,21
426,0,9022001041117002,934,21
426,0,9022001041119002,1105,21
426,0,9022001041121002,1056,21
426,0,9022001041123002,915,21
426,0,9022001041125002,803,21
426,0,9022001041128001,334,22
426,0,9022001041129002,234,21
426,1,9022001040359001,117,16
426,1,9022001041111001,624,3
426,1,9022001041113001,574,3
426,1,9022001041115001,525,3
426,1,9022001041117001,528,3
426,1,9022001041119001,489,3
426,1,9022001041121001,511,2
426,1,9022001041123001,507,3
426,1,9022001041125001,524,3
426,1,9022001041128001,496,3
426,1,9022001041129001,617,3
428,0,9022001040359008,2632,16
428,0,9022001041143002,2968,16
428,0,9022001041145002,3227,16
428,0,9022001041151002,3177,16
428,0,9022001041157002,3149,16
428,0,9022001041159002,3022,16
428,0,9022001041161002,2449,16
428,0,9022001041181002,2783,16
428,0,9022001041183002,2789,16
428,0,9022001041185002,2954,16
428,0,9022001041187002,2901,16
428,0,9022001041189002,2878,16
428,0,9022001041191001,3490,15
428,0,9022001041191002,2960,16
428,0,9022001041193001,3596,15
428,0,9022001041195001,2898,16
428,0,9022001041197002,3320,15
428,0,9022001041199002,2838,14
428,0,9022001041201002,2913,14
428,0,9022001041203002,2908,14
428,0,9022001041205002,2934,14
428,0,9022001041207002,2872,14
428,0,9022001041209002,2693,14
428,0,9022001041211002,1616,13
428,0,9022001041213002,1583,13
428,0,9022001041215002,1459,13
428,0,9022001041217002,1337,13
428,0,9022001041219001,-834,13
428,0,9022001041235002,2902,16
428,0,9022001041239002,3305,15
428,0,9022001042004002,3475,16
428,0,9022001042023001,3125,16
428,0,9022001042029002,3115,16
428,0,9022001042276001,3481,16
428,0,9022001042291002,3131,16
428,1,9022001040359004,-97,5
428,1,9022001041143001,178,2
428,1,9022001041145001,25,2
428,1,9022001041151001,66,2
428,1,9022001041157001,110,3
428,1,9022001041159001,99,3
428,1,9022001041161003,17,3
428,1,9022001041181001,706,4
428,1,9022001041183001,719,4
428,1,9022001041185001,709,4
428,1,9022001041187001,720,4
428,1,9022001041189001,758,4
428,1,9022001041191001,755,4
428,1,9022001041191002,752,4
428,1,9022001041193001,767,4
428,1,9022001041195001,713,4
428,1,9022001041197001,870,5
428,1,9022001041199001,833,5
428,1,9022001041201001,782,5
428,1,9022001041203001,738,5
428,1,9022001041205001,676,5
428,1,9022001041207001,627,5
428,1,9022001041209001,557,5
428,1,9022001041211001,551,5
428,1,9022001041213001,547,5
428,1,9022001041215001,527,5
428,1,9022001041217001,511,5
428,1,9022001041219001,-105,5
428,1,9022001041235001,716,4
428,1,9022001041239001,917,5
428,1,9022001042004001,116,2
428,1,9022001042023002,140,2
428,1,9022001042029001,39,2
428,1,9022001042276002,108,2
428,1,9022001042291001,162,2
428X,0,9022001010591002,7964,21
428X,0,9022001010595002,6984,21
428X,0,9022001040243002,6444,21
428X,0,9022001041145002,2253,18
428X,0,9022001041151002,2319,18
428X,0,9022001041157002,2104,18
428X,0,9022001041159002,1666,18
428X,0,9022001041161004,-219,18
428X,0,9022001041181002,321,18
428X,0,9022001041183002,505,16
428X,0,9022001041185002,600,14
428X,0,9022001041187002,375,13
428X,0,9022001041189002,417,13
428X,0,9022001041191001,1299,12
428X,0,9022001041191002,557,12
428X,0,9022001041193001,1407,12
428X,0,9022001041195001,719,12
428X,0,9022001041197002,773,10
428X,0,9022001041199002,720,10
428X,0,9022001041201002,763,10
428X,0,9022001041203002,758,10
428X,0,9022001041205002,806,10
428X,0,9022001041207002,776,10
428X,0,9022001041209002,679,10
428X,0,9022001041211002,655,10
428X,0,9022001041213002,673,10
428X,0,9022001041215002,635,10
428X,0,9022001041217002,528,10
428X,0,9022001041219001,-2511,18
428X,0,9022001041235002,704,15
428X,0,9022001041239002,780,10
428X,0,9022001044000019,4737,21
428X,1,9022001010591004,763,5
428X,1,9022001010595004,1046,5
428X,1,9022001040243003,1091,5
428X,1,9022001041145001,902,9
428X,1,9022001041151001,588,8
428X,1,9022001041157001,1227,10
428X,1,9022001041159001,1508,10
428X,1,9022001041161003,448,11
428X,1,9022001041181001,1529,11
428X,1,9022001041183001,1586,11
428X,1,9022001041185001,1457,11
428X,1,9022001041187001,1482,11
428X,1,9022001041189001,1703,12
428X,1,9022001041191001,2706,13
428X,1,9022001041191002,2825,14
428X,1,9022001041193001,2594,13
428X,1,9022001041195001,2301,13
428X,1,9022001041197001,2419,15
428X,1,9022001041199001,2335,15
428X,1,9022001041201001,2269,16
428X,1,9022001041203001,2189,16
428X,1,9022001041205001,1994,16
428X,1,9022001041207001,1900,16
428X,1,9022001041209001,1670,16
428X,1,9022001041211001,1607,16
428X,1,9022001041213001,1625,16
428X,1,9022001041215001,1643,16
428X,1,9022001041217001,1862,16
428X,1,9022001041219001,-175,16
428X,1,9022001041235001,1496,11
428X,1,9022001041239001,2629,14
428X,1,9022001044000015,820,16
429,0,9022001040359008,502,8
429,0,9022001041143002,506,8
429,0,9022001041145002,689,8
429,0,9022001041151002,610,8
429,0,9022001041157002,775,8
429,0,9022001041159002,713,8
429,0,9022001041161002,268,8
429,0,9022001041209001,465,7
429,0,9022001041211001,608,7
429,0,9022001041213001,728,7
429,0,9022001041215001,825,7
429,0,9022001041217002,118,1
429,0,9022001041219001,82,1
429,0,9022001041221001,1092,8
429,0,9022001041223001,1123,8
429,0,9022001041225001,1223,8
429,0,9022001041227001,1215,8
429,0,9022001041229001,1229,8
429,0,9022001041231001,1274,8
429,0,9022001041233001,900,8
429,0,9022001041237001,1145,8
429,0,9022001041249002,509,8
429,0,9022001041251002,462,8
429,0,9022001041253002,529,8
429,0,9022001041269002,770,8
429,0,9022001042004002,829,8
429,0,9022001042023001,733,8
429,0,9022001042029002,555,8
429,0,9022001042276001,761,8
429,0,9022001042291002,617,8
429,1,9022001040359004,1032,15
429,1,9022001041143001,1402,4
429,1,9022001041145001,1253,5
429,1,9022001041151001,1342,5
429,1,9022001041157001,1124,5
429,1,9022001041159001,1124,5
429,1,9022001041161001,961,5
429,1,9022001041209002,2573,6
429,1,9022001041211002,2501,6
429,1,9022001041213002,2469,6
429,1,9022001041215002,2357,6
429,1,9022001041217001,1493,3
429,1,9022001041217002,1347,2
429,1,9022001041219001,1336,3
429,1,9022001041221002,2381,7
429,1,9022001041223002,2381,7
429,1,9022001041225002,2269,7
429,1,9022001041227002,1859,6
429,1,9022001041229002,1891,6
429,1,9022001041231002,1907,6
429,1,9022001041233002,1802,6
429,1,9022001041237002,2347,7
429,1,9022001041249001,1153,5
429,1,9022001041251001,1136,5
429,1,9022001041253001,1188,5
429,1,9022001041269001,1964,6
429,1,9022001042001001,2382,6
429,1,9022001042004001,1239,4
429,1,9022001042023002,1280,4
429,1,9022001042029001,1143,5
429,1,9022001042276002,1209,4
429,1,9022001042291001,1332,4
429X,0,9022001010591002,534,21
429X,0,9022001010595002,-474,21
429X,0,9022001040243002,-1245,21
429X,0,9022001041145002,3146,18
429X,0,9022001041151002,3348,18
429X,0,9022001041157002,2941,18
429X,0,9022001041159002,2400,17
429X,0,9022001041161004,883,17
429X,0,9022001041209001,782,12
429X,0,9022001041211001,992,7
429X,0,9022001041213001,1384,9
429X,0,9022001041215001,1787,10
429X,0,9022001041221001,2414,12
429X,0,9022001041223001,2818,14
429X,0,9022001041225001,3188,14
429X,0,9022001041227001,3161,14
429X,0,9022001041229001,3128,14
429X,0,9022001041231001,3130,14
429X,0,9022001041233001,2369,14
429X,0,9022001041237001,2921,14
429X,0,9022001041249002,1720,16
429X,0,9022001041251002,1519,17
429X,0,9022001041253002,1772,16
429X,0,9022001041269002,2064,14
429X,0,9022001044000019,-3145,21
429X,1,9022001010591004,1557,7
429X,1,9022001010595004,1978,7
429X,1,9022001040243003,2026,7
429X,1,9022001041145001,1861,16
429X,1,9022001041151001,1737,16
429X,1,9022001041157001,2091,16
429X,1,9022001041159001,2527,16
429X,1,9022001041161001,795,16
429X,1,9022001041209002,2224,18
429X,1,9022001041211002,2462,18
429X,1,9022001041213002,2409,18
429X,1,9022001041215002,2252,18
429X,1,9022001041221002,2046,18
429X,1,9022001041223002,2200,18
429X,1,9022001041225002,1850,18
429X,1,9022001041227002,2151,17
429X,1,9022001041229002,2455,17
429X,1,9022001041231002,2416,17
429X,1,9022001041233002,2223,17
429X,1,9022001041237002,2068,18
429X,1,9022001041249001,1807,16
429X,1,9022001041251001,1828,16
429X,1,9022001041253001,1962,16
429X,1,9022001041269001,2207,16
429X,1,9022001042001001,963,18
429X,1,9022001044000015,-248,21
43,0,9022001005131002,-225,44
43,0,9022001005135002,1305,8
43,0,9022001005141004,-1894,37
43,0,9022001005310001,143,40
43,0,9022001005310003,97,3
43,0,9022001005310004,89,1
43,0,9022001005320001,1171,32
43,0,9022001006031002,207,38
43,0,9022001006041002,525,38
43,0,9022001006051002,-503,38
43,0,9022001006061002,993,4
43,0,9022001006071003,139,2
43,0,9022001006071004,-1873,42
43,0,9022001006081001,180,1
43,0,9022001006081002,-2258,43
43,0,9022001006091002,-1301,40
43,0,9022001006101001,300,1
43,0,9022001006121002,-2237,36
43,0,9022001006131002,-1079,35
43,0,9022001006141002,88,3
43,0,9022001006145002,-2214,41
43,0,9022001006151002,-1615,47
43,0,9022001006161002,-1663,46
43,0,9022001006171001,348,30
43,0,9022001006171002,2784,109
43,0,9022001006221002,589,16
43,0,9022001006231002,-985,19
43,0,9022001006241001,-52,20
43,0,9022001006251001,252,15
43,0,9022001006251002,1275,36
43,0,9022001006251003,15,1
43,1,9022001005131004,-131,37
43,1,9022001005135001,-903,38
43,1,9022001005141003,-889,34
43,1,9022001005310002,43,1
43,1,9022001005310004,-775,38
43,1,9022001005320002,116,3
43,1,9022001006031001,-2418,42
43,1,9022001006041001,-3012,43
43,1,9022001006051001,-46,5
43,1,9022001006061001,-902,37
43,1,9022001006071001,252,43
43,1,9022001006071003,115,5
43,1,9022001006081001,2922,101
43,1,9022001006091001,-629,43
43,1,9022001006101001,3781,113
43,1,9022001006121001,-2069,47
43,1,9022001006131001,129,44
43,1,9022001006141001,500,44
43,1,9022001006145001,-1970,35
43,1,9022001006151001,447,4
43,1,9022001006161001,-1385,36
43,1,9022001006171002,-245,33
43,1,9022001006171003,-133,2
43,1,9022001006201002,-430,17
43,1,9022001006211001,-464,17
43,1,9022001006221001,-307,17
430,0,9022001040359008,-1,14
430,0,9022001041143002,184,14
430,0,9022001041145002,467,12
430,0,9022001041151002,501,14
430,0,9022001041157002,459,12
430,0,9022001041159002,319,12
430,0,9022001041161002,-629,12
430,0,9022001041231001,475,11
430,0,9022001041233001,607,11
430,0,9022001041249002,-40,12
430,0,9022001041251002,-97,12
430,0,9022001041253002,22,12
430,0,9022001041255002,-147,12
430,0,9022001041257002,-160,11
430,0,9022001041259002,-52,11
430,0,9022001041261002,253,11
430,0,9022001041263002,421,10
430,0,9022001041265002,913,11
430,0,9022001041267002,763,11
430,0,9022001041271002,406,11
430,0,9022001041273002,443,11
430,0,9022001041275002,466,11
430,0,9022001041277002,359,11
430,0,9022001041279002,226,11
430,0,9022001041281002,173,11
430,0,9022001041284001,-3575,13
430,0,9022001041285002,334,11
430,0,9022001042004002,737,14
430,0,9022001042023001,625,14
430,0,9022001042029002,317,14
430,0,9022001042276001,583,14
430,0,9022001042282001,206,11
430,0,9022001042291002,380,14
430,1,9022001040359004,126,10
430,1,9022001041143001,119,1
430,1,9022001041145001,737,3
430,1,9022001041151001,690,2
430,1,9022001041157001,688,3
430,1,9022001041159001,700,3
430,1,9022001041161001,662,3
430,1,9022001041231002,2477,6
430,1,9022001041233002,2458,6
430,1,9022001041249001,719,3
430,1,9022001041251001,709,3
430,1,9022001041253001,727,3
430,1,9022001041255001,1559,4
430,1,9022001041257001,1615,4
430,1,9022001041259001,1889,5
430,1,9022001041261001,2569,6
430,1,9022001041263001,2480,6
430,1,9022001041265001,2492,6
430,1,9022001041267001,2469,6
430,1,9022001041271001,2449,8
430,1,9022001041273001,2317,8
430,1,9022001041275001,2244,8
430,1,9022001041277001,2152,8
430,1,9022001041279001,2003,8
430,1,9022001041281001,1973,8
430,1,9022001041284001,1253,8
430,1,9022001041285001,2134,8
430,1,9022001042004001,88,1
430,1,9022001042023002,99,1
430,1,9022001042029001,67,1
430,1,9022001042276002,93,1
430,1,9022001042282002,1915,8
430,1,9022001042291001,112,1
430X,0,9022001010591002,173,25
430X,0,9022001010595002,-1005,25
430X,0,9022001040243002,-1929,25
430X,0,9022001041145002,2144,21
430X,0,9022001041151002,2930,22
430X,0,9022001041157002,1940,21
430X,0,9022001041159002,1405,21
430X,0,9022001041161004,-1051,21
430X,0,9022001041231001,162,15
430X,0,9022001041233001,251,15
430X,0,9022001041249002,37,20
430X,0,9022001041251002,56,21
430X,0,9022001041253002,-4,20
430X,0,9022001041255002,-779,19
430X,0,9022001041257002,-809,18
430X,0,9022001041259002,-603,17
430X,0,9022001041261002,80,16
430X,0,9022001041263002,-157,16
430X,0,9022001041265002,541,15
430X,0,9022001041267002,453,15
430X,0,9022001041271002,96,15
430X,0,9022001041273002,233,15
430X,0,9022001041275002,289,15
430X,0,9022001041277002,234,15
430X,0,9022001041279002,-12,14
430X,0,9022001041281002,-149,14
430X,0,9022001041284001,-3719,18
430X,0,9022001041285002,238,15
430X,0,9022001042282001,-152,14
430X,0,9022001044000019,-3931,25
430X,1,9022001010591004,585,8
430X,1,9022001010595004,1110,8
430X,1,9022001040243003,1512,9
430X,1,9022001041145001,1003,15
430X,1,9022001041151001,850,14
430X,1,9022001041157001,1260,15
430X,1,9022001041159001,1716,15
430X,1,9022001041161001,59,15
430X,1,9022001041231002,1986,16
430X,1,9022001041233002,1987,16
430X,1,9022001041249001,1160,15
430X,1,9022001041251001,1225,15
430X,1,9022001041253001,1216,15
430X,1,9022001041255001,1551,15
430X,1,9022001041257001,1673,15
430X,1,9022001041259001,1748,15
430X,1,9022001041261001,1654,15
430X,1,9022001041263001,1439,16
430X,1,9022001041265001,2090,17
430X,1,9022001041267001,1837,17
430X,1,9022001041271001,1472,16
430X,1,9022001041273001,1169,16
430X,1,9022001041275001,1026,16
430X,1,9022001041277001,815,16
430X,1,9022001041279001,619,16
430X,1,9022001041281001,692,16
430X,1,9022001041284001,-639,16
430X,1,9022001041285001,908,16
430X,1,9022001042282002,718,16
430X,1,9022001044000015,-379,21
432,0,9022001010591002,-897,4
432,0,9022001010595002,-1145,4
432,0,9022001040243002,-1183,4
432,0,9022001041321002,121,4
432,0,9022001041323002,51,4
432,0,9022001041325002,-262,4
432,0,9022001041327002,-106,4
432,0,9022001041329002,-15,4
432,0,9022001041331002,182,4
432,0,9022001041333002,223,4
432,0,9022001041335002,220,4
432,0,9022001041337002,265,4
432,0,9022001041339002,347,4
432,0,9022001041341002,243,4
432,0,9022001041345002,264,4
432,0,9022001041349002,222,4
432,0,9022001041353002,202,4
432,0,9022001041355002,597,4
432,0,9022001041357002,613,3
432,0,9022001041359002,601,3
432,0,9022001041361002,636,3
432,0,9022001041363002,651,3
432,0,9022001041365002,635,3
432,0,9022001041367002,611,3
432,0,9022001041370001,245,3
432,0,9022001041371002,578,3
432,0,9022001042002001,273,4
432,0,9022001044000019,-1452,4
432,1,9022001041355001,-188,2
433,0,9022001010591002,-5780,54
433,0,9022001010595002,-8273,53
433,0,9022001040243002,-8911,53
433,0,9022001041321002,2976,35
433,0,9022001041323002,1926,35
433,0,9022001041325002,-1025,37
433,0,9022001041327002,-77,35
433,0,9022001041329002,533,35
433,0,9022001041331002,1390,34
433,0,9022001041333002,1050,33
433,0,9022001041335002,1014,33
433,0,9022001041337002,1505,33
433,0,9022001041339002,2012,33
433,0,9022001041341002,971,33
433,0,9022001041345002,1002,33
433,0,9022001041349002,848,33
433,0,9022001041353002,1143,31
433,0,9022001041355002,747,31
433,0,9022001041391002,1732,30
433,0,9022001041393002,1722,30
433,0,9022001041395002,1371,27
433,0,9022001041397002,1496,27
433,0,9022001041399002,1495,27
433,0,9022001041401002,1464,27
433,0,9022001041403002,737,27
433,0,9022001041403003,1219,13
433,0,9022001041403004,1298,27
433,0,9022001041405001,808,13
433,0,9022001041405002,1535,27
433,0,9022001041407001,266,13
433,0,9022001041407003,1247,27
433,0,9022001041411002,-2104,30
433,0,9022001041419002,1504,27
433,0,9022001041433002,2003,13
433,0,9022001041435002,1879,13
433,0,9022001041437002,1333,12
433,0,9022001041439002,1077,12
433,0,9022001041441002,27,18
433,0,9022001041489002,1764,13
433,0,9022001042002001,4567,36
433,0,9022001042278001,1474,27
433,0,9022001044000019,-14400,54
433,1,9022001010591004,1321,12
433,1,9022001010595004,2447,13
433,1,9022001040243003,3113,14
433,1,9022001041321001,2764,19
433,1,9022001041323001,764,20
433,1,9022001041325001,1570,20
433,1,9022001041327001,1852,20
433,1,9022001041329001,1725,21
433,1,9022001041331001,1833,22
433,1,9022001041333001,2989,24
433,1,9022001041335001,3645,26
433,1,9022001041337001,4464,31
433,1,9022001041339001,5434,35
433,1,9022001041341001,4146,37
433,1,9022001041345001,5832,38
433,1,9022001041349001,5974,38
433,1,9022001041353001,6348,41
433,1,9022001041355001,5291,40
433,1,9022001041391001,5326,41
433,1,9022001041393001,5092,41
433,1,9022001041395001,4488,41
433,1,9022001041397001,4134,41
433,1,9022001041399001,4007,41
433,1,9022001041401001,3409,41
433,1,9022001041403001,2171,44
433,1,9022001041403003,3719,42
433,1,9022001041403004,-659,18
433,1,9022001041405001,1729,42
433,1,9022001041405002,-44,18
433,1,9022001041407001,-510,43
433,1,9022001041407003,327,18
433,1,9022001041411003,-3011,43
433,1,9022001041419001,3573,41
433,1,9022001041433001,-1645,18
433,1,9022001041435001,-2572,18
433,1,9022001041437001,-2444,18
433,1,9022001041439001,-2499,18
433,1,9022001041441001,-3837,18
433,1,9022001041489001,-830,18
433,1,9022001042002002,1933,19
433,1,9022001042278002,3791,41
433,1,9022001044000016,1663,48
434,0,9022001010591002,62475,76
434,0,9022001010595002,57999,76
434,0,9022001040243002,56768,76
434,0,9022001041321002,75508,69
434,0,9022001041323002,73792,69
434,0,9022001041325002,68255,69
434,0,9022001041327002,69460,68
434,0,9022001041329002,70473,67
434,0,9022001041331002,62006,65
434,0,9022001041333002,61813,65
434,0,9022001041335002,61949,65
434,0,9022001041337002,62829,65
434,0,9022001041339002,63935,64
434,0,9022001041341002,51020,62
434,0,9022001041345002,51191,62
434,0,9022001041349002,50745,62
434,0,9022001041353002,51407,60
434,0,9022001041355002,50826,60
434,0,9022001041391002,52817,60
434,0,9022001041393002,52830,60
434,0,9022001041395002,53007,55
434,0,9022001041397002,53077,55
434,0,9022001041399002,52747,54
434,0,9022001041401002,51571,49
434,0,9022001041403001,125,2
434,0,9022001041403002,50036,48
434,0,9022001041403003,7927,22
434,0,9022001041403004,49949,36
434,0,9022001041405001,22211,25
434,0,9022001041405002,21933,26
434,0,9022001041407001,20606,25
434,0,9022001041407003,21918,26
434,0,9022001041411002,19179,26
434,0,9022001041419002,51579,49
434,0,9022001041433002,9627,28
434,0,9022001041435002,8547,27
434,0,9022001041437002,7752,27
434,0,9022001041439002,7199,27
434,0,9022001041441002,6117,26
434,0,9022001041443002,8175,26
434,0,9022001041445002,8238,25
434,0,9022001041447002,8319,25
434,0,9022001041449002,8647,25
434,0,9022001041451002,8715,25
434,0,9022001041453002,8527,24
434,0,9022001041455002,8524,24
434,0,9022001041457002,8580,24
434,0,9022001041459002,8595,24
434,0,9022001041461001,115,3
434,0,9022001041461002,5955,14
434,0,9022001041463001,65,3
434,0,9022001041463002,5656,13
434,0,9022001041465001,50,3
434,0,9022001041465002,5582,13
434,0,9022001041468001,-22,26
434,0,9022001041469002,2487,13
434,0,9022001041471002,2354,13
434,0,9022001041473002,1986,12
434,0,9022001041475002,1868,12
434,0,9022001041477002,1746,12
434,0,9022001041479002,1700,12
434,0,9022001041481002,1628,12
434,0,9022001041483002,1499,12
434,0,9022001041485002,1435,12
434,0,9022001041488001,-3863,22
434,0,9022001041489002,9062,28
434,0,9022001042002001,78175,70
434,0,9022001042278001,52434,53
434,0,9022001044000019,50703,76
434,1,9022001010591004,3589,17
434,1,9022001010595004,6595,25
434,1,9022001040243003,8466,30
434,1,9022001040359007,44,2
434,1,9022001041309001,19,1
434,1,9022001041313001,29,1
434,1,9022001041315001,14,1
434,1,9022001041317001,23,1
434,1,9022001041321001,6773,35
434,1,9022001041323001,3058,36
434,1,9022001041325001,4660,35
434,1,9022001041327001,5067,35
434,1,9022001041329001,4341,35
434,1,9022001041331001,3841,35
434,1,9022001041333001,4391,36
434,1,9022001041335001,4609,37
434,1,9022001041337001,4357,37
434,1,9022001041339001,4486,37
434,1,9022001041341001,4659,38
434,1,9022001041345001,6287,38
434,1,9022001041349001,6432,38
434,1,9022001041353001,6966,39
434,1,9022001041355001,5785,39
434,1,9022001041391001,6114,39
434,1,9022001041393001,5858,39
434,1,9022001041395001,5212,39
434,1,9022001041397001,4875,39
434,1,9022001041399001,4699,38
434,1,9022001041401001,3786,39
434,1,9022001041403001,2675,39
434,1,9022001041403003,4799,31
434,1,9022001041403004,4776,39
434,1,9022001041405001,4115,31
434,1,9022001041405002,6170,39
434,1,9022001041407001,3065,35
434,1,9022001041407003,5627,38
434,1,9022001041411003,2464,39
434,1,9022001041419001,4117,39
434,1,9022001041433001,6023,49
434,1,9022001041435001,5514,49
434,1,9022001041437001,6991,50
434,1,9022001041439001,9496,55
434,1,9022001041441001,8289,56
434,1,9022001041443001,7940,60
434,1,9022001041445001,6946,60
434,1,9022001041447001,6170,60
434,1,9022001041449001,4659,62
434,1,9022001041451001,4480,63
434,1,9022001041453001,3554,63
434,1,9022001041455001,2900,63
434,1,9022001041457001,2148,63
434,1,9022001041459001,3380,35
434,1,9022001041459003,1324,41
434,1,9022001041461001,3396,35
434,1,9022001041461002,2587,13
434,1,9022001041463001,3032,35
434,1,9022001041463002,3248,13
434,1,9022001041465001,3137,35
434,1,9022001041465002,3293,13
434,1,9022001041468001,1012,35
434,1,9022001041469001,557,41
434,1,9022001041471001,336,41
434,1,9022001041473001,181,41
434,1,9022001041475001,369,41
434,1,9022001041477001,257,41
434,1,9022001041479001,540,41
434,1,9022001041481001,523,41
434,1,9022001041483001,583,41
434,1,9022001041485001,585,41
434,1,9022001041488001,-3450,41
434,1,9022001041489001,6846,49
434,1,9022001041492001,6323,59
434,1,9022001041494001,3232,15
434,1,9022001042002002,5320,34
434,1,9022001042278002,4421,39
434,1,9022001044000017,2932,39
435,0,9022001010591002,-400,6
435,0,9022001010595002,-768,6
435,0,9022001040243002,-906,6
435,0,9022001041321002,859,5
435,0,9022001041323002,761,5
435,0,9022001041325002,608,5
435,0,9022001041523002,909,5
435,0,9022001041525002,785,4
435,0,9022001041527002,615,3
435,0,9022001041529002,638,3
435,0,9022001041531002,629,3
435,0,9022001041533002,637,3
435,0,9022001041535002,538,4
435,0,9022001042002001,817,5
435,0,9022001044000019,-1251,6
435,1,9022001040243003,287,1
435,1,9022001041321001,171,1
435,1,9022001041323001,144,1
435,1,9022001041325001,142,1
435,1,9022001041525001,139,1
435,1,9022001041527001,156,1
435,1,9022001041529001,122,1
435,1,9022001041531001,76,1
435,1,9022001041533001,-27,1
435,1,9022001041535001,-129,1
435,1,9022001042002002,169,1
435,1,9022001044000012,33,1
435C,0,9022001010591002,-3915,9
435C,0,9022001010910001,-2448,9
435C,0,9022001040243002,-3827,8
435C,0,9022001041321002,46,4
435C,0,9022001041323002,226,3
435C,0,9022001041325002,101,3
435C,0,9022001041523002,305,3
435C,0,9022001041525002,276,3
435C,0,9022001041527002,292,3
435C,0,9022001041529002,55,2
435C,0,9022001041531002,36,2
435C,0,9022001041533002,94,2
435C,0,9022001041535002,-27,6
435C,0,9022001042002001,-149,5
435C,1,9022001010591004,1052,1
435C,1,9022001010910002,26,5
435C,1,9022001040243003,1538,2
435C,1,9022001041321001,614,2
435C,1,9022001041323001,1337,3
435C,1,9022001041325001,1187,3
435C,1,9022001041525001,1017,3
435C,1,9022001041527001,1000,3
435C,1,9022001041529001,939,3
435C,1,9022001041531001,1013,3
435C,1,9022001041533001,961,3
435C,1,9022001041535003,691,3
435C,1,9022001042002002,399,2
436,0,9022001010591002,-1986,15
436,0,9022001010595002,-2837,15
436,0,9022001040243002,-3388,15
436,0,9022001041321002,753,13
436,0,9022001041323002,612,13
436,0,9022001041325002,212,13
436,0,9022001041523002,872,13
436,0,9022001041525002,809,12
436,0,9022001041527002,914,12
436,0,9022001041529002,-362,23
436,0,9022001041531002,-207,24
436,0,9022001041533002,304,23
436,0,9022001041535002,-385,23
436,0,9022001041551002,1301,23
436,0,9022001041553002,1132,22
436,0,9022001041555002,1103,22
436,0,9022001041559002,1131,22
436,0,9022001041561002,1008,22
436,0,9022001041563002,876,22
436,0,9022001041565002,836,22
436,0,9022001041567002,828,22
436,0,9022001041569002,-5215,27
436,0,9022001041572001,713,23
436,0,9022001041729003,963,22
436,0,9022001042002001,578,13
436,0,9022001042556001,1093,22
436,0,9022001044000019,-4141,15
436,1,9022001010591004,428,3
436,1,9022001010595004,1301,4
436,1,9022001040243003,3143,9
436,1,9022001041321001,2037,12
436,1,9022001041323001,1858,13
436,1,9022001041325001,1915,13
436,1,9022001041525001,2210,14
436,1,9022001041527001,2624,15
436,1,9022001041529001,736,25
436,1,9022001041531001,2764,20
436,1,9022001041533001,3275,22
436,1,9022001041535001,2612,22
436,1,9022001041551001,1651,22
436,1,9022001041553001,1126,22
436,1,9022001041555001,992,22
436,1,9022001041559001,-186,22
436,1,9022001041561001,-784,22
436,1,9022001041563001,-732,22
436,1,9022001041565001,-1246,22
436,1,9022001041567001,-1830,22
436,1,9022001041569001,-4442,22
436,1,9022001041729001,453,22
436,1,9022001042002002,1847,12
436,1,9022001042556002,388,22
436,1,9022001044000012,882,21
437,0,9022001010591002,-2599,24
437,0,9022001010595002,-3831,24
437,0,9022001040243002,-4742,24
437,0,9022001041321002,1599,21
437,0,9022001041323002,1283,20
437,0,9022001041325002,637,20
437,0,9022001041523002,1502,18
437,0,9022001041525002,1005,15
437,0,9022001041527002,619,13
437,0,9022001041529002,-155,20
437,0,9022001041531002,-248,19
437,0,9022001041533002,224,18
437,0,9022001041535002,-191,17
437,0,9022001041593002,268,18
437,0,9022001041595002,46,18
437,0,9022001041597002,-107,18
437,0,9022001041599002,-235,18
437,0,9022001041601002,18,18
437,0,9022001041603002,73,17
437,0,9022001041605002,519,18
437,0,9022001041607002,598,18
437,0,9022001041609002,380,18
437,0,9022001041611002,239,17
437,0,9022001041613002,-3302,25
437,0,9022001041661002,115,10
437,0,9022001041663002,200,10
437,0,9022001041665002,279,10
437,0,9022001041667002,131,10
437,0,9022001041669002,193,10
437,0,9022001041672001,-4567,17
437,0,9022001041685002,120,10
437,0,9022001042002001,1431,22
437,0,9022001044000019,-6328,24
437,1,9022001010591004,613,5
437,1,9022001010595004,1004,5
437,1,9022001040243003,2005,7
437,1,9022001041321001,2406,12
437,1,9022001041323001,2077,12
437,1,9022001041325001,2248,12
437,1,9022001041525001,2347,13
437,1,9022001041527001,2578,13
437,1,9022001041529001,3138,24
437,1,9022001041531001,5301,21
437,1,9022001041533001,5713,22
437,1,9022001041535001,5106,22
437,1,9022001041593001,5768,23
437,1,9022001041595001,6155,24
437,1,9022001041597001,6803,25
437,1,9022001041599001,7406,26
437,1,9022001041601001,7229,26
437,1,9022001041603001,7329,27
437,1,9022001041605001,7269,28
437,1,9022001041607001,7292,28
437,1,9022001041609001,7538,28
437,1,9022001041611001,6270,28
437,1,9022001041613001,4069,28
437,1,9022001041661001,3206,17
437,1,9022001041663001,2240,17
437,1,9022001041665001,1511,17
437,1,9022001041667001,424,17
437,1,9022001041669001,-593,17
437,1,9022001041672001,-2754,17
437,1,9022001041685001,1171,17
437,1,9022001042002002,2196,11
437,1,9022001044000012,1049,17
438,0,9022001010591002,670,24
438,0,9022001010595002,-527,24
438,0,9022001040243002,-1202,24
438,0,9022001041321002,3876,20
438,0,9022001041323002,3783,20
438,0,9022001041325002,2486,19
438,0,9022001041523002,3570,19
438,0,9022001041525002,3354,18
438,0,9022001041527002,3555,17
438,0,9022001041529002,3352,18
438,0,9022001041531002,3225,18
438,0,9022001041533002,3238,18
438,0,9022001041535002,2245,16
438,0,9022001041593002,2319,16
438,0,9022001041595002,1552,15
438,0,9022001041597002,1374,15
438,0,9022001041599002,1301,15
438,0,9022001041601002,1574,15
438,0,9022001041603002,1378,15
438,0,9022001041605002,1699,15
438,0,9022001041607002,1803,15
438,0,9022001041609002,1682,15
438,0,9022001041611002,867,15
438,0,9022001041631002,1873,15
438,0,9022001041633002,2359,15
438,0,9022001041635002,2467,14
438,0,9022001041637002,2549,14
438,0,9022001041639001,1360,8
438,0,9022001041639002,2651,13
438,0,9022001041641001,1350,8
438,0,9022001041641002,2867,12
438,0,9022001041643001,1346,8
438,0,9022001041643002,2852,12
438,0,9022001041646001,2690,12
438,0,9022001041647001,1122,4
438,0,9022001041647002,2412,13
438,0,9022001041650001,623,15
438,0,9022001042002001,3775,21
438,0,9022001042558001,2544,13
438,0,9022001044000019,-3148,24
438,1,9022001010591004,771,4
438,1,9022001010595004,1057,4
438,1,9022001040243003,1276,4
438,1,9022001041321001,856,5
438,1,9022001041323001,657,5
438,1,9022001041325001,805,5
438,1,9022001041525001,694,5
438,1,9022001041527001,773,5
438,1,9022001041529001,1348,9
438,1,9022001041531001,2196,8
438,1,9022001041533001,2218,9
438,1,9022001041535001,1981,9
438,1,9022001041593001,2494,10
438,1,9022001041595001,2589,10
438,1,9022001041597001,3332,11
438,1,9022001041599001,3716,12
438,1,9022001041601001,4865,13
438,1,9022001041603001,4918,13
438,1,9022001041605001,4765,13
438,1,9022001041607001,4795,13
438,1,9022001041609001,5039,14
438,1,9022001041611001,4442,14
438,1,9022001041631001,4732,15
438,1,9022001041633001,4381,16
438,1,9022001041635001,4135,16
438,1,9022001041637001,4083,16
438,1,9022001041639001,1403,7
438,1,9022001041639003,3509,12
438,1,9022001041641001,1334,7
438,1,9022001041641002,276,4
438,1,9022001041643001,1237,7
438,1,9022001041643002,536,4
438,1,9022001041646001,1342,7
438,1,9022001041647001,3228,16
438,1,9022001041647002,1202,3
438,1,9022001041650001,1040,3
438,1,9022001041650002,1224,13
438,1,9022001042002002,691,5
438,1,9022001042558002,4042,16
438,1,9022001044000012,-172,11
439,0,9022001010591002,-284,9
439,0,9022001010595002,-782,9
439,0,9022001040243002,-1187,9
439,0,9022001041321002,1168,8
439,0,9022001041323002,1003,8
439,0,9022001041325002,603,7
439,0,9022001041523002,964,7
439,0,9022001041525002,463,6
439,0,9022001041527002,498,6
439,0,9022001041529002,234,9
439,0,9022001041531002,-67,8
439,0,9022001041533002,57,8
439,0,9022001041535002,-328,8
439,0,9022001041593002,-14,8
439,0,9022001041595002,-114,8
439,0,9022001041597002,-187,8
439,0,9022001041599002,-265,8
439,0,9022001041601002,-71,8
439,0,9022001041603002,-56,8
439,0,9022001041605002,99,8
439,0,9022001041607002,205,8
439,0,9022001041609002,96,8
439,0,9022001041611002,-74,8
439,0,9022001041613002,-281,8
439,0,9022001041661002,16,8
439,0,9022001041663002,89,8
439,0,9022001041665002,224,8
439,0,9022001041673002,465,8
439,0,9022001041677002,542,8
439,0,9022001041680001,191,5
439,0,9022001041681002,230,7
439,0,9022001041684001,-751,6
439,0,9022001042002001,1136,8
439,0,9022001044000019,-1602,9
439,1,9022001010591004,338,1
439,1,9022001010595004,455,1
439,1,9022001040243003,508,1
439,1,9022001041321001,276,2
439,1,9022001041323001,195,2
439,1,9022001041325001,365,2
439,1,9022001041525001,1228,3
439,1,9022001041527001,1190,3
439,1,9022001041529001,235,7
439,1,9022001041531001,1295,5
439,1,9022001041533001,1357,5
439,1,9022001041535001,1234,5
439,1,9022001041593001,1521,6
439,1,9022001041595001,1677,6
439,1,9022001041597001,2191,7
439,1,9022001041599001,2246,7
439,1,9022001041601001,2249,7
439,1,9022001041603001,2530,8
439,1,9022001041605001,2596,9
439,1,9022001041607001,2639,9
439,1,9022001041609001,2735,9
439,1,9022001041611001,2382,9
439,1,9022001041613001,2276,9
439,1,9022001041661001,2338,9
439,1,9022001041663001,2295,9
439,1,9022001041665001,2193,9
439,1,9022001041673001,2074,9
439,1,9022001041677001,1992,9
439,1,9022001041680001,888,4
439,1,9022001041681001,605,9
439,1,9022001041684001,-298,9
439,1,9022001042002002,282,2
439,1,9022001044000012,302,5
43X,0,9022001005131002,4895,7
43X,0,9022001005135001,4898,7
43X,0,9022001005141004,4320,6
43X,0,9022001005310001,5189,9
43X,0,9022001005320001,4727,19
43X,0,9022001006031002,5504,20
43X,0,9022001006041002,5700,9
43X,0,9022001006051002,4560,6
43X,0,9022001006061002,4500,6
43X,0,9022001006071002,2123,3
43X,0,9022001006071003,2700,3
43X,0,9022001006121002,3913,18
43X,0,9022001006151002,4945,20
43X,0,9022001006171001,5522,11
43X,0,9022001006181001,4809,7
43X,0,9022001006191002,5133,7
43X,0,9022001006201001,4620,6
43X,0,9022001006211001,4796,7
43X,0,9022001006221002,5150,16
43X,0,9022001006231002,2200,18
43X,0,9022001006241001,2798,18
43X,0,9022001006251001,34,2
43X,0,9022001006251002,1068,38
43X,1,9022001005131004,360,1
43X,1,9022001005135001,360,1
43X,1,9022001005141003,360,1
43X,1,9022001005310004,-214,16
43X,1,9022001005320002,-273,17
43X,1,9022001006031001,661,4
43X,1,9022001006041001,-106,1
43X,1,9022001006051001,120,1
43X,1,9022001006061001,60,1
43X,1,9022001006071002,362,20
43X,1,9022001006071003,37,1
43X,1,9022001006081001,23,1
43X,1,9022001006091002,244,2
43X,1,9022001006121001,300,1
43X,1,9022001006151001,-73,15
43X,1,9022001006171003,248,16
43X,1,9022001006181002,-48,3
43X,1,9022001006191001,600,1
43X,1,9022001006201002,480,1
43X,1,9022001006211001,420,1
43X,1,9022001006221002,559,3
43X,1,9022001006231001,2598,17
43X,1,9022001006241001,1753,17
43X,1,9022001006251001,360,1
43X,1,9022001006251002,1707,16
440,0,9022001010591002,-2297,16
440,0,9022001010595002,-3120,16
440,0,9022001040243002,-3712,16
440,0,9022001041321002,634,15
440,0,9022001041323002,494,15
440,0,9022001041325002,48,15
440,0,9022001041523002,851,15
440,0,9022001041525002,753,15
440,0,9022001041527002,950,15
440,0,9022001041529002,321,25
440,0,9022001041531002,503,24
440,0,9022001041533002,775,24
440,0,9022001041535002,289,24
440,0,9022001041551002,2060,24
440,0,9022001041553002,2103,24
440,0,9022001041555002,2098,24
440,0,9022001041572001,1732,24
440,0,9022001041701002,2191,24
440,0,9022001041703002,2225,23
440,0,9022001041707002,2758,24
440,0,9022001041709002,3054,24
440,0,9022001041711002,2497,23
440,0,9022001041713002,1770,22
440,0,9022001041715002,1324,22
440,0,9022001041717002,870,21
440,0,9022001041720001,-7553,31
440,0,9022001041721002,2352,23
440,0,9022001041723002,2085,22
440,0,9022001042002001,536,15
440,0,9022001044000019,-4948,16
440,1,9022001010591004,22,4
440,1,9022001010595004,307,4
440,1,9022001040243003,1950,8
440,1,9022001041321001,1090,12
440,1,9022001041323001,694,12
440,1,9022001041325001,820,12
440,1,9022001041525001,818,12
440,1,9022001041527001,1083,12
440,1,9022001041529001,-129,22
440,1,9022001041531001,1761,16
440,1,9022001041533001,2197,17
440,1,9022001041535001,1709,17
440,1,9022001041551001,1399,17
440,1,9022001041553001,1101,17
440,1,9022001041701001,606,17
440,1,9022001041703001,496,17
440,1,9022001041707001,-740,17
440,1,9022001041709001,-1685,17
440,1,9022001041711001,-1684,17
440,1,9022001041713001,-1643,17
440,1,9022001041715001,-1563,17
440,1,9022001041717001,-1438,17
440,1,9022001041720001,-3406,17
440,1,9022001041721001,-1637,17
440,1,9022001041723001,-1705,17
440,1,9022001042002002,1100,12
440,1,9022001044000012,236,16
441,0,9022001010591002,-2376,18
441,0,9022001010595002,-2733,18
441,0,9022001040243002,-806,18
441,0,9022001040273004,-1865,17
441,0,9022001040283004,854,17
441,0,9022001040303002,1096,17
441,0,9022001040305003,1046,17
441,0,9022001040307003,739,17
441,0,9022001040431002,-734,16
441,0,9022001040461002,-734,14
441,0,9022001040463002,-774,13
441,0,9022001040465002,-609,13
441,0,9022001040467002,-269,13
441,0,9022001040469001,92,12
441,0,9022001040469002,-28,13
441,0,9022001040471001,-17,12
441,0,9022001040471002,139,12
441,0,9022001040473001,-153,12
441,0,9022001040473002,234,12
441,0,9022001040476001,-671,15
441,0,9022001040477002,-139,12
441,0,9022001040479002,47,12
441,0,9022001040481002,235,11
441,0,9022001040483001,152,10
441,0,9022001040485002,-430,10
441,0,9022001040487002,-396,10
441,0,9022001040489002,-401,10
441,0,9022001040491002,-922,14
441,0,9022001040492001,-591,6
441,0,9022001040493002,-755,17
441,0,9022001044000019,-5633,18
441,1,9022001010591003,245,3
441,1,9022001010595003,440,3
441,1,9022001040243001,576,4
441,1,9022001040258002,82,5
441,1,9022001040273003,367,8
441,1,9022001040283003,243,5
441,1,9022001040303001,181,6
441,1,9022001040305001,217,6
441,1,9022001040307001,122,6
441,1,9022001040431001,1225,8
441,1,9022001040435001,1419,8
441,1,9022001040461001,1304,8
441,1,9022001040463001,1560,8
441,1,9022001040465001,1596,8
441,1,9022001040467001,1394,8
441,1,9022001040469001,1390,8
441,1,9022001040469002,819,6
441,1,9022001040471001,1423,8
441,1,9022001040471002,1043,6
441,1,9022001040473001,1460,8
441,1,9022001040473002,1241,6
441,1,9022001040476001,881,8
441,1,9022001040477001,648,6
441,1,9022001040479001,105,6
441,1,9022001040481001,26,6
441,1,9022001040483002,-103,6
441,1,9022001040485001,-661,6
441,1,9022001040487001,-74,6
441,1,9022001040489001,-296,6
441,1,9022001040491001,1297,8
441,1,9022001040492001,-417,6
441,1,9022001040493001,1066,8
441,1,9022001044000005,936,15
442,0,9022001010591002,-837,72
442,0,9022001010595002,-1168,72
442,0,9022001040129001,14087,70
442,0,9022001040219001,9964,70
442,0,9022001040221001,7797,70
442,0,9022001040222001,6246,69
442,0,9022001040258002,802,58
442,0,9022001040261002,950,54
442,0,9022001040265002,1556,54
442,0,9022001040267002,2317,52
442,0,9022001040273003,-1840,9
442,0,9022001040319002,1036,50
442,0,9022001040323002,1093,47
442,0,9022001040325002,1636,45
442,0,9022001040330002,825,44
442,0,9022001040331002,1352,42
442,0,9022001040333002,1414,41
442,0,9022001040335002,1142,40
442,0,9022001040337002,-7093,59
442,0,9022001040423002,813,54
442,0,9022001040425001,-1030,54
442,0,9022001040431001,-181,2
442,0,9022001040491001,-177,2
442,0,9022001040493001,-207,2
442,0,9022001044000019,-15788,72
442,1,9022001010591003,964,22
442,1,9022001010595003,1834,22
442,1,9022001040219002,335,30
442,1,9022001040221002,1655,32
442,1,9022001040222002,183,33
442,1,9022001040259001,-434,37
442,1,9022001040261001,156,37
442,1,9022001040265001,2196,41
442,1,9022001040267001,2266,43
442,1,9022001040319001,3001,43
442,1,9022001040323001,3133,43
442,1,9022001040325001,2937,43
442,1,9022001040330001,1711,43
442,1,9022001040331001,-160,43
442,1,9022001040333001,-3014,44
442,1,9022001040335001,-3875,44
442,1,9022001040337001,-7796,44
442,1,9022001040423001,681,40
442,1,9022001044000011,2576,81
442X,0,9022001010248001,463,5
442X,0,9022001010254003,1303,5
442X,0,9022001010591005,859,5
442X,0,9022001010595002,653,5
442X,0,9022001040243002,989,5
442X,0,9022001040258002,1170,4
442X,0,9022001040261002,1248,4
442X,0,9022001040265002,1041,2
442X,0,9022001040267002,536,6
442X,0,9022001040425001,1103,4
442X,0,9022001040530001,1106,4
442X,0,9022001040540001,1047,2
442X,1,9022001010248004,577,16
442X,1,9022001010254002,772,6
442X,1,9022001010591003,1229,6
442X,1,9022001010595003,1567,6
442X,1,9022001040243001,1829,9
442X,1,9022001040259001,726,9
442X,1,9022001040261001,961,9
442X,1,9022001040265001,783,9
442X,1,9022001040267001,592,9
442X,1,9022001040319001,721,9
442X,1,9022001040323001,699,9
442X,1,9022001040325001,492,9
442X,1,9022001040330001,-17,9
442X,1,9022001040331001,-317,9
442X,1,9022001040333001,-731,9
442X,1,9022001040335001,-838,9
442X,1,9022001040337001,-1545,9
442X,1,9022001040423001,241,9
442X,1,9022001040530002,490,9
442X,1,9022001040540002,700,9
443,0,9022001010591002,-2323,107
443,0,9022001010595002,-4565,107
443,0,9022001040129002,4666,105
443,0,9022001040130002,-10883,124
443,0,9022001040133002,-4965,120
443,0,9022001044000019,-14703,108
443,1,9022001010591003,1298,29
443,1,9022001010595003,2994,32
443,1,9022001040129001,-413,32
443,1,9022001040130001,-7595,31
443,1,9022001040131001,679,32
443,1,9022001040133003,-826,32
443,1,9022001044000010,6595,136
443C,0,9022001010910001,-272,2
443C,0,9022001040133002,-207,6
443C,1,9022001010910002,1321,12
443C,1,9022001040129001,2179,6
443C,1,9022001040131001,2648,6
443C,1,9022001040133001,2275,6
444,0,9022001010591002,-6460,152
444,0,9022001010595002,-11598,152
444,0,9022001040243002,-2154,149
444,0,9022001040273004,-4839,157
444,0,9022001040283004,3769,148
444,0,9022001040303002,8638,148
444,0,9022001040305003,9424,148
444,0,9022001040307003,8777,148
444,0,9022001040375001,13597,129
444,0,9022001040379001,8300,131
444,0,9022001040381001,5432,133
444,0,9022001040383001,5277,136
444,0,9022001040421002,1994,148
444,0,9022001040493002,1615,154
444,0,9022001044000019,-24000,152
444,1,9022001010591003,3992,31
444,1,9022001010595003,6486,32
444,1,9022001040243001,5732,33
444,1,9022001040258002,4568,48
444,1,9022001040273002,4614,49
444,1,9022001040283003,7461,49
444,1,9022001040303001,6436,49
444,1,9022001040305001,6413,49
444,1,9022001040307001,5679,49
444,1,9022001040375001,4424,49
444,1,9022001040379001,269,4
444,1,9022001040381001,290,4
444,1,9022001040383001,330,4
444,1,9022001040421002,367,4
444,1,9022001044000005,5786,122
445,0,9022001010591002,5508,41
445,0,9022001010595002,4277,40
445,0,9022001040243002,831,39
445,0,9022001040273004,271,45
445,0,9022001040283004,2248,36
445,0,9022001040303002,3565,35
445,0,9022001040305003,3617,33
445,0,9022001040307003,3279,33
445,0,9022001040415002,-1175,28
445,0,9022001040417002,-445,28
445,0,9022001040419002,-2951,36
445,0,9022001040461002,601,5
445,0,9022001040463002,574,5
445,0,9022001040491002,698,6
445,0,9022001041027002,371,4
445,0,9022001041029002,328,4
445,0,9022001041031002,-1603,10
445,0,9022001044000019,-16,41
445,1,9022001010591003,2247,17
445,1,9022001010595003,3781,18
445,1,9022001040243001,3447,21
445,1,9022001040258002,1263,24
445,1,9022001040273002,484,26
445,1,9022001040283003,2598,25
445,1,9022001040303001,1762,25
445,1,9022001040305001,1621,25
445,1,9022001040307001,1084,25
445,1,9022001040415001,1919,20
445,1,9022001040417001,1206,20
445,1,9022001040419001,-13,20
445,1,9022001040435001,1295,11
445,1,9022001040461001,937,11
445,1,9022001040463003,842,11
445,1,9022001040491001,1225,11
445,1,9022001041027001,195,11
445,1,9022001041029001,-93,11
445,1,9022001041031001,-1287,11
445,1,9022001044000004,2268,56
445C,0,9022001010591002,-1200,6
445C,0,9022001010910001,-991,6
445C,0,9022001040243002,-737,6
445C,0,9022001040273004,-206,3
445C,0,9022001040283004,80,3
445C,0,9022001040303002,201,3
445C,0,9022001040305003,178,3
445C,0,9022001040307003,107,3
445C,0,9022001040419002,-1282,9
445C,1,9022001010591003,427,2
445C,1,9022001010910002,-150,7
445C,1,9022001040243001,148,2
445C,1,9022001040258002,-453,2
445C,1,9022001040273002,-493,2
445C,1,9022001040283003,-371,2
445C,1,9022001040303001,-428,2
445C,1,9022001040305001,-433,2
445C,1,9022001040307001,-467,2
445C,1,9022001040415001,-155,2
445C,1,9022001040417001,-366,2
445C,1,9022001040419001,-540,2
446,0,9022001010248001,-3169,13
446,0,9022001010254003,-572,13
446,0,9022001010591005,-1681,13
446,0,9022001010595002,-2208,13
446,0,9022001040243002,-1682,12
446,0,9022001040273007,-210,9
446,0,9022001040375001,-194,13
446,0,9022001040379001,289,7
446,0,9022001040381001,158,7
446,0,9022001040383001,175,8
446,0,9022001040421002,51,8
446,0,9022001040493002,205,8
446,1,9022001010248004,1078,33
446,1,9022001010254002,1471,9
446,1,9022001010591003,2448,11
446,1,9022001010595003,3808,13
446,1,9022001040243001,3886,14
446,1,9022001040273002,1289,18
446,1,9022001040375002,-3220,18
446,1,9022001040379002,-770,18
446,1,9022001040381002,63,18
446,1,9022001040383002,386,18
446,1,9022001040421001,1257,18
446,1,9022001040493001,2121,18
446C,0,9022001010591002,-3077,15
446C,0,9022001010910001,-2362,15
446C,0,9022001040243002,-2538,13
446C,0,9022001040273007,-323,9
446C,0,9022001040375001,438,11
446C,0,9022001040379001,250,7
446C,0,9022001040381001,112,7
446C,0,9022001040383001,161,8
446C,0,9022001040421002,1,9
446C,0,9022001040493002,146,9
446C,1,9022001010591003,1098,3
446C,1,9022001010910002,-189,7
446C,1,9022001040243001,893,3
446C,1,9022001040273002,-371,4
446C,1,9022001040375002,-1440,4
446C,1,9022001040379002,-811,4
446C,1,9022001040381002,-612,4
446C,1,9022001040383002,-548,4
446C,1,9022001040421001,-376,4
446C,1,9022001040493001,-129,4
447,0,9022001010591002,1321,8
447,0,9022001010595002,960,8
447,0,9022001040243002,1106,8
447,0,9022001040302001,1713,6
447,0,9022001040319002,1340,6
447,0,9022001040323002,1101,5
447,0,9022001040325002,933,5
447,0,9022001040330002,700,5
447,0,9022001040331002,797,5
447,0,9022001040333002,739,4
447,0,9022001040335002,682,4
447,0,9022001040337002,-1283,14
447,0,9022001044000019,304,8
448C,0,9022001010591002,-1137,4
448C,0,9022001010910001,-632,4
448C,0,9022001040243002,-709,3
448C,0,9022001040273007,-231,2
448C,0,9022001040431002,-59,2
448C,0,9022001040435002,-66,2
448C,0,9022001040437002,-56,2
448C,0,9022001040439002,-37,2
448C,0,9022001040441002,-14,2
448C,0,9022001040444001,-285,2
448C,0,9022001040491002,-13,2
448C,0,9022001040493002,-89,2
449,0,9022001010248001,-898,9
449,0,9022001010254003,-148,9
449,0,9022001010591005,-692,9
449,0,9022001010595002,-745,9
449,0,9022001040183001,321,12
449,0,9022001040185001,1286,4
449,0,9022001040187001,1251,4
449,0,9022001040189001,1933,5
449,0,9022001040191001,1948,8
449,0,9022001040193001,1927,8
449,0,9022001040197001,1913,8
449,0,9022001040199001,2093,8
449,0,9022001040203001,2161,8
449,0,9022001040205001,2220,8
449,0,9022001040207001,2415,8
449,0,9022001040209001,2518,8
449,0,9022001040211001,2131,8
449,0,9022001040243002,901,9
449,1,9022001010248002,369,9
449,1,9022001010254002,514,2
449,1,9022001010591003,692,2
449,1,9022001010595003,802,2
449,1,9022001040181004,-639,4
449,1,9022001040183002,89,4
449,1,9022001040185002,500,4
449,1,9022001040187002,594,4
449,1,9022001040189002,612,4
449,1,9022001040191002,649,4
449,1,9022001040193002,731,4
449,1,9022001040197002,760,4
449,1,9022001040199002,652,4
449,1,9022001040202001,701,4
449,1,9022001040203002,670,4
449,1,9022001040205002,616,4
449,1,9022001040207002,588,4
449,1,9022001040209002,547,4
449,1,9022001040211002,510,4
449,1,9022001040243001,895,3
458,0,9022001040141002,-2834,21
458,0,9022001040143002,-1063,20
458,0,9022001040145002,-830,20
458,0,9022001040147002,-314,20
458,0,9022001040149002,-22,20
458,0,9022001040151002,121,20
458,0,9022001040153002,546,20
458,0,9022001040155002,297,20
458,0,9022001040158001,-6545,28
458,0,9022001040159001,-828,10
458,0,9022001040170002,-606,10
458,0,9022001040173002,-529,10
458,0,9022001040312001,225,20
458,0,9022001040391002,434,20
458,1,9022001040141002,637,24
458,1,9022001040143001,1152,20
458,1,9022001040145001,1082,20
458,1,9022001040147001,607,21
458,1,9022001040149001,339,21
458,1,9022001040151001,379,21
458,1,9022001040153001,-92,21
458,1,9022001040155001,-271,21
458,1,9022001040158001,-2768,21
458,1,9022001040159001,-2498,17
458,1,9022001040170001,696,14
458,1,9022001040173001,812,14
458,1,9022001040312002,-868,21
458,1,9022001040391001,132,21
461,0,9022001041529002,-44,5
461,0,9022001041531002,128,5
461,0,9022001041533002,310,5
461,0,9022001041535002,-156,5
461,0,9022001041551002,474,5
461,0,9022001041553002,591,5
461,0,9022001041555002,630,5
461,0,9022001041572001,177,5
461,0,9022001041729003,696,5
461,0,9022001041733002,717,5
461,0,9022001041735002,647,5
461,0,9022001041738001,-445,6
461,1,9022001041529001,-1529,6
461,1,9022001041531001,24,3
461,1,9022001041533001,57,3
461,1,9022001041535001,77,4
461,1,9022001041551001,-45,4
461,1,9022001041553001,-118,4
461,1,9022001041555001,-114,4
461,1,9022001041729002,-197,4
461,1,9022001041733001,-155,4
461,1,9022001041735001,-72,4
461,1,9022001041738001,-238,4
462,0,9022001041529002,483,9
462,0,9022001041531002,829,9
462,0,9022001041533002,1272,9
462,0,9022001041535002,591,9
462,0,9022001041551002,1571,9
462,0,9022001041553002,1709,9
462,0,9022001041555002,1754,9
462,0,9022001041559002,1828,9
462,0,9022001041561002,1934,9
462,0,9022001041563002,1883,9
462,0,9022001041565002,1914,9
462,0,9022001041567002,2019,9
462,0,9022001041569002,1315,10
462,0,9022001041572001,1118,9
462,0,9022001041729002,357,4
462,0,9022001041729003,1826,9
462,0,9022001041733001,365,4
462,0,9022001041733002,490,4
462,0,9022001041735001,452,4
462,0,9022001041735002,456,4
462,0,9022001041738001,337,4
462,0,9022001041761002,1627,7
462,0,9022001041763002,1558,7
462,0,9022001041765002,1513,7
462,0,9022001041771002,1695,6
462,0,9022001041773002,1706,6
462,0,9022001041776001,-407,6
462,0,9022001042556001,1784,9
462,0,9022001042863002,1533,6
462,0,9022001042865002,1682,6
462,0,9022001042867002,1546,6
462,1,9022001041529001,-257,4
462,1,9022001041531001,674,2
462,1,9022001041533001,673,2
462,1,9022001041535001,612,2
462,1,9022001041551001,636,2
462,1,9022001041553001,612,2
462,1,9022001041555001,630,2
462,1,9022001041559001,687,2
462,1,9022001041561001,669,2
462,1,9022001041563001,692,2
462,1,9022001041565001,675,2
462,1,9022001041567001,652,2
462,1,9022001041569001,-60,4
462,1,9022001041729001,700,2
462,1,9022001041729002,275,1
462,1,9022001041733001,319,1
462,1,9022001041733002,344,1
462,1,9022001041735001,349,1
462,1,9022001041735002,332,1
462,1,9022001041738001,322,1
462,1,9022001041761001,395,2
462,1,9022001041763001,375,2
462,1,9022001041765001,382,2
462,1,9022001041771001,267,2
462,1,9022001041773001,252,2
462,1,9022001041776001,99,2
462,1,9022001042556002,705,2
462,1,9022001042863001,340,2
462,1,9022001042865001,291,2
462,1,9022001042867001,247,2
463,0,9022001041529002,-5856,2
463,0,9022001041531002,-5776,2
463,0,9022001041533002,-5782,2
463,0,9022001041535002,-5790,2
463,0,9022001041593002,-5778,2
463,0,9022001041595002,-5766,2
463,0,9022001041597002,-5748,2
463,0,9022001041603002,-560,5
463,0,9022001041791002,-25,5
463,0,9022001041793002,45,5
463,0,9022001041795002,40,5
463,0,9022001041797002,30,5
463,0,9022001041799002,30,5
463,0,9022001041801002,55,5
463,0,9022001041804001,-612,5
463,0,9022001041805002,95,5
463,1,9022001041529001,164,6
463,1,9022001041531001,1114,6
463,1,9022001041533001,1100,6
463,1,9022001041535001,982,6
463,1,9022001041593001,950,6
463,1,9022001041595001,888,6
463,1,9022001041597001,771,7
463,1,9022001041599001,695,7
463,1,9022001041601001,453,7
463,1,9022001041603003,217,7
463,1,9022001041791001,211,7
463,1,9022001041793001,185,7
463,1,9022001041795001,217,7
463,1,9022001041797001,277,7
463,1,9022001041799001,361,7
463,1,9022001041801001,467,7
463,1,9022001041804001,-60,7
463,1,9022001041805001,335,7
465,1,9022001040116003,12054,77
465,1,9022001040116004,-12083,95
465,1,9022001040122001,6931,90
465,1,9022001040126001,3102,93
465,1,9022001040129001,-866,95
465,1,9022001040129002,3370,75
465,1,9022001040130001,-13482,95
465,1,9022001040130002,-7903,81
465,1,9022001040131001,2349,95
465,1,9022001040133002,-1875,63
465,1,9022001040133003,-5171,95
465,1,9022001040137001,-1806,90
465,1,9022001040138001,-4891,92
465,1,9022001040140001,4057,93
465,1,9022001040175003,18118,79
465,1,9022001040175004,-14406,94
467,0,9022001040359008,591,31
467,0,9022001041143002,1606,31
467,0,9022001041145002,3598,31
467,0,9022001041151002,3339,30
467,0,9022001041157002,3095,30
467,0,9022001041159002,2741,30
467,0,9022001041161002,-2672,45
467,0,9022001042004002,2479,31
467,0,9022001042023001,2245,31
467,0,9022001042029002,2785,31
467,0,9022001042276001,2907,31
467,0,9022001042291002,1906,31
467,1,9022001040359004,103,35
467,1,9022001041143001,3791,12
467,1,9022001041145001,2934,12
467,1,9022001041151001,3266,12
467,1,9022001041157001,2387,12
467,1,9022001041159001,2187,12
467,1,9022001041161004,1689,12
467,1,9022001042004001,2761,9
467,1,9022001042023002,3404,11
467,1,9022001042029001,3006,12
467,1,9022001042276002,3404,12
467,1,9022001042291001,3631,12
468,0,9022001040359008,-1835,18
468,0,9022001041143002,2359,18
468,0,9022001042004002,2486,18
468,0,9022001042006004,2382,18
468,0,9022001042008002,2874,18
468,0,9022001042010002,2169,18
468,0,9022001042012002,1560,18
468,0,9022001042015001,2788,17
468,0,9022001042016002,2939,17
468,0,9022001042018001,1258,18
468,0,9022001042021002,3100,17
468,0,9022001042029002,2647,18
468,0,9022001042276001,3049,18
468,0,9022001042281002,2457,18
468,0,9022001042289002,2873,18
468,0,9022001042291002,2586,18
468,1,9022001040359004,-48,10
468,1,9022001041141001,215,4
468,1,9022001041143001,953,6
468,1,9022001042004001,251,4
468,1,9022001042006003,328,4
468,1,9022001042008001,119,4
468,1,9022001042010001,80,3
468,1,9022001042012001,126,3
468,1,9022001042015002,686,6
468,1,9022001042016001,596,6
468,1,9022001042018001,435,6
468,1,9022001042021001,771,6
468,1,9022001042029001,901,6
468,1,9022001042276002,897,6
468,1,9022001042281001,117,4
468,1,9022001042289001,258,4
468,1,9022001042291001,609,5
469,0,9022001010580001,2529,14
469,0,9022001010599001,3212,14
469,0,9022001010609001,1302,14
469,0,9022001010609002,3139,14
469,0,9022001010611001,747,5
469,0,9022001010611003,827,9
469,0,9022001010619002,3045,14
469,0,9022001010788001,2851,14
469,0,9022001010949001,-570,14
469,0,9022001010985001,1424,14
469,0,9022001010987001,856,14
469,0,9022001040007001,1417,12
469,0,9022001040085001,566,6
469,0,9022001040103002,1196,12
469,0,9022001040106001,1291,12
469,0,9022001040107002,575,6
469,0,9022001040111002,665,8
469,0,9022001040113002,463,8
469,0,9022001040177002,452,8
469,0,9022001040179002,608,8
469,0,9022001040181002,682,8
469,0,9022001040183001,422,8
469,0,9022001040215002,300,8
469,0,9022001040219001,101,8
469,0,9022001040221001,483,8
469,0,9022001040222001,595,8
469,0,9022001040801001,395,7
469,0,9022001040803001,611,6
469,0,9022001040804001,-1422,14
469,0,9022001040805001,567,6
469,0,9022001040806001,1589,14
469,0,9022001040807001,1602,11
469,0,9022001040807002,1741,11
469,0,9022001040809001,1650,11
469,0,9022001040813001,484,6
469,0,9022001040813002,523,6
469,0,9022001040815001,449,6
469,0,9022001040819001,349,8
469,0,9022001040821001,501,8
469,0,9022001080413002,-643,11
469,1,9022001010599002,866,14
469,1,9022001010609001,1251,14
469,1,9022001010609002,1402,14
469,1,9022001010611002,1180,14
469,1,9022001010619001,1117,14
469,1,9022001010665002,1263,15
469,1,9022001010949002,842,14
469,1,9022001010985002,1117,14
469,1,9022001010987002,989,14
469,1,9022001040007002,3976,16
469,1,9022001040085001,1726,13
469,1,9022001040103001,4238,16
469,1,9022001040107001,2226,12
469,1,9022001040111001,1947,13
469,1,9022001040113001,4039,20
469,1,9022001040177001,3536,20
469,1,9022001040179001,2517,20
469,1,9022001040181001,2400,20
469,1,9022001040183001,2469,20
469,1,9022001040215001,3810,20
469,1,9022001040219002,3441,20
469,1,9022001040221002,3466,20
469,1,9022001040222001,4179,20
469,1,9022001040801001,1760,12
469,1,9022001040803001,1445,12
469,1,9022001040804001,-2142,13
469,1,9022001040805001,1555,12
469,1,9022001040806001,1057,14
469,1,9022001040807001,2115,16
469,1,9022001040807002,3332,17
469,1,9022001040809001,2953,17
469,1,9022001040813001,1836,13
469,1,9022001040813002,1603,13
469,1,9022001040815001,1492,13
469,1,9022001040819001,3561,20
469,1,9022001040821001,691,20
469,1,9022001080413001,-605,20
471,0,9022001010591002,-1991,214
471,0,9022001010595002,-4398,212
471,0,9022001040116001,8488,204
471,0,9022001040129001,28415,210
471,0,9022001040175004,11913,203
471,0,9022001040177002,10109,200
471,0,9022001040181002,8127,198
471,0,9022001040253002,9777,207
471,0,9022001040255002,9420,152
471,0,9022001040273006,3983,146
471,0,9022001040283002,819,149
471,0,9022001040303002,5233,147
471,0,9022001040307002,6908,145
471,0,9022001040375001,6414,136
471,0,9022001040379001,8280,119
471,0,9022001040381001,4919,132
471,0,9022001040383001,4555,139
471,0,9022001040421002,3379,142
471,0,9022001040493002,5660,142
471,0,9022001044000019,-40261,217
471,1,9022001010591003,4118,57
471,1,9022001010595003,7917,63
471,1,9022001040116002,4901,101
471,1,9022001040175003,10450,105
471,1,9022001040177001,11782,105
471,1,9022001040181001,8098,107
471,1,9022001040253001,10011,107
471,1,9022001040255001,8137,107
471,1,9022001040258002,7807,85
471,1,9022001040273002,18868,100
471,1,9022001040283003,23451,90
471,1,9022001040303001,22934,96
471,1,9022001040307001,20962,98
471,1,9022001040375002,4095,100
471,1,9022001040379002,14418,100
471,1,9022001040381002,17555,100
471,1,9022001040383002,18209,100
471,1,9022001040421001,20763,100
471,1,9022001040493001,23327,100
471,1,9022001044000002,1048,80
471,1,9022001044000003,4048,187
474,0,9022001010591002,-10679,295
474,0,9022001010595002,-25095,295
474,0,9022001040243002,-33631,293
474,0,9022001040359003,6869,231
474,0,9022001041141002,14293,234
474,0,9022001041143001,26406,238
474,0,9022001041309002,7744,207
474,0,9022001041313002,9817,211
474,0,9022001041315002,9259,206
474,0,9022001041317002,-1562,223
474,0,9022001041321002,10126,151
474,0,9022001041323002,10490,146
474,0,9022001041325002,7218,142
474,0,9022001041523002,10871,139
474,0,9022001041525002,9447,134
474,0,9022001041527002,7756,126
474,0,9022001041529002,6249,121
474,0,9022001041531002,5608,120
474,0,9022001041533002,5966,119
474,0,9022001041535002,2349,125
474,0,9022001042029001,12284,250
474,0,9022001042276002,19255,242
474,0,9022001044000019,-45918,296
474,1,9022001010591004,10754,60
474,1,9022001010595004,16588,62
474,1,9022001040243003,24527,82
474,1,9022001040359007,13175,154
474,1,9022001041141001,4936,144
474,1,9022001041143002,6864,139
474,1,9022001041309001,18443,162
474,1,9022001041313001,16581,158
474,1,9022001041315001,18198,163
474,1,9022001041317001,10656,165
474,1,9022001041321001,17598,121
474,1,9022001041323001,14684,122
474,1,9022001041325001,15869,122
474,1,9022001041525001,16293,122
474,1,9022001041527001,18922,122
474,1,9022001041529001,15813,122
474,1,9022001041531001,14782,122
474,1,9022001041533001,9583,122
474,1,9022001041535001,-273,122
474,1,9022001042029002,10494,134
474,1,9022001042276001,13709,135
474,1,9022001044000001,12887,270
48,0,9022001005221001,-293,26
48,0,9022001005221002,65,1
48,0,9022001005231001,-133,3
48,0,9022001005231003,-7,2
48,0,9022001005231004,540,2
48,0,9022001005241002,271,31
48,0,9022001005251001,247,9
48,0,9022001005251002,648,22
48,0,9022001005261002,1022,5
48,0,9022001005271001,1162,35
48,1,9022001005221006,222,28
48,1,9022001005231001,2143,57
48,1,9022001005231003,13,1
48,1,9022001005241001,118,4
48,1,9022001005251001,-441,6
48,1,9022001005261001,-180,5
48,1,9022001005271001,23,3
480C,0,9022001010591002,-220,17
480C,0,9022001010910001,1344,17
480C,0,9022001040243002,-2368,16
480C,0,9022001040359005,1964,9
480C,0,9022001041141002,2417,9
480C,0,9022001041143001,2741,9
480C,0,9022001041309002,1938,9
480C,0,9022001041313002,2114,9
480C,0,9022001041315002,1973,8
480C,0,9022001041317002,-119,14
480C,0,9022001042029001,2261,11
480C,0,9022001042276002,2438,10
480C,1,9022001010591004,645,2
480C,1,9022001010910002,-51,4
480C,1,9022001040243003,1906,3
480C,1,9022001040359007,717,3
480C,1,9022001041141001,476,3
480C,1,9022001041143002,477,3
480C,1,9022001041309001,530,3
480C,1,9022001041313001,712,3
480C,1,9022001041315001,373,3
480C,1,9022001041317001,-63,3
480C,1,9022001042029002,386,3
480C,1,9022001042276001,576,3
48H,1,9022001075527002,-96,2
48H,1,9022001075642002,301,2
48H,1,9022001075652001,74,2
48H,1,9022001075821015,-240,2
48H,1,9022001075833002,-279,2
491,0,9022001010414001,728,3
491,0,9022001010537002,722,3
491,0,9022001010591002,76,7
491,0,9022001010595002,221,7
491,0,9022001011002016,702,3
491,0,9022001040004003,108,5
491,0,9022001040007002,212,6
491,0,9022001040011002,221,6
491,0,9022001040013002,55,6
491,0,9022001040016001,378,6
491,0,9022001040019002,287,6
491,0,9022001040021002,54,6
491,0,9022001040023002,-71,6
491,0,9022001040027002,-125,6
491,0,9022001040029002,-104,6
491,0,9022001040031002,-88,6
491,0,9022001040034001,145,5
491,0,9022001040035002,-7,6
491,0,9022001040037002,-7,5
491,0,9022001040039002,10,5
491,0,9022001040041002,26,5
491,0,9022001040045002,-159,5
491,0,9022001040048001,-9,5
491,0,9022001040049002,33,5
491,0,9022001040051002,107,5
491,0,9022001044000019,-764,5
491,0,9022001080005002,523,5
491,0,9022001080009002,466,5
491,0,9022001080013002,23,3
491,0,9022001080015006,-134,3
491,0,9022001080021002,139,3
491,0,9022001080023002,120,3
491,0,9022001080025002,122,3
491,0,9022001080027002,343,5
491,0,9022001080029002,38,3
491,0,9022001080032001,64,3
491,0,9022001080039002,173,4
491,0,9022001080045002,-69,3
491,0,9022001080047002,-45,3
491,0,9022001080049002,-30,3
491,0,9022001080051002,-24,3
491,0,9022001080053002,-4543,11
491,0,9022001080056002,63,3
491,1,9022001010294003,-148,3
491,1,9022001010537004,56,5
491,1,9022001010591003,-113,3
491,1,9022001010595003,-143,3
491,1,9022001011002014,-167,3
491,1,9022001040004002,32,8
491,1,9022001040007001,-197,3
491,1,9022001040011001,-177,3
491,1,9022001040013001,-316,3
491,1,9022001040019001,-56,3
491,1,9022001040021001,-53,3
491,1,9022001040023001,0,3
491,1,9022001040027001,25,3
491,1,9022001040029001,4,3
491,1,9022001040031001,-21,3
491,1,9022001040035001,-60,3
491,1,9022001040037001,-89,3
491,1,9022001040039001,166,4
491,1,9022001040041001,435,5
491,1,9022001040045001,421,6
491,1,9022001040048002,204,8
491,1,9022001040049001,181,8
491,1,9022001040051001,223,8
491,1,9022001044000006,-189,11
491,1,9022001080005001,-47,8
491,1,9022001080013001,127,9
491,1,9022001080015004,-179,9
491,1,9022001080021001,9,8
491,1,9022001080023001,95,8
491,1,9022001080025001,207,8
491,1,9022001080027001,321,8
491,1,9022001080029001,176,8
491,1,9022001080032002,-97,8
491,1,9022001080039001,417,8
491,1,9022001080045001,553,9
491,1,9022001080047001,400,9
491,1,9022001080049001,121,9
491,1,9022001080051001,-108,9
491,1,9022001080053002,-677,9
491,1,9022001080056001,175,9
491,1,9022001080190001,111,8
492,0,9022001010289012,269,5
492,0,9022001010591002,2804,7
492,0,9022001010595002,2851,7
492,0,9022001011002016,2140,5
492,0,9022001040103002,2172,6
492,0,9022001040106001,2151,6
492,0,9022001040107002,2136,6
492,0,9022001040109002,2089,6
492,0,9022001040111002,2079,6
492,0,9022001040113002,2083,6
492,0,9022001040116001,1961,6
492,0,9022001040175004,1634,5
492,0,9022001040177002,1009,5
492,0,9022001040179002,940,5
492,0,9022001040181002,665,5
492,0,9022001040253002,944,5
492,0,9022001040255002,949,5
492,0,9022001040273006,791,5
492,0,9022001040283002,597,5
492,0,9022001040303002,906,5
492,0,9022001040305002,974,5
492,0,9022001040307002,987,5
492,0,9022001040359002,829,5
492,0,9022001040415002,1052,5
492,0,9022001040417002,1017,5
492,0,9022001040419002,966,5
492,0,9022001040461002,750,5
492,0,9022001040463002,715,5
492,0,9022001040491002,856,5
492,0,9022001041027002,676,5
492,0,9022001041029002,646,5
492,0,9022001041031002,596,5
492,0,9022001041141002,921,5
492,0,9022001041143001,994,5
492,0,9022001041309002,928,5
492,0,9022001041313002,979,5
492,0,9022001041315002,957,4
492,0,9022001041317002,911,4
492,0,9022001041321002,931,4
492,0,9022001041323002,937,4
492,0,9022001041325002,857,4
492,0,9022001041523002,965,4
492,0,9022001041525002,953,4
492,0,9022001041527002,919,4
492,0,9022001041529002,888,4
492,0,9022001041531002,931,4
492,0,9022001041533002,956,4
492,0,9022001041535002,988,4
492,0,9022001042029001,523,5
492,0,9022001042276002,743,5
492,0,9022001044000019,-357,2
492,1,9022001010289004,13,1
492,1,9022001040113001,474,1
492,1,9022001040116002,433,1
492,1,9022001040175003,441,1
492,1,9022001040177001,456,1
492,1,9022001040179001,457,1
492,1,9022001040181001,448,1
492,1,9022001040253001,484,1
492,1,9022001040255001,502,1
492,1,9022001040258002,480,1
492,1,9022001040273002,785,2
492,1,9022001040283003,497,1
492,1,9022001040303001,873,2
492,1,9022001040305001,899,2
492,1,9022001040307001,887,2
492,1,9022001040359001,934,2
492,1,9022001040359007,999,2
492,1,9022001040415001,874,2
492,1,9022001040417001,914,2
492,1,9022001040419001,926,2
492,1,9022001040435001,1016,2
492,1,9022001040461001,1021,2
492,1,9022001040463003,1067,2
492,1,9022001040491001,967,2
492,1,9022001041027001,1088,2
492,1,9022001041029001,1112,2
492,1,9022001041031001,1108,2
492,1,9022001041073002,1065,2
492,1,9022001041075002,1081,2
492,1,9022001041077001,1030,2
492,1,9022001041077002,1063,2
492,1,9022001041079002,1052,2
492,1,9022001041111001,953,2
492,1,9022001041141001,868,2
492,1,9022001041143002,867,2
492,1,9022001041309001,1060,2
492,1,9022001041313001,1041,2
492,1,9022001041315001,1069,2
492,1,9022001041317001,1068,2
492,1,9022001041321001,1065,2
492,1,9022001041323001,993,2
492,1,9022001041325001,965,2
492,1,9022001041525001,904,2
492,1,9022001041527001,858,2
492,1,9022001041529001,842,2
492,1,9022001041531001,774,2
492,1,9022001041533001,677,2
492,1,9022001041535001,466,2
492,1,9022001042029002,868,2
492,1,9022001042271001,987,2
492,1,9022001042273001,1020,2
492,1,9022001042276001,894,2
496,0,9022001010289012,14,4
496,0,9022001010591002,12453,19
496,0,9022001010595002,12429,19
496,0,9022001011002016,1562,4
496,0,9022001040103002,12173,18
496,0,9022001040106001,12013,18
496,0,9022001040107002,11978,18
496,0,9022001040109002,11943,18
496,0,9022001040111002,11925,18
496,0,9022001040113002,11965,18
496,0,9022001040116001,11827,18
496,0,9022001040175004,11841,17
496,0,9022001040177002,11861,17
496,0,9022001040179002,12052,17
496,0,9022001040181002,11737,16
496,0,9022001040253002,12181,16
496,0,9022001040255002,11999,13
496,0,9022001040273006,1548,10
496,0,9022001040283002,2149,10
496,0,9022001040303002,2207,10
496,0,9022001040305002,2200,10
496,0,9022001040307002,2180,10
496,0,9022001040375001,2481,8
496,0,9022001040379001,2457,9
496,0,9022001040381001,2230,9
496,0,9022001040383001,2207,10
496,0,9022001040421002,1948,10
496,0,9022001040493002,1893,9
496,0,9022001044000019,8128,15
496,1,9022001010289004,263,3
496,1,9022001010591003,1413,11
496,1,9022001010595003,1596,11
496,1,9022001011002014,437,2
496,1,9022001040103001,1659,11
496,1,9022001040107001,2557,12
496,1,9022001040109001,2555,12
496,1,9022001040111001,2826,13
496,1,9022001040113001,2985,13
496,1,9022001040116002,2585,14
496,1,9022001040175003,3315,15
496,1,9022001040177001,3300,15
496,1,9022001040179001,3101,15
496,1,9022001040181001,2800,15
496,1,9022001040253001,3389,15
496,1,9022001040255001,3463,15
496,1,9022001040258002,3388,15
496,1,9022001040273006,-1450,12
496,1,9022001040283003,3882,15
496,1,9022001040303001,3793,15
496,1,9022001040305001,3803,15
496,1,9022001040307001,2866,17
496,1,9022001040375001,3246,16
496,1,9022001040379001,2001,12
496,1,9022001040381001,1414,12
496,1,9022001040383001,1043,12
496,1,9022001040421002,174,12
496,1,9022001040493002,-319,12
496,1,9022001044000002,1282,22
497,0,9022001010289012,-281,2
497,0,9022001010591002,5342,11
497,0,9022001010595002,5191,11
497,0,9022001011002016,425,2
497,0,9022001017134001,3100,10
497,0,9022001040103002,5154,11
497,0,9022001040106001,4826,11
497,0,9022001040107002,4722,11
497,0,9022001040109002,4574,11
497,0,9022001040111002,4358,11
497,0,9022001040113002,4308,11
497,0,9022001040116001,3655,10
497,0,9022001040122001,3989,10
497,0,9022001040126001,3799,10
497,0,9022001040137001,3661,10
497,0,9022001040138001,3575,10
497,0,9022001040140001,3889,10
497,0,9022001040141003,2736,10
497,0,9022001040159002,235,3
497,0,9022001040161002,4074,10
497,0,9022001040163001,210,3
497,0,9022001040164001,227,3
497,0,9022001040165001,252,3
497,0,9022001040168003,3557,10
497,0,9022001040169001,4077,10
497,0,9022001040170001,300,3
497,0,9022001040173001,549,4
497,0,9022001040175004,3757,10
497,0,9022001044000019,3860,9
497,1,9022001010289004,-28,1
497,1,9022001010591003,402,5
497,1,9022001010595003,529,5
497,1,9022001017134001,31,1
497,1,9022001040116002,272,5
497,1,9022001040122001,512,5
497,1,9022001040126001,504,5
497,1,9022001040137001,254,5
497,1,9022001040138001,174,5
497,1,9022001040140001,506,5
497,1,9022001040141003,907,6
497,1,9022001040159002,1095,6
497,1,9022001040161001,633,6
497,1,9022001040161002,-196,1
497,1,9022001040163001,434,6
497,1,9022001040164001,908,6
497,1,9022001040165001,1082,6
497,1,9022001040168003,-40,1
497,1,9022001040169001,-108,1
497,1,9022001040170001,1257,6
497,1,9022001040173001,1240,6
497,1,9022001040175003,649,5
497,1,9022001044000001,113,7
5,0,9022001000401001,-956,4
5,0,9022001000411001,264,3
5,0,9022001000426001,542,3
5,0,9022001000427001,5,1
5,0,9022001000428001,442,4
5,0,9022001010179002,2286,79
5,0,9022001010346001,7676,80
5,0,9022001010357002,6570,80
5,0,9022001010359004,5899,80
5,0,9022001010363004,1670,78
5,0,9022001010367002,3184,74
5,0,9022001010369001,-1429,72
5,0,9022001010421002,2084,67
5,0,9022001010645002,2726,60
5,0,9022001010647002,256,55
5,0,9022001010649002,-1494,51
5,0,9022001013879003,-988,45
5,0,9022001014131013,-38849,192
5,0,9022001050800009,-12384,80
5,1,9022001000401004,-690,2
5,1,9022001000401005,-990,4
5,1,9022001000401006,-369,1
5,1,9022001000401008,-228,2
5,1,9022001000401009,-644,2
5,1,9022001000408001,-204,2
5,1,9022001000426001,-5,3
5,1,9022001000427001,-29,4
5,1,9022001000428001,71,3
5,1,9022001000430001,-102,1
5,1,9022001000431001,-139,1
5,1,9022001010179001,5214,186
5,1,9022001010346002,-2136,172
5,1,9022001010357001,-590,173
5,1,9022001010359003,3065,182
5,1,9022001010363005,8195,186
5,1,9022001010367001,8170,195
5,1,9022001010369008,1265,202
5,1,9022001010421001,14189,192
5,1,9022001010645001,12227,192
5,1,9022001010647001,18928,192
5,1,9022001010649005,15727,207
5,1,9022001013879002,-6241,209
5,1,9022001014131013,-41055,208
5,1,9022001050800001,-22623,197
50,0,9022001010103001,2490,111
50,0,9022001010105001,1483,111
50,0,9022001010151002,-19024,111
50,0,9022001010188001,538,111
50,0,9022001010191001,4182,111
50,0,9022001010237001,3691,104
50,0,9022001010511002,3729,49
50,0,9022001010575002,1275,112
50,0,9022001051556003,-2442,98
50,0,9022001060303002,3390,47
50,0,9022001060309002,3416,45
50,0,9022001060311002,2277,44
50,0,9022001060313001,-6208,116
50,0,9022001069009002,5632,110
50,0,9022001069011002,6222,105
50,1,9022001010103002,3331,50
50,1,9022001010105002,3170,50
50,1,9022001010151005,-8339,138
50,1,9022001010188002,3049,49
50,1,9022001010237002,3745,53
50,1,9022001010511001,3791,48
50,1,9022001010575001,1401,50
50,1,9022001051556004,1126,58
50,1,9022001060303001,4383,48
50,1,9022001060309001,194,49
50,1,9022001060313002,-3449,49
50,1,9022001069009001,3202,53
501,0,9022001010803002,2945,86
501,0,9022001010805002,-6978,76
501,0,9022001012530002,-13022,91
501,0,9022001050031001,5838,91
501,0,9022001050035001,6126,90
501,0,9022001050146002,-434,90
501,0,9022001050331001,4277,90
501,0,9022001050390001,3642,87
501,0,9022001050392001,3345,87
501,0,9022001050394001,2453,87
501,0,9022001051538001,-242,91
501,1,9022001010803001,-895,75
501,1,9022001010805001,-6462,76
501,1,9022001012530001,-6196,66
501,1,9022001050012003,1161,76
501,1,9022001050031002,-842,66
501,1,9022001050035002,-1756,73
501,1,9022001050146003,821,76
501,1,9022001050331002,-29,74
501,1,9022001050390002,3386,76
501,1,9022001050392002,2483,76
501,1,9022001050394002,2348,76
501,1,9022001051538002,-601,64
503,0,9022001010800001,-3034,15
503,0,9022001050016002,-700,28
503,0,9022001050016003,-1072,28
503,0,9022001050020003,-2908,28
503,0,9022001050165002,-1153,15
503,0,9022001050167002,-1945,14
503,0,9022001050274001,1087,26
503,0,9022001050276001,-4550,33
503,0,9022001050280001,1653,28
503,0,9022001050355002,1368,28
503,0,9022001050357002,646,28
503,0,9022001050359002,1024,27
503,0,9022001051544001,-191,28
503,0,9022001051546001,1075,28
503,0,9022001051548001,1719,28
503,0,9022001051550001,1749,28
503,1,9022001010800002,-6118,30
503,1,9022001050016001,1885,36
503,1,9022001050016004,175,35
503,1,9022001050020004,-3031,40
503,1,9022001050165001,-631,24
503,1,9022001050167001,72,24
503,1,9022001050274002,-1134,38
503,1,9022001050276001,-5570,38
503,1,9022001050280001,1234,38
503,1,9022001050280002,-699,38
503,1,9022001050353001,1033,38
503,1,9022001050355001,-1209,38
503,1,9022001050357001,-2184,38
503,1,9022001050359001,-1072,38
503,1,9022001051546001,258,38
503,1,9022001051548001,1549,38
503,1,9022001051550001,1431,38
503,1,9022001051550002,-551,38
504,0,9022001012346002,-8699,60
504,0,9022001012530003,-357,62
504,0,9022001012533001,-6336,96
504,0,9022001050246001,-1578,60
504,0,9022001050254001,4016,59
504,0,9022001050256001,5176,52
504,0,9022001050258001,5174,49
504,0,9022001050305002,-3394,60
504,0,9022001050307002,-3393,60
504,0,9022001050309002,-2902,60
504,0,9022001050311002,-2680,60
504,0,9022001051051001,2447,60
504,0,9022001051054002,1461,28
504,0,9022001051115002,4207,49
504,0,9022001051123002,5120,57
504,0,9022001051127002,3888,40
504,0,9022001051129002,2380,36
504,1,9022001012346003,-5252,94
504,1,9022001012530001,-111,56
504,1,9022001012533002,-6354,60
504,1,9022001050246002,3972,33
504,1,9022001050254002,5523,55
504,1,9022001050256002,7946,61
504,1,9022001050258002,6624,61
504,1,9022001050305001,2091,22
504,1,9022001050307003,2896,27
504,1,9022001050309001,3322,28
504,1,9022001050311001,3622,30
504,1,9022001051051002,5337,51
504,1,9022001051054001,-2297,59
504,1,9022001051115001,7238,61
504,1,9022001051123001,7562,58
504,1,9022001051127001,6341,61
504,1,9022001051129001,3463,61
504Y,1,9022001012530001,-398,2
504Y,1,9022001050254001,-7,1
504Y,1,9022001050256001,69,1
504Y,1,9022001050258001,70,1
504Y,1,9022001051115002,57,1
504Y,1,9022001051123002,56,1
504Y,1,9022001051127002,55,1
504Y,1,9022001051129002,42,1
504Y,1,9022001055001001,43,1
505,0,9022001012506011,-19446,100
505,0,9022001050018003,-2609,81
505,0,9022001050020008,6634,96
505,0,9022001050031002,-5637,100
505,0,9022001050035002,-13114,100
505,0,9022001050174001,-12956,100
505,0,9022001050176001,-13183,100
505,0,9022001050178001,-11399,100
505,0,9022001050741001,9667,96
505,0,9022001050745001,7190,97
505,0,9022001050747001,7979,96
505,0,9022001051121001,6927,99
505,0,9022001051538002,697,100
505,1,9022001012506009,-8141,76
505,1,9022001050018001,-5902,31
505,1,9022001050020001,-1517,31
505,1,9022001050031001,2884,30
505,1,9022001050035001,3050,30
505,1,9022001050156003,2088,29
505,1,9022001050176002,2898,30
505,1,9022001050178003,2956,30
505,1,9022001050536001,-1940,31
505,1,9022001050741002,1484,31
505,1,9022001050745002,1900,31
505,1,9022001050747002,2450,31
505,1,9022001051121002,1405,30
505,1,9022001051538001,-91,30
506,0,9022001010355002,-4577,63
506,0,9022001012340002,2174,29
506,0,9022001012346002,2609,34
506,0,9022001012506001,-678,60
506,0,9022001012530003,-13907,101
506,0,9022001050067002,2044,27
506,0,9022001050224001,-1909,62
506,0,9022001050226001,-826,62
506,0,9022001050244001,1666,27
506,0,9022001050246001,1734,26
506,0,9022001050289002,-534,61
506,0,9022001050291002,1543,61
506,0,9022001050297002,3838,59
506,0,9022001050301002,4362,44
506,0,9022001050305002,4244,33
506,0,9022001050307002,3232,32
506,0,9022001050309002,2618,31
506,0,9022001050800003,-10109,63
506,1,9022001010411002,3987,43
506,1,9022001012340001,4779,58
506,1,9022001012346003,-4206,57
506,1,9022001012506002,4619,50
506,1,9022001012530003,-17382,85
506,1,9022001012530005,-2044,87
506,1,9022001050067003,4784,64
506,1,9022001050224002,4608,43
506,1,9022001050226003,5688,44
506,1,9022001050244002,5960,73
506,1,9022001050246002,7275,84
506,1,9022001050250002,-705,85
506,1,9022001050252002,-4478,85
506,1,9022001050289001,5434,44
506,1,9022001050291001,5526,44
506,1,9022001050297001,1135,57
506,1,9022001050301001,-270,57
506,1,9022001050305001,2029,57
506,1,9022001050307003,2735,57
506,1,9022001050309001,3471,57
506,1,9022001050800005,-19604,123
506,1,9022001051455001,-7307,85
508,0,9022001010460001,-7829,93
508,0,9022001050007002,2435,98
508,0,9022001050010001,2783,97
508,0,9022001050012002,998,95
508,0,9022001050013002,1364,94
508,0,9022001050366015,-6095,91
508,0,9022001050388001,2880,92
508,0,9022001050800013,-2853,98
508,0,9022001069019002,2770,91
508,1,9022001010346001,1978,12
508,1,9022001010357002,-3175,63
508,1,9022001050007001,4723,21
508,1,9022001050010002,4591,23
508,1,9022001050012001,4623,24
508,1,9022001050013005,3708,24
508,1,9022001050366005,-798,23
508,1,9022001050388002,2159,23
508,1,9022001050800009,1198,17
508,1,9022001069019001,1484,23
509,0,9022001012504001,4863,71
509,0,9022001050016004,6406,35
509,0,9022001050020004,5184,31
509,0,9022001050121001,1266,71
509,0,9022001050144003,4733,69
509,0,9022001050146002,6499,68
509,0,9022001050163001,1365,71
509,0,9022001050174003,10967,68
509,0,9022001050203003,6958,40
509,0,9022001050209002,4025,28
509,0,9022001050213002,9199,48
509,0,9022001050226003,6178,69
509,0,9022001050231002,4880,71
509,0,9022001050289001,5020,69
509,0,9022001050291001,4413,71
509,0,9022001050342001,9861,68
509,0,9022001050348001,9763,68
509,0,9022001050350001,9903,68
509,0,9022001050353002,4949,27
509,0,9022001050355002,4711,25
509,0,9022001050357002,3081,23
509,0,9022001050359002,3284,22
509,0,9022001050366015,-4198,77
509,0,9022001050390001,13324,66
509,0,9022001050392001,12249,59
509,0,9022001050394001,10673,56
509,0,9022001069019002,2562,22
509,1,9022001012504002,276,133
509,1,9022001050016003,12877,164
509,1,9022001050020003,14139,165
509,1,9022001050121001,-4973,118
509,1,9022001050144002,-20080,139
509,1,9022001050146003,-15248,143
509,1,9022001050156003,-4907,139
509,1,9022001050163001,-17041,123
509,1,9022001050174004,-6371,141
509,1,9022001050203001,14508,162
509,1,9022001050209001,18287,166
509,1,9022001050213001,9748,157
509,1,9022001050226002,-9957,138
509,1,9022001050231001,-1419,136
509,1,9022001050289002,-9104,138
509,1,9022001050291002,-812,136
509,1,9022001050348002,-9006,142
509,1,9022001050350002,-10454,143
509,1,9022001050353001,12275,167
509,1,9022001050355001,9827,167
509,1,9022001050357001,-4396,166
509,1,9022001050359001,347,167
509,1,9022001050366005,-26890,167
509,1,9022001050390002,2243,144
509,1,9022001050392002,4003,146
509,1,9022001050394002,5813,146
509,1,9022001069019001,-16329,167
511,0,9022001051528004,-937,24
511,0,9022001051530002,-899,28
511,0,9022001051532002,-4964,31
511,0,9022001051645001,-9208,31
511,1,9022001051528004,-4452,28
511,1,9022001051530001,-2940,28
511,1,9022001051532001,-1400,28
511,1,9022001051645001,-7396,30
512,0,9022001012138009,-15386,45
512,0,9022001012325002,-3649,45
512,0,9022001012327002,-2804,45
512,0,9022001012329002,-1760,45
512,0,9022001012330001,-2238,45
512,0,9022001012331002,-1596,45
512,0,9022001012506004,-7410,89
512,0,9022001012537001,-13,43
512,0,9022001012557002,1818,38
512,0,9022001050043001,948,31
512,0,9022001050045001,854,31
512,0,9022001050047001,1000,32
512,0,9022001050049001,2458,34
512,0,9022001050051001,1326,37
512,0,9022001050053003,1241,37
512,0,9022001050055001,1250,37
512,0,9022001050059001,1199,38
512,0,9022001050065001,2689,37
512,0,9022001050067001,1243,39
512,0,9022001050075001,-1641,45
512,0,9022001050077001,-1677,45
512,0,9022001051153002,-870,43
512,1,9022001012138007,-10798,90
512,1,9022001012325001,787,11
512,1,9022001012327001,882,13
512,1,9022001012329001,1140,13
512,1,9022001012330002,903,13
512,1,9022001012331001,908,13
512,1,9022001012506011,-7989,55
512,1,9022001012533002,1018,22
512,1,9022001012537002,2211,27
512,1,9022001012557001,2594,52
512,1,9022001050043002,-26,55
512,1,9022001050045002,1219,55
512,1,9022001050047002,992,55
512,1,9022001050049002,836,55
512,1,9022001050051002,2542,55
512,1,9022001050053004,2622,55
512,1,9022001050059002,3574,55
512,1,9022001050065002,1588,50
512,1,9022001050067002,3025,41
512,1,9022001050073002,993,9
512,1,9022001050075002,1126,13
512,1,9022001050077002,980,13
512,1,9022001051054001,2645,22
512,1,9022001051155002,1840,21
513,1,9022001012506008,-5546,71
513,1,9022001012506011,-3480,27
513,1,9022001050146003,1186,25
513,1,9022001050148001,1506,26
513,1,9022001050150001,2880,27
513,1,9022001050152001,1440,27
513,1,9022001050154001,1515,27
513,1,9022001050156002,1606,24
513,1,9022001050158001,1330,27
513,1,9022001050158002,906,24
513,1,9022001050160001,2540,27
513,1,9022001050195001,1092,22
514,0,9022001012138009,-5628,44
514,0,9022001012195001,4154,29
514,0,9022001012197001,4511,29
514,0,9022001012325002,449,44
514,0,9022001012327002,823,44
514,0,9022001012418001,8311,42
514,0,9022001012563002,6369,41
514,0,9022001050501008,-5308,51
514,0,9022001050560001,1799,15
514,0,9022001050563001,1446,17
514,0,9022001050571002,5734,29
514,0,9022001050585002,845,22
514,0,9022001051466002,1322,24
514,0,9022001051468002,1163,26
514,0,9022001051470002,1509,26
514,0,9022001051472002,2058,28
514,0,9022001051474002,2917,29
514,0,9022001051476002,3148,29
514,0,9022001051482001,4474,37
514,0,9022001051492001,2397,44
514,0,9022001051496002,6108,44
514,0,9022001051498002,4815,44
514,0,9022001051502002,3781,44
514,0,9022001051524001,9347,44
514,0,9022001051526001,7637,42
514,0,9022001051528001,7335,42
514,0,9022001051530001,7670,42
514,0,9022001051532001,7222,42
514,0,9022001052377002,1210,14
514,0,9022001052444002,1572,15
514,0,9022001052591002,826,14
514,0,9022001052841001,1796,12
514,0,9022001055060001,6647,30
514,0,9022001055062001,5603,29
514,1,9022001012138006,-6823,50
514,1,9022001012195002,6148,36
514,1,9022001012325001,1819,8
514,1,9022001012327003,2135,15
514,1,9022001012418002,2026,17
514,1,9022001012563001,4546,30
514,1,9022001050501001,-6278,46
514,1,9022001050560002,8070,46
514,1,9022001050563002,9757,46
514,1,9022001050571001,4212,32
514,1,9022001050585001,11826,45
514,1,9022001051466001,10740,44
514,1,9022001051468001,9683,43
514,1,9022001051470001,9509,43
514,1,9022001051472001,8592,43
514,1,9022001051474001,8075,41
514,1,9022001051476001,7282,38
514,1,9022001051482002,1659,30
514,1,9022001051492002,2321,17
514,1,9022001051496003,1701,17
514,1,9022001051498001,2451,17
514,1,9022001051502001,2427,17
514,1,9022001051524002,1888,17
514,1,9022001051526002,2080,18
514,1,9022001051528002,2303,19
514,1,9022001051530002,3000,22
514,1,9022001051532002,3736,28
514,1,9022001052375001,9914,46
514,1,9022001052377001,11055,46
514,1,9022001052444001,9666,46
514,1,9022001052586001,9434,46
514,1,9022001052591001,4346,46
514,1,9022001052841002,7608,46
514,1,9022001055060002,3198,30
514,1,9022001055062002,4481,33
514X,0,9022001012134001,258,2
514X,0,9022001012138009,-6349,58
514X,0,9022001012195001,5035,32
514X,0,9022001012197001,7693,36
514X,0,9022001012325002,1505,57
514X,0,9022001012327002,1901,58
514X,0,9022001012418001,11550,55
514X,0,9022001012563002,9773,52
514X,0,9022001050501008,-3656,58
514X,0,9022001050560001,3289,26
514X,0,9022001050563001,2458,28
514X,0,9022001050579005,7459,51
514X,0,9022001050585002,1485,29
514X,0,9022001051466002,2084,29
514X,0,9022001051468002,2005,29
514X,0,9022001051470002,2427,29
514X,0,9022001051472002,2721,29
514X,0,9022001051474002,3464,30
514X,0,9022001051476002,3703,30
514X,0,9022001051492001,4313,58
514X,0,9022001051496002,8522,58
514X,0,9022001051498002,6892,58
514X,0,9022001051502002,5867,58
514X,0,9022001051524001,12720,58
514X,0,9022001051526001,10577,54
514X,0,9022001051528001,10138,54
514X,0,9022001051530001,10736,54
514X,0,9022001051532001,10352,54
514X,0,9022001052377002,1671,22
514X,0,9022001052444002,2858,24
514X,0,9022001052591002,1158,21
514X,0,9022001052841001,2268,22
514X,1,9022001012134001,158,4
514X,1,9022001012138006,-3258,47
514X,1,9022001012195002,2759,40
514X,1,9022001012325001,1190,12
514X,1,9022001012327003,1639,19
514X,1,9022001012418002,1860,33
514X,1,9022001012563001,3445,39
514X,1,9022001050501001,-5068,60
514X,1,9022001050560002,9259,60
514X,1,9022001050563002,9578,59
514X,1,9022001050579002,-845,39
514X,1,9022001050585001,10338,55
514X,1,9022001051466001,7919,52
514X,1,9022001051468001,6300,47
514X,1,9022001051470001,5334,45
514X,1,9022001051472001,4193,42
514X,1,9022001051474001,3772,41
514X,1,9022001051476001,3694,41
514X,1,9022001051492002,2083,33
514X,1,9022001051496003,1206,33
514X,1,9022001051498001,2525,33
514X,1,9022001051502001,2412,33
514X,1,9022001051524002,1646,33
514X,1,9022001051526002,1692,33
514X,1,9022001051528002,1738,33
514X,1,9022001051530002,2170,33
514X,1,9022001051532002,2407,38
514X,1,9022001052375001,11944,60
514X,1,9022001052377001,14122,60
514X,1,9022001052444001,11044,60
514X,1,9022001052586001,10422,60
514X,1,9022001052591001,7604,60
514X,1,9022001052841002,5195,60
515,0,9022001010151001,-27976,120
515,0,9022001010188005,-16574,120
515,0,9022001010225003,-18095,120
515,0,9022001010549002,-17956,120
515,0,9022001010553002,-23216,120
515,0,9022001012346003,-7363,120
515,0,9022001050005002,-18584,120
515,0,9022001050007002,-6780,119
515,0,9022001050010001,-315,118
515,0,9022001050146003,-3120,114
515,0,9022001050148001,-171,118
515,0,9022001050305001,1881,82
515,0,9022001050307003,1821,84
515,0,9022001050348002,-37,108
515,0,9022001050350002,-196,112
515,0,9022001050403002,324,106
515,0,9022001050405002,329,106
515,0,9022001050407002,-2053,100
515,0,9022001050409002,2391,95
515,0,9022001050435002,1584,90
515,0,9022001050437002,1723,87
515,1,9022001010151006,-18610,160
515,1,9022001010188003,3075,25
515,1,9022001010225002,5723,35
515,1,9022001010549001,4095,26
515,1,9022001010553001,7923,46
515,1,9022001012346002,-12114,68
515,1,9022001050005001,9253,47
515,1,9022001050007001,6940,51
515,1,9022001050010002,5429,51
515,1,9022001050146002,540,56
515,1,9022001050148003,4447,55
515,1,9022001050305002,-5699,68
515,1,9022001050307002,-319,67
515,1,9022001050348001,3058,58
515,1,9022001050350001,3125,56
515,1,9022001050403001,3719,61
515,1,9022001050405001,5761,64
515,1,9022001050407001,3735,67
515,1,9022001050409001,4590,67
515,1,9022001050435001,3426,67
515,1,9022001050437001,1699,67
516,0,9022001010188005,907,14
516,0,9022001010225003,1390,14
516,0,9022001010545002,1138,14
516,0,9022001010553002,1338,14
516,0,9022001011504002,-1119,14
516,0,9022001050005002,1547,13
516,0,9022001050012002,2212,12
516,0,9022001050013002,1934,12
516,0,9022001050597002,-142,7
516,0,9022001050644001,1296,10
516,0,9022001050646001,1126,10
516,0,9022001050649002,640,10
516,0,9022001050835001,164,7
516,0,9022001050837001,781,9
516,0,9022001052326001,1446,10
516,0,9022001052372001,1981,10
516,0,9022001052444002,-1363,16
516,0,9022001052450001,-101,7
516,1,9022001010188003,1765,5
516,1,9022001010225002,1657,5
516,1,9022001010545001,1485,5
516,1,9022001010553001,1755,5
516,1,9022001011504004,-93,11
516,1,9022001050005001,1425,5
516,1,9022001050012001,1783,6
516,1,9022001050013001,1931,7
516,1,9022001050597001,2180,11
516,1,9022001050644002,3248,11
516,1,9022001050646002,3367,11
516,1,9022001050649001,2226,11
516,1,9022001050835002,2436,11
516,1,9022001050837002,2460,11
516,1,9022001052326002,3066,11
516,1,9022001052372002,2468,11
516,1,9022001052444001,546,11
516,1,9022001052450002,2035,11
517,0,9022001012138009,-4881,47
517,0,9022001012248001,3328,46
517,0,9022001012289002,1839,47
517,0,9022001012293002,3276,46
517,0,9022001012299002,1040,47
517,0,9022001050575002,687,13
517,0,9022001050577002,704,12
517,0,9022001050579002,-8172,67
517,0,9022001051462001,3155,39
517,0,9022001051464001,820,34
517,0,9022001051466001,2244,30
517,0,9022001051468001,1459,17
517,0,9022001051470001,1123,15
517,0,9022001051472001,1157,14
517,0,9022001051474001,886,13
517,0,9022001051476001,1023,12
517,0,9022001051487002,2819,39
517,0,9022001051489002,695,13
517,0,9022001051500001,2951,44
517,0,9022001051506001,4344,43
517,0,9022001051508001,3752,40
517,0,9022001051763001,4350,44
517,0,9022001051767001,5020,46
517,1,9022001012138002,-11163,87
517,1,9022001012248002,889,22
517,1,9022001012289001,559,16
517,1,9022001012293001,477,22
517,1,9022001012299001,388,13
517,1,9022001050575001,-8,51
517,1,9022001050577001,-382,51
517,1,9022001050579001,-4439,51
517,1,9022001051462002,2521,49
517,1,9022001051464006,1270,51
517,1,9022001051466002,2895,51
517,1,9022001051468002,1531,51
517,1,9022001051470002,1565,51
517,1,9022001051472002,1171,51
517,1,9022001051474002,1043,51
517,1,9022001051476002,550,51
517,1,9022001051487001,3295,50
517,1,9022001051489001,767,51
517,1,9022001051500002,1356,26
517,1,9022001051506002,2069,26
517,1,9022001051508002,2561,34
517,1,9022001051761003,2407,25
517,1,9022001051763002,1505,25
517,1,9022001051767002,1532,25
518,0,9022001012195001,-1249,17
518,0,9022001012197001,-9,4
518,0,9022001012301005,-4496,31
518,0,9022001012481002,-845,31
518,0,9022001012589003,487,31
518,0,9022001050091001,1449,31
518,0,9022001050117003,1750,31
518,0,9022001050565002,-111,15
518,0,9022001050567002,-519,14
518,0,9022001050571002,14,4
518,0,9022001050579003,9,37
518,0,9022001050585002,-85,15
518,0,9022001051413002,28,31
518,0,9022001051416001,1799,31
518,0,9022001051418001,1843,31
518,0,9022001051422001,1961,27
518,0,9022001051424001,1551,27
518,0,9022001051426001,3435,26
518,0,9022001051428001,3295,26
518,0,9022001051430001,3542,26
518,0,9022001051432001,3343,26
518,0,9022001051434001,3292,26
518,0,9022001051436001,3095,26
518,0,9022001051452002,354,24
518,0,9022001051458001,-462,19
518,0,9022001051460001,107,18
518,0,9022001051462001,814,18
518,0,9022001051464001,177,18
518,0,9022001051466001,1,2
518,0,9022001051468001,482,13
518,0,9022001051470001,359,13
518,0,9022001051472001,313,13
518,0,9022001051474001,135,12
518,0,9022001051476001,128,12
518,0,9022001051482001,-82,7
518,0,9022001051487002,826,18
518,0,9022001051574001,2909,26
518,0,9022001051576001,2960,25
518,0,9022001051578001,3007,25
518,0,9022001055060001,-233,6
518,0,9022001055062001,121,4
518,0,9022001055200009,-198,24
518,0,9022001055200011,-316,5
518,0,9022001055215002,-22,21
518,1,9022001012195002,-3885,16
518,1,9022001012301002,98,40
518,1,9022001012481001,294,7
518,1,9022001012589004,632,10
518,1,9022001050091002,1324,16
518,1,9022001050117004,1916,18
518,1,9022001050565001,1969,30
518,1,9022001050567001,1622,30
518,1,9022001050571001,-1142,15
518,1,9022001050579001,-3452,29
518,1,9022001050579004,-2245,14
518,1,9022001050585001,1639,30
518,1,9022001051413001,199,7
518,1,9022001051416002,1434,16
518,1,9022001051418002,1696,18
518,1,9022001051422002,2433,20
518,1,9022001051425001,1371,20
518,1,9022001051426002,1425,20
518,1,9022001051428002,1538,20
518,1,9022001051430002,1496,20
518,1,9022001051432002,1538,20
518,1,9022001051434002,1715,21
518,1,9022001051436003,1998,21
518,1,9022001051452001,572,30
518,1,9022001051458002,2137,30
518,1,9022001051460002,1858,31
518,1,9022001051462002,1222,32
518,1,9022001051464006,-47,34
518,1,9022001051466002,1005,11
518,1,9022001051468002,892,41
518,1,9022001051470002,780,41
518,1,9022001051472002,-34,41
518,1,9022001051474002,-367,41
518,1,9022001051476002,-1093,41
518,1,9022001051482002,-898,14
518,1,9022001051487001,1756,33
518,1,9022001051574002,1977,21
518,1,9022001051576002,1779,21
518,1,9022001051578002,1657,21
518,1,9022001055060002,-757,15
518,1,9022001055062002,-1491,15
518,1,9022001055200003,-3818,32
518,1,9022001055215001,895,30
519,0,9022001010553001,6067,93
519,0,9022001050005001,6809,93
519,0,9022001050007001,1138,93
519,0,9022001050010002,-1760,95
519,0,9022001050186001,-1999,109
519,0,9022001050201001,-16306,109
519,0,9022001050203001,-3170,109
519,0,9022001050270001,-15615,109
519,0,9022001050390001,-6664,109
519,0,9022001050392001,-7373,109
519,0,9022001050394001,-9479,109
519,0,9022001051127002,-18714,109
519,0,9022001051129002,-9418,109
519,0,9022001051538001,-9594,109
519,0,9022001052301001,861,109
519,0,9022001055001001,-12517,109
519,0,9022001060080003,-11233,104
519,0,9022001067043002,4317,93
519,1,9022001010240001,-14572,116
519,1,9022001010553002,-17505,116
519,1,9022001050005002,-15190,116
519,1,9022001050007002,-6657,115
519,1,9022001050010001,-1740,114
519,1,9022001050012002,3925,114
519,1,9022001050186002,962,98
519,1,9022001050201002,-4211,105
519,1,9022001050203004,1435,103
519,1,9022001050270002,4718,95
519,1,9022001050390002,1090,107
519,1,9022001050392002,1203,110
519,1,9022001050394002,2246,114
519,1,9022001051127001,536,75
519,1,9022001051129001,1087,91
519,1,9022001051538002,1504,95
519,1,9022001052301002,47,99
519,1,9022001055001002,5366,95
519,1,9022001060080001,-28596,116
519,1,9022001067043001,-13745,116
520,0,9022001050501001,-10065,57
520,0,9022001050502001,-5272,57
520,0,9022001050504001,-3974,57
520,0,9022001050506001,-3250,57
520,0,9022001050512001,-957,57
520,0,9022001050514001,-7073,57
520,0,9022001050516001,-4741,57
520,0,9022001050520001,-2342,55
520,0,9022001050522001,-4558,55
520,0,9022001050532001,-1187,54
520,0,9022001050534001,-873,54
520,0,9022001050538001,159,53
520,0,9022001050546001,-3721,92
520,0,9022001050548001,-27,92
520,0,9022001050550001,700,92
520,0,9022001050552001,673,90
520,0,9022001050554001,1340,87
520,0,9022001050556001,2226,87
520,0,9022001050558001,-15834,97
520,0,9022001050862002,90,53
520,0,9022001052340001,-1999,57
520,0,9022001052342001,-1349,57
520,1,9022001050501011,-2547,48
520,1,9022001050502002,1714,22
520,1,9022001050504002,1618,22
520,1,9022001050506002,1230,23
520,1,9022001050512002,853,29
520,1,9022001050514002,-491,28
520,1,9022001050516002,1129,29
520,1,9022001050520002,1274,29
520,1,9022001050522002,-542,30
520,1,9022001050532002,2038,30
520,1,9022001050534002,1878,31
520,1,9022001050538002,1456,31
520,1,9022001050546002,-2647,65
520,1,9022001050548002,1749,73
520,1,9022001050550002,850,73
520,1,9022001050552002,-299,73
520,1,9022001050554002,-2200,73
520,1,9022001050556002,-4463,75
520,1,9022001050558001,-10586,75
520,1,9022001050862001,1609,31
520,1,9022001052340002,795,23
520,1,9022001052342002,597,26
523,0,9022001050501002,-16000,91
523,0,9022001050501011,-641,5
523,0,9022001050502002,-203,5
523,0,9022001050504002,-346,5
523,0,9022001050506002,-603,5
523,0,9022001050569002,-7771,93
523,0,9022001050573001,-2426,93
523,0,9022001050579004,-2688,58
523,0,9022001050642001,-2880,94
523,0,9022001051482002,1778,72
523,0,9022001052340002,-874,5
523,0,9022001052342002,-1298,5
523,0,9022001052622001,-5417,95
523,0,9022001052624001,-5604,95
523,0,9022001052626001,-4525,95
523,0,9022001052628001,-4062,95
523,0,9022001052630001,-3331,95
523,0,9022001052632001,-3378,95
523,0,9022001052634001,-3459,95
523,0,9022001052636001,-3016,94
523,0,9022001052638001,-3410,94
523,0,9022001052640001,-2899,94
523,0,9022001060731002,-7221,96
523,1,9022001050501008,-2805,50
523,1,9022001050569003,-535,15
523,1,9022001050573002,269,15
523,1,9022001050579002,-1007,15
523,1,9022001050642002,1009,15
523,1,9022001050644002,1077,15
523,1,9022001051482001,-409,15
523,1,9022001052622002,1845,14
523,1,9022001052624002,1724,15
523,1,9022001052626002,1545,15
523,1,9022001052628002,1347,15
523,1,9022001052630002,1154,15
523,1,9022001052632002,1145,15
523,1,9022001052634002,1163,15
523,1,9022001052636002,1020,15
523,1,9022001052638002,1085,15
523,1,9022001052640002,1124,15
523,1,9022001060731001,1848,12
524,0,9022001050670001,213,5
524,0,9022001050672001,40,4
524,0,9022001050674001,-4,4
524,0,9022001050678001,406,4
524,0,9022001050680001,718,4
524,0,9022001050682001,942,4
524,0,9022001050686001,1015,4
524,0,9022001050688001,1019,4
524,0,9022001050694001,1061,4
524,0,9022001050696001,1043,4
524,0,9022001050698001,781,3
524,0,9022001050701002,364,2
524,0,9022001050711002,973,4
524,0,9022001050970001,289,5
524,0,9022001056013002,472,5
524,0,9022001056701002,-955,5
524,0,9022001056821002,140,4
524,0,9022001056829002,96,4
524,0,9022001056831002,-52,4
524,0,9022001060145001,206,1
524,0,9022001060147001,200,1
524,0,9022001060149001,239,1
524,0,9022001060151001,280,1
524,0,9022001060153001,207,1
524,0,9022001060155001,110,1
524,0,9022001060157004,-603,3
524,0,9022001060161001,222,2
524,0,9022001060163001,238,2
524,0,9022001060165002,289,2
524,0,9022001061060003,-2476,5
524,0,9022001066308001,910,3
524,1,9022001050668002,495,3
524,1,9022001050670002,349,2
524,1,9022001050672002,346,2
524,1,9022001050674002,348,2
524,1,9022001050678002,226,2
524,1,9022001050680002,180,2
524,1,9022001050682002,131,2
524,1,9022001050684002,109,2
524,1,9022001050686002,442,3
524,1,9022001050688003,192,3
524,1,9022001050694002,-76,3
524,1,9022001050696003,-113,3
524,1,9022001050698002,-507,5
524,1,9022001050701001,-526,5
524,1,9022001050970002,462,3
524,1,9022001056013001,342,3
524,1,9022001056701002,-1040,6
524,1,9022001056821001,347,2
524,1,9022001056829001,331,2
524,1,9022001056831001,273,2
524,1,9022001060141003,586,4
524,1,9022001060143002,442,4
524,1,9022001060145002,449,4
524,1,9022001060147002,491,4
524,1,9022001060149002,483,4
524,1,9022001060151002,402,4
524,1,9022001060153002,434,4
524,1,9022001060155002,450,4
524,1,9022001060157002,215,3
524,1,9022001060157007,-794,4
524,1,9022001060161002,-763,5
524,1,9022001060163002,-646,5
524,1,9022001060165003,-606,5
524,1,9022001061060008,-957,4
524,1,9022001061210002,743,4
524,1,9022001061521003,509,4
524,1,9022001061529001,684,4
524,1,9022001061559001,422,4
524,1,9022001061567001,505,4
524,1,9022001061569001,598,4
524,1,9022001061747001,601,4
524,1,9022001061774002,681,4
524,1,9022001061949001,556,4
524,1,9022001066308002,-115,3
525,0,9022001050501001,-9398,70
525,0,9022001050502001,-4366,70
525,0,9022001050504001,-3583,70
525,0,9022001050506001,-3072,70
525,0,9022001050520001,-1378,70
525,0,9022001050522001,-13889,110
525,0,9022001050525002,-3003,107
525,0,9022001050526001,-793,103
525,0,9022001050527002,-1721,107
525,0,9022001050598001,-1307,89
525,0,9022001050600001,-1034,86
525,0,9022001050602001,-1994,86
525,0,9022001052170001,-1789,69
525,0,9022001052340001,-1776,70
525,0,9022001052342001,-1516,70
525,0,9022001052350002,-1332,86
525,0,9022001052352002,-825,86
525,0,9022001052354002,-466,86
525,0,9022001052356002,-3611,73
525,1,9022001050501012,-4115,40
525,1,9022001050502002,289,6
525,1,9022001050504002,512,7
525,1,9022001050506002,422,7
525,1,9022001050512002,1669,30
525,1,9022001050516002,2154,31
525,1,9022001050520002,2412,31
525,1,9022001050522002,-5876,65
525,1,9022001050525001,323,33
525,1,9022001050526002,-252,33
525,1,9022001050527001,-138,32
525,1,9022001050598002,-496,33
525,1,9022001050600002,-499,33
525,1,9022001050602002,-160,33
525,1,9022001052340002,560,9
525,1,9022001052342002,1261,18
525,1,9022001052350001,-355,33
525,1,9022001052352001,-739,33
525,1,9022001052354001,-1250,33
525,1,9022001052356001,-4264,33
525X,0,9022001050501001,-206,1
525X,0,9022001050502001,-97,1
525X,0,9022001050504001,-62,1
525X,0,9022001050506001,-42,1
525X,0,9022001050512001,26,1
525X,0,9022001050514001,-13,1
525X,0,9022001050516001,17,1
525X,0,9022001050520001,86,1
525X,0,9022001050522001,35,1
525X,0,9022001050525002,112,1
525X,0,9022001050526001,96,1
525X,0,9022001050527002,107,1
525X,0,9022001050598001,63,1
525X,0,9022001050600001,59,1
525X,0,9022001050602001,31,1
525X,0,9022001052340001,-12,1
525X,0,9022001052342001,6,1
525X,0,9022001052356002,-22,1
526,0,9022001050007001,3157,25
526,0,9022001050010002,3284,26
526,0,9022001050012001,3525,27
526,0,9022001050013001,3570,27
526,0,9022001050501002,-2775,30
526,0,9022001050501011,-212,1
526,0,9022001050502002,-36,1
526,0,9022001050504002,-40,1
526,0,9022001050506002,-40,1
526,0,9022001050644002,4237,30
526,0,9022001050646002,3601,30
526,0,9022001050649001,3289,30
526,0,9022001050800007,-14067,94
526,0,9022001052316002,3493,30
526,0,9022001052322002,3193,28
526,0,9022001052326002,4678,30
526,0,9022001052330002,3178,30
526,0,9022001052332002,2722,30
526,0,9022001052340002,-86,1
526,0,9022001052342002,-95,1
526,0,9022001052372002,3409,29
526,0,9022001060731002,-1117,31
526,1,9022001050007002,602,14
526,1,9022001050010001,692,14
526,1,9022001050012002,467,14
526,1,9022001050013002,613,14
526,1,9022001050501007,-8745,80
526,1,9022001050644001,1888,13
526,1,9022001050646001,1954,13
526,1,9022001050649002,2020,13
526,1,9022001050800003,-763,14
526,1,9022001052316001,1496,13
526,1,9022001052322001,2168,13
526,1,9022001052326001,1825,13
526,1,9022001052330001,1894,13
526,1,9022001052332001,1790,10
526,1,9022001052372001,2127,13
526,1,9022001060731001,1595,9
527,0,9022001050501001,-25817,96
527,0,9022001050502001,-13679,96
527,0,9022001050504001,-10983,96
527,0,9022001050506001,-9564,96
527,0,9022001050772001,-2214,96
527,0,9022001050774001,370,96
527,0,9022001050776001,1196,96
527,0,9022001050778001,1526,96
527,0,9022001050780001,4981,70
527,0,9022001050781001,-2785,96
527,0,9022001050782001,4109,69
527,0,9022001050786001,2520,66
527,0,9022001052340001,-6505,96
527,0,9022001052342001,-4797,96
527,0,9022001052380001,-13686,69
527,1,9022001050501011,-8799,76
527,1,9022001050502002,1204,17
527,1,9022001050504002,1205,18
527,1,9022001050506002,966,19
527,1,9022001050772002,487,19
527,1,9022001050774002,255,19
527,1,9022001050776002,316,19
527,1,9022001050778002,336,19
527,1,9022001050780002,-1487,19
527,1,9022001050781001,-865,20
527,1,9022001050782002,-1741,20
527,1,9022001050786002,-1843,20
527,1,9022001052340002,577,18
527,1,9022001052342002,421,19
527,1,9022001052380001,-3562,20
528,0,9022001050501001,-16490,74
528,0,9022001050501011,-1037,5
528,0,9022001050502002,-196,5
528,0,9022001050504002,-271,5
528,0,9022001050506002,-446,5
528,0,9022001050569001,-7616,73
528,0,9022001050646002,604,76
528,0,9022001050649001,-973,76
528,0,9022001050835002,-1235,77
528,0,9022001050837002,-865,76
528,0,9022001052340002,-642,5
528,0,9022001052342002,-1027,5
528,0,9022001052583003,-4448,79
528,0,9022001052585002,-3391,79
528,0,9022001052821002,-1503,79
528,0,9022001052823002,-1825,79
528,0,9022001052825002,-2448,79
528,0,9022001052827002,-1393,79
528,0,9022001052829002,-1088,79
528,0,9022001052831002,-1791,79
528,0,9022001052833002,-1551,79
528,0,9022001052839002,-424,76
528,1,9022001050501013,-5459,55
528,1,9022001050569001,-3996,30
528,1,9022001050835001,515,30
528,1,9022001050837001,547,30
528,1,9022001052583001,140,19
528,1,9022001052585001,11,22
528,1,9022001052821001,1079,29
528,1,9022001052823001,987,30
528,1,9022001052825001,1056,29
528,1,9022001052827001,965,30
528,1,9022001052829001,655,30
528,1,9022001052831001,842,30
528,1,9022001052833001,829,30
528,1,9022001052839001,255,30
529,0,9022001050542001,-211,4
529,0,9022001050864001,-214,4
529,0,9022001050866001,-182,4
529,0,9022001050870001,-35,4
529,0,9022001050872001,-30,4
529,0,9022001050874001,-49,4
529,0,9022001050875002,-206,4
529,0,9022001050880002,-1497,5
529,0,9022001052994007,-2041,6
529,1,9022001050542002,72,1
529,1,9022001050864002,144,2
529,1,9022001050866002,140,2
529,1,9022001050870002,133,2
529,1,9022001050872002,134,2
529,1,9022001050874002,156,2
529,1,9022001050875001,143,2
529,1,9022001050880001,-390,2
529,1,9022001052994002,-275,2
53,0,9022001010151004,5087,63
53,0,9022001010178001,5573,63
53,0,9022001010180001,4945,63
53,0,9022001010182001,7644,63
53,0,9022001010250001,6329,28
53,0,9022001010254003,4119,21
53,0,9022001010273002,2428,63
53,0,9022001010280003,8825,60
53,0,9022001010282001,8280,59
53,0,9022001010284001,8880,55
53,0,9022001010315001,-7132,64
53,0,9022001010383002,6811,46
53,0,9022001010385002,8131,42
53,0,9022001010387002,6827,37
53,0,9022001010537003,6112,50
53,0,9022001010581002,8787,63
53,0,9022001010591005,3022,18
53,0,9022001010592001,3996,21
53,0,9022001010599002,1557,9
53,0,9022001010611002,-24444,99
53,0,9022001011002015,1680,20
53,0,9022001011002016,2010,11
53,1,9022001010151007,-1670,94
53,1,9022001010178002,-1942,84
53,1,9022001010180002,3610,90
53,1,9022001010182002,1099,92
53,1,9022001010250002,6453,128
53,1,9022001010254002,12631,128
53,1,9022001010273001,-1797,79
53,1,9022001010280002,3057,96
53,1,9022001010282002,3387,97
53,1,9022001010284002,2315,99
53,1,9022001010289004,748,103
53,1,9022001010315001,-13444,90
53,1,9022001010383001,6999,110
53,1,9022001010385001,6414,114
53,1,9022001010387001,4443,118
53,1,9022001010389001,4700,122
53,1,9022001010581001,3969,94
53,1,9022001010591001,15001,128
53,1,9022001010593001,15817,128
53,1,9022001010599001,17221,128
53,1,9022001010611001,-22757,128
53,1,9022001011002014,-3330,126
530,0,9022001017460001,-155,1
530,0,9022001050668001,-331,1
530,0,9022001050672001,-457,1
530,0,9022001056404002,-293,1
530,0,9022001056821002,-382,1
531,0,9022001050909003,-225,8
531,0,9022001050910002,-114,10
531,0,9022001050911002,82,8
531,0,9022001050913001,-829,9
531,0,9022001050924002,-278,11
531,0,9022001050972002,-498,9
531,0,9022001051055002,79,8
531,0,9022001051133001,-32,1
531,0,9022001056013002,-696,9
531,0,9022001056701014,-839,9
531,1,9022001050909001,-691,7
531,1,9022001050911001,-967,7
531,1,9022001050913001,-1304,7
531,1,9022001050924001,-256,7
531,1,9022001050972001,-412,7
531,1,9022001051055003,-899,7
531,1,9022001056013001,-144,7
531,1,9022001056701003,-5323,13
532,0,9022001050664001,-447,3
532,0,9022001050990001,-314,3
532,0,9022001050993002,-266,3
532,0,9022001051019001,-8,1
532,0,9022001051020001,-289,3
532,0,9022001051022001,-182,3
532,0,9022001051024001,-138,3
532,0,9022001051026001,-120,3
532,0,9022001051028001,-97,3
532,0,9022001051030001,-16,3
532,0,9022001051032001,3,3
532,0,9022001051034001,10,3
532,0,9022001051036001,19,3
532,0,9022001051038001,30,3
532,0,9022001051040001,-352,2
532,0,9022001051045002,-286,3
532,0,9022001051047002,-387,3
532,0,9022001056701014,-472,3
532,1,9022001050990002,164,1
532,1,9022001050993001,167,1
532,1,9022001051002002,176,1
532,1,9022001051004002,173,1
532,1,9022001051006001,175,1
532,1,9022001051008001,169,1
532,1,9022001051010002,161,1
532,1,9022001051019001,154,1
532,1,9022001051020002,178,1
532,1,9022001051022002,176,1
532,1,9022001051024002,182,1
532,1,9022001051026002,164,1
532,1,9022001051028002,175,1
532,1,9022001051030002,130,1
532,1,9022001051032002,85,1
532,1,9022001051034002,172,1
532,1,9022001051036002,182,1
532,1,9022001051038002,200,1
532,1,9022001051040001,-20,1
532,1,9022001051042001,170,1
532,1,9022001051042002,174,1
532,1,9022001051045001,189,1
532,1,9022001051047001,115,1
532,1,9022001055073001,5,1
532,1,9022001055075001,159,1
532,1,9022001056701004,-1115,2
533,0,9022001050666001,-9,1
533,0,9022001050668001,-40,1
533,0,9022001050864002,-17,1
533,0,9022001050866002,-29,1
533,0,9022001050870002,-69,1
533,0,9022001050875001,-20,1
533,0,9022001050980001,-57,1
533,0,9022001051273002,-52,1
533,0,9022001051284001,-69,1
533,0,9022001051294001,-37,1
533,0,9022001052994001,-1599,5
533,0,9022001056017002,-91,1
533,0,9022001056701014,-200,1
533,0,9022001056834002,-110,1
533,0,9022001056837002,-89,1
533,0,9022001056839002,-77,1
533,0,9022001056841001,-76,1
533,1,9022001050542001,-230,3
533,1,9022001050664002,-18,1
533,1,9022001050666002,18,1
533,1,9022001050668002,61,2
533,1,9022001050864001,-235,3
533,1,9022001050866001,-197,3
533,1,9022001050870001,-88,3
533,1,9022001050875002,-224,3
533,1,9022001050980002,286,3
533,1,9022001051273001,273,3
533,1,9022001051284002,98,3
533,1,9022001051294002,78,3
533,1,9022001052994007,-1291,3
533,1,9022001056017001,166,3
533,1,9022001056701010,-1550,4
533,1,9022001056834001,-9,3
533,1,9022001056837001,-1,3
533,1,9022001056839001,-36,3
533,1,9022001056841002,263,3
534,0,9022001050542002,-40,1
534,0,9022001050664001,49,2
534,0,9022001050666001,10,2
534,0,9022001050668001,0,2
534,0,9022001050864002,-78,2
534,0,9022001050875001,-62,1
534,0,9022001050968003,-89,1
534,0,9022001051000001,-120,1
534,0,9022001051283001,-133,1
534,0,9022001051284001,-82,1
534,0,9022001051286001,-92,1
534,0,9022001051288001,-97,1
534,0,9022001051290001,-94,1
534,0,9022001051292001,-97,1
534,0,9022001051294001,-46,1
534,0,9022001051298001,-114,1
534,0,9022001051664002,-104,1
534,0,9022001051684002,-87,1
534,0,9022001052320002,-76,1
534,0,9022001052994001,-1264,4
534,0,9022001056701014,-480,2
534,1,9022001050542001,-144,1
534,1,9022001050664002,20,1
534,1,9022001050666002,37,1
534,1,9022001050668002,36,1
534,1,9022001050864001,-105,1
534,1,9022001050875002,-105,1
534,1,9022001050968002,4,1
534,1,9022001051000002,-144,1
534,1,9022001051284002,-94,1
534,1,9022001051286002,3,1
534,1,9022001051288002,-10,1
534,1,9022001051290002,-31,1
534,1,9022001051292002,-40,1
534,1,9022001051294002,-101,1
534,1,9022001051298002,-27,1
534,1,9022001051664001,-60,1
534,1,9022001051684001,-93,1
534,1,9022001052320001,-92,1
534,1,9022001052994007,-500,1
534,1,9022001056701010,-366,1
535,0,9022001056771002,-63,1
535,1,9022001050990001,124,2
535,1,9022001050990002,49,2
535,1,9022001050993002,115,2
535,1,9022001050997001,-66,2
535,1,9022001051002002,68,2
535,1,9022001051004002,68,2
535,1,9022001051006001,85,2
535,1,9022001051008001,81,2
535,1,9022001051010002,8,2
535,1,9022001051012001,-169,2
535,1,9022001051014001,-70,2
535,1,9022001051016001,-55,2
535,1,9022001051042001,162,2
535,1,9022001051042002,141,2
535,1,9022001051049001,-29,2
535,1,9022001055073001,179,2
535,1,9022001055075001,188,2
535,1,9022001056771001,-411,2
535,1,9022001056771002,-424,1
536,0,9022001050664001,464,8
536,0,9022001050666001,493,8
536,0,9022001050668001,486,8
536,0,9022001050874001,722,6
536,0,9022001050880003,-3188,8
536,0,9022001050976002,349,7
536,0,9022001050978002,407,7
536,0,9022001050984002,433,7
536,0,9022001050990002,-306,5
536,0,9022001050995001,435,7
536,0,9022001050997001,676,5
536,0,9022001051000002,603,6
536,0,9022001051012001,573,5
536,0,9022001051014001,583,5
536,0,9022001051016001,617,5
536,0,9022001051049001,519,5
536,0,9022001051281002,659,7
536,0,9022001051296001,587,5
536,0,9022001051300001,564,5
536,0,9022001056404001,495,5
536,0,9022001056701007,-208,5
536,0,9022001056701014,-462,3
536,1,9022001050664002,-77,13
536,1,9022001050666002,295,13
536,1,9022001050874002,1,8
536,1,9022001050880001,-1675,8
536,1,9022001050976001,517,14
536,1,9022001050977001,576,14
536,1,9022001050978001,434,14
536,1,9022001050984001,326,14
536,1,9022001050990001,-99,6
536,1,9022001050993002,7,5
536,1,9022001050995002,398,14
536,1,9022001051281001,-28,14
536,1,9022001051283001,-1690,14
536,1,9022001051296002,-218,8
536,1,9022001051300002,-153,8
536,1,9022001056404002,-437,5
536,1,9022001056701012,-4358,14
537,0,9022001012191002,206,4
537,0,9022001012193002,282,4
537,0,9022001012195002,101,3
537,0,9022001050520002,-103,5
537,0,9022001050522002,-400,5
537,0,9022001050524002,40,5
537,0,9022001050538002,-289,5
537,0,9022001050540002,-242,5
537,0,9022001050542002,-355,5
537,0,9022001050560002,-183,5
537,0,9022001050563002,-49,4
537,0,9022001050565002,281,4
537,0,9022001050567002,251,4
537,0,9022001050571001,48,3
537,0,9022001050579005,-1421,4
537,0,9022001050664001,371,6
537,0,9022001050666001,327,6
537,0,9022001050668001,307,6
537,0,9022001050864002,-323,5
537,0,9022001050866002,-183,5
537,0,9022001050870002,-334,5
537,0,9022001050872002,-310,5
537,0,9022001050875001,-248,5
537,0,9022001051273002,-263,6
537,0,9022001051275002,-517,6
537,0,9022001051284001,-345,5
537,0,9022001051286001,-451,6
537,0,9022001051288001,-369,6
537,0,9022001051290001,-175,6
537,0,9022001051292001,-443,5
537,0,9022001051294001,-299,5
537,0,9022001051296001,-267,5
537,0,9022001051300001,-289,5
537,0,9022001051482002,84,3
537,0,9022001052444001,122,5
537,0,9022001052586001,95,5
537,0,9022001055060002,83,3
537,0,9022001055062002,-29,3
537,0,9022001056701014,-1548,6
537,1,9022001012191001,272,6
537,1,9022001012193003,258,6
537,1,9022001012195001,-163,2
537,1,9022001012197001,-130,2
537,1,9022001050520001,256,5
537,1,9022001050522001,141,5
537,1,9022001050524001,156,5
537,1,9022001050538001,588,5
537,1,9022001050540001,562,5
537,1,9022001050542001,677,5
537,1,9022001050560001,-122,1
537,1,9022001050563001,-171,1
537,1,9022001050565001,-406,2
537,1,9022001050567001,-283,2
537,1,9022001050571002,-84,2
537,1,9022001050579001,-1099,5
537,1,9022001050597002,311,4
537,1,9022001050664002,-15,1
537,1,9022001050666002,-1,1
537,1,9022001050668002,11,1
537,1,9022001050864001,604,5
537,1,9022001050866001,-53,1
537,1,9022001050870001,-23,1
537,1,9022001050872001,-33,1
537,1,9022001050875002,585,5
537,1,9022001050995002,368,4
537,1,9022001051000002,519,4
537,1,9022001051273001,34,1
537,1,9022001051275001,46,1
537,1,9022001051284002,-41,1
537,1,9022001051286002,53,1
537,1,9022001051288002,44,1
537,1,9022001051290002,19,1
537,1,9022001051292002,17,1
537,1,9022001051294002,-46,1
537,1,9022001051296002,-57,1
537,1,9022001051298002,694,4
537,1,9022001051300002,-40,1
537,1,9022001051482001,-152,2
537,1,9022001051514001,456,4
537,1,9022001051664001,669,4
537,1,9022001051684001,678,4
537,1,9022001052320001,627,4
537,1,9022001052444002,167,5
537,1,9022001052450001,323,4
537,1,9022001055060001,-174,2
537,1,9022001055062001,-129,2
537,1,9022001056404001,358,4
537,1,9022001056683002,411,4
537,1,9022001056685002,367,4
537,1,9022001056687002,324,4
537,1,9022001056701008,-2941,6
537,1,9022001056730001,394,4
538H,0,9022001057452002,216,8
538H,0,9022001057454002,311,8
538H,0,9022001057456002,335,8
538H,0,9022001057458002,515,8
538H,0,9022001057460002,192,8
538H,0,9022001057462002,396,8
538H,0,9022001057464002,-3220,17
538H,0,9022001057466002,329,8
538H,0,9022001057468001,163,8
538V,1,9022001057452001,83,4
538V,1,9022001057454001,41,4
538V,1,9022001057456001,-19,4
538V,1,9022001057458001,-26,4
538V,1,9022001057460001,32,4
538V,1,9022001057462001,24,4
538V,1,9022001057464002,-742,9
538V,1,9022001057466001,52,4
538V,1,9022001057468002,172,4
539,0,9022001050670001,-40,3
539,0,9022001050672001,-58,3
539,0,9022001050674001,-88,3
539,0,9022001050932001,-14,3
539,0,9022001050934001,-35,3
539,0,9022001050936001,-41,3
539,0,9022001050938001,-49,3
539,0,9022001050964001,4,3
539,0,9022001050970001,71,3
539,0,9022001056013002,-201,3
539,0,9022001056701014,-661,3
539,0,9022001056821002,1,3
539,0,9022001056829002,-22,3
539,0,9022001056831002,39,3
539,0,9022001056851002,-751,3
539,1,9022001050668002,100,2
539,1,9022001050670002,124,2
539,1,9022001050672002,97,2
539,1,9022001050674002,81,2
539,1,9022001050932002,-56,2
539,1,9022001050934002,-43,2
539,1,9022001050936002,9,3
539,1,9022001050938002,-18,3
539,1,9022001050964002,-53,2
539,1,9022001050970002,24,2
539,1,9022001056013001,-15,2
539,1,9022001056701002,-3354,6
539,1,9022001056821001,133,2
539,1,9022001056829001,62,2
539,1,9022001056831001,20,2
539,1,9022001056851001,-616,3
54,0,9022001010369010,-11258,93
54,0,9022001010421001,-486,93
54,0,9022001010629002,-5236,93
54,0,9022001010645001,-2889,93
54,0,9022001010647001,-1204,93
54,0,9022001010649003,-4329,92
54,0,9022001010955001,-21750,92
54,0,9022001010960001,-11115,93
54,0,9022001010961002,-8775,93
54,1,9022001010369010,-1387,12
54,1,9022001010421002,-260,12
54,1,9022001010629001,683,12
54,1,9022001010645002,366,12
54,1,9022001010647002,395,12
54,1,9022001010649002,34,12
54,1,9022001010955002,-6243,80
54,1,9022001010957001,482,11
54,1,9022001010961001,276,11
540,0,9022001012418002,3347,125
540,0,9022001012530004,-10628,156
540,0,9022001050016001,14941,192
540,0,9022001050018001,10151,190
540,0,9022001050020001,-17163,188
540,0,9022001050254002,111,160
540,0,9022001050266001,-12621,172
540,0,9022001050313002,14514,151
540,0,9022001050317002,12049,154
540,0,9022001050353001,6680,195
540,0,9022001050355001,6135,195
540,0,9022001050357001,-778,195
540,0,9022001050359001,5710,195
540,0,9022001050536001,8859,189
540,0,9022001050741002,-3284,182
540,0,9022001050745002,2258,180
540,0,9022001050747002,1900,180
540,0,9022001051051002,2676,157
540,0,9022001051054001,13356,149
540,0,9022001051121002,-2948,176
540,0,9022001051496003,-2803,112
540,0,9022001051524002,3039,124
540,0,9022001051526002,804,125
540,0,9022001051528002,4888,126
540,0,9022001051530002,8329,129
540,0,9022001051532002,8312,139
540,0,9022001051554002,-12646,195
540,0,9022001051556002,-26609,195
540,1,9022001010511001,3266,38
540,1,9022001012418001,1630,117
540,1,9022001012530002,-2417,93
540,1,9022001050016002,2784,57
540,1,9022001050018003,560,58
540,1,9022001050020008,4423,63
540,1,9022001050254001,2499,85
540,1,9022001050313001,-4013,117
540,1,9022001050317001,-2017,115
540,1,9022001050353002,3865,55
540,1,9022001050355002,3247,55
540,1,9022001050357002,1200,55
540,1,9022001050359002,3127,52
540,1,9022001050383001,2751,43
540,1,9022001050741001,5212,73
540,1,9022001050745001,6021,84
540,1,9022001050747001,4530,82
540,1,9022001051051001,1206,87
540,1,9022001051054002,-3434,117
540,1,9022001051121001,3035,84
540,1,9022001051496001,-11056,117
540,1,9022001051524001,802,117
540,1,9022001051526001,3554,117
540,1,9022001051528001,305,117
540,1,9022001051530001,-1164,117
540,1,9022001051532001,-856,117
540,1,9022001051554001,3080,38
540,1,9022001051556001,-6165,114
541,0,9022001012301002,3684,217
541,0,9022001012481001,3716,46
541,0,9022001012589004,4391,56
541,0,9022001050091002,5377,59
541,0,9022001050117001,8194,71
541,0,9022001050119001,9502,73
541,0,9022001051413001,3648,50
541,0,9022001051416002,5929,60
541,0,9022001051418002,6206,65
541,0,9022001051425001,7782,87
541,0,9022001051426002,6543,89
541,0,9022001051428002,6227,91
541,0,9022001051430002,4075,91
541,0,9022001051432002,4104,95
541,0,9022001051434002,3705,99
541,0,9022001051436003,3723,104
541,0,9022001051442001,1867,127
541,0,9022001051444001,-1589,127
541,0,9022001051446001,-793,127
541,0,9022001051448001,-15,127
541,0,9022001051452001,1014,127
541,0,9022001051571001,15781,98
541,0,9022001051574002,2803,117
541,0,9022001051576002,602,122
541,0,9022001051578002,-1006,122
541,0,9022001051582002,-3551,128
541,0,9022001051586029,-11084,133
541,0,9022001051612002,5268,98
541,0,9022001055011001,11208,80
541,0,9022001055015001,13547,89
541,0,9022001055017001,14179,91
541,0,9022001055019001,14583,94
541,0,9022001055021001,13927,94
541,0,9022001055023001,14472,95
541,0,9022001055025001,15517,98
541,0,9022001055200003,-16943,126
541,1,9022001012301005,-20649,147
541,1,9022001012481002,9363,149
541,1,9022001012589003,9640,141
541,1,9022001050091001,8841,134
541,1,9022001050117002,4114,128
541,1,9022001050119002,14960,128
541,1,9022001051413002,9354,147
541,1,9022001051416001,8381,131
541,1,9022001051418001,7238,131
541,1,9022001051424001,11827,87
541,1,9022001051426001,10787,84
541,1,9022001051428001,10179,84
541,1,9022001051430001,9920,83
541,1,9022001051432001,9471,83
541,1,9022001051434001,9390,82
541,1,9022001051436001,8621,82
541,1,9022001051442002,3153,43
541,1,9022001051444002,3792,43
541,1,9022001051446002,4230,45
541,1,9022001051448002,4264,46
541,1,9022001051452002,4519,62
541,1,9022001051571002,10030,101
541,1,9022001051574001,8074,82
541,1,9022001051576001,8134,82
541,1,9022001051578001,8023,82
541,1,9022001051582001,3761,43
541,1,9022001051586026,-8027,185
541,1,9022001051612001,6949,106
541,1,9022001055011002,14082,126
541,1,9022001055015002,12594,118
541,1,9022001055017002,12191,114
541,1,9022001055019002,11994,114
541,1,9022001055021002,12486,111
541,1,9022001055023002,12473,107
541,1,9022001055025002,10798,103
541,1,9022001055200010,1711,72
542,0,9022001051586030,-5531,40
542,0,9022001051588001,2346,40
542,0,9022001051592001,-1438,40
542,0,9022001051594001,-1406,40
542,0,9022001051596001,-333,40
542,0,9022001051598001,6,40
542,0,9022001051600001,996,40
542,0,9022001051602001,2532,40
542,0,9022001051606001,3135,40
542,0,9022001051608001,-4688,113
542,0,9022001051635002,-1513,40
542,1,9022001051586024,-4099,100
542,1,9022001051588002,-5566,58
542,1,9022001051592002,476,48
542,1,9022001051594002,725,49
542,1,9022001051596002,48,49
542,1,9022001051598002,-549,49
542,1,9022001051600002,-1571,50
542,1,9022001051602002,-2763,55
542,1,9022001051606002,-3269,58
542,1,9022001051608003,-6731,57
542,1,9022001051635001,118,48
543,0,9022001012301005,-2162,14
543,0,9022001012481002,-421,13
543,0,9022001012589003,98,13
543,0,9022001050091001,469,13
543,0,9022001050117003,510,13
543,0,9022001051413002,-102,13
543,0,9022001051416001,594,13
543,0,9022001051418001,628,13
543,0,9022001051422001,46,11
543,0,9022001051442002,914,7
543,0,9022001051444002,1258,7
543,0,9022001051446003,-378,8
543,0,9022001051582001,-173,5
543,0,9022001051586016,-936,16
543,0,9022001051612002,195,11
543,0,9022001055180002,339,10
543,0,9022001055182002,708,10
543,0,9022001055184002,1050,10
543,0,9022001055186001,250,10
543,1,9022001012301002,140,17
543,1,9022001012481001,648,5
543,1,9022001012589004,639,5
543,1,9022001050091002,606,5
543,1,9022001050117004,1127,7
543,1,9022001051413001,583,5
543,1,9022001051416002,629,5
543,1,9022001051418002,644,5
543,1,9022001051422002,1472,8
543,1,9022001051442001,412,10
543,1,9022001051444001,192,10
543,1,9022001051446004,154,10
543,1,9022001051582002,26,10
543,1,9022001051586029,-1074,10
543,1,9022001051612001,1830,10
543,1,9022001055180001,373,10
543,1,9022001055182001,712,9
543,1,9022001055184001,618,10
543,1,9022001055186002,921,10
544,1,9022001051582002,-3525,88
544,1,9022001051586021,-17337,199
544,1,9022001051586029,-5462,91
544,1,9022001051592002,3712,63
544,1,9022001051635001,2176,58
544,1,9022001051692001,-1772,83
544,1,9022001051694001,827,83
544,1,9022001051696001,2122,83
544,1,9022001051697001,6022,69
544,1,9022001051698001,3235,80
544,1,9022001051699001,4940,69
544,1,9022001051700001,4932,74
544,1,9022001051703001,6071,70
545,0,9022001050670001,1,2
545,0,9022001050672001,-25,2
545,0,9022001050674001,-30,2
545,0,9022001050880003,-712,2
545,0,9022001050910002,21,2
545,0,9022001050915002,-40,2
545,0,9022001050917002,-27,2
545,0,9022001050924002,53,2
545,0,9022001050932001,-7,2
545,0,9022001050934001,-47,2
545,0,9022001050936001,-57,2
545,0,9022001050938001,-70,2
545,0,9022001050940001,-26,2
545,0,9022001050942001,-28,2
545,0,9022001050964001,6,2
545,0,9022001050972002,-20,2
545,0,9022001056013002,92,3
545,0,9022001056701014,-480,2
545,0,9022001056823001,-28,2
545,0,9022001056829002,2,2
545,0,9022001056831002,-1,2
545,1,9022001050670002,310,4
545,1,9022001050672002,253,4
545,1,9022001050674002,208,4
545,1,9022001050880002,-1017,4
545,1,9022001050915001,325,4
545,1,9022001050917001,282,4
545,1,9022001050924001,95,2
545,1,9022001050932002,-31,4
545,1,9022001050934002,12,4
545,1,9022001050936002,8,4
545,1,9022001050938002,12,4
545,1,9022001050940004,-151,4
545,1,9022001050942002,-212,4
545,1,9022001050964002,-73,4
545,1,9022001050972001,326,4
545,1,9022001056013001,37,2
545,1,9022001056701006,-653,2
545,1,9022001056823002,295,4
545,1,9022001056829001,164,4
545,1,9022001056831001,-17,4
546H,0,9022001051436002,180,3
546H,0,9022001051438002,157,3
546H,0,9022001051446004,416,21
546H,0,9022001051448002,60,21
546H,0,9022001051452002,-1203,20
546H,0,9022001051574001,167,3
546H,0,9022001051576001,179,3
546H,0,9022001051578001,191,3
546H,0,9022001051902002,293,4
546H,0,9022001055180002,165,3
546H,0,9022001055182002,170,3
546H,0,9022001055184002,170,3
546H,0,9022001055186001,-64,3
546H,0,9022001055200004,-251,36
546H,0,9022001055200011,-2382,21
546V,1,9022001051436003,131,13
546V,1,9022001051438001,143,13
546V,1,9022001051446003,-59,1
546V,1,9022001051448001,-49,1
546V,1,9022001051452001,-37,1
546V,1,9022001051574002,95,13
546V,1,9022001051576002,-17,13
546V,1,9022001051578002,-139,13
546V,1,9022001051902001,-129,1
546V,1,9022001055180001,32,2
546V,1,9022001055182001,-56,1
546V,1,9022001055184001,-71,1
546V,1,9022001055186002,-80,1
546V,1,9022001055200004,-115,23
546V,1,9022001055200011,-1037,13
547,0,9022001051584001,616,8
547,0,9022001051586030,-3335,17
547,0,9022001051588002,406,14
547,0,9022001051608004,-2174,54
547,0,9022001051614004,636,8
547,0,9022001051635002,-1204,17
547,0,9022001051711002,-233,15
547,0,9022001051712001,-1042,15
547,0,9022001051714001,-1009,15
547,0,9022001051716001,-803,15
547,0,9022001051718001,-600,15
547,0,9022001051720001,-913,15
547,0,9022001051722001,-737,15
547,0,9022001051726001,619,8
547,0,9022001051728001,150,6
547,0,9022001051813002,295,7
547,0,9022001051815002,213,7
547,0,9022001051817002,167,7
547,0,9022001055064001,28,13
547,0,9022001055765001,113,3
547,0,9022001055765002,-38,3
547,0,9022001055767001,60,3
547,0,9022001055767002,-180,3
547,1,9022001051584002,784,41
547,1,9022001051586025,-5765,84
547,1,9022001051588001,6348,38
547,1,9022001051608003,-4323,44
547,1,9022001051614003,1351,41
547,1,9022001051635001,2973,34
547,1,9022001051711001,6421,38
547,1,9022001051712002,3825,35
547,1,9022001051714002,4029,35
547,1,9022001051716002,4526,35
547,1,9022001051718002,5505,36
547,1,9022001051720002,6462,37
547,1,9022001051722002,6593,38
547,1,9022001051726002,2736,41
547,1,9022001051728002,-33,43
547,1,9022001051813001,592,41
547,1,9022001051815001,149,42
547,1,9022001051817001,-67,43
547,1,9022001055064002,3854,38
547,1,9022001055765001,367,1
547,1,9022001055765002,327,1
547,1,9022001055767001,275,1
547,1,9022001055767002,232,1
548,0,9022001051584001,1061,23
548,0,9022001051608003,-2160,26
548,0,9022001051610001,943,24
548,0,9022001051614004,924,23
548,0,9022001051616003,2177,22
548,0,9022001051618001,1081,13
548,0,9022001051620001,1209,12
548,0,9022001051622001,-4863,63
548,0,9022001051624001,166,2
548,0,9022001051626001,156,2
548,0,9022001051628001,166,2
548,0,9022001051630001,-6,5
548,0,9022001051631002,1749,23
548,0,9022001055032001,1707,19
548,0,9022001055033001,1577,15
548,0,9022001055033002,2412,22
548,0,9022001055035001,1187,13
548,0,9022001055035002,2370,22
548,0,9022001055739002,578,24
548,1,9022001051584002,4778,45
548,1,9022001051608002,-6219,82
548,1,9022001051610003,64,33
548,1,9022001051614003,3172,40
548,1,9022001051616002,6979,53
548,1,9022001051618002,2214,53
548,1,9022001051620002,-2198,53
548,1,9022001051622001,-6256,53
548,1,9022001051624002,169,10
548,1,9022001051626002,51,10
548,1,9022001051628002,-154,10
548,1,9022001051630001,-545,10
548,1,9022001051631001,5564,48
548,1,9022001051633001,-770,33
548,1,9022001051726002,2159,36
548,1,9022001055032001,7946,53
548,1,9022001055033001,9393,53
548,1,9022001055033002,5867,53
548,1,9022001055035001,7099,53
548,1,9022001055035002,3105,53
548,1,9022001055739001,926,34
55,0,9022001010132001,1047,89
55,0,9022001010137002,1713,89
55,0,9022001010152001,-9095,92
55,0,9022001010250002,385,105
55,0,9022001010254002,5371,108
55,0,9022001010591001,7382,109
55,0,9022001010593001,7570,109
55,0,9022001010595001,5218,109
55,0,9022001010596002,6194,109
55,0,9022001010598002,8485,109
55,0,9022001010605001,7285,109
55,0,9022001010609001,9040,109
55,0,9022001010611001,-13837,109
55,0,9022001010701002,232,101
55,0,9022001010703002,-1755,101
55,0,9022001010705002,231,101
55,0,9022001010707002,2152,101
55,0,9022001010763002,1229,101
55,0,9022001010771002,3893,98
55,0,9022001010777002,3289,94
55,0,9022001010949001,-1058,27
55,0,9022001010985001,120,27
55,0,9022001010987001,32,27
55,0,9022001011002014,-5335,103
55,0,9022001040804001,-2956,27
55,1,9022001010132002,-11169,105
55,1,9022001010137001,-5305,105
55,1,9022001010152002,-19514,105
55,1,9022001010250001,4492,97
55,1,9022001010254003,269,97
55,1,9022001010591005,-1889,97
55,1,9022001010592001,-50,97
55,1,9022001010595002,5745,97
55,1,9022001010596001,2066,97
55,1,9022001010598001,136,95
55,1,9022001010605002,1552,97
55,1,9022001010609002,-667,94
55,1,9022001010611002,-7229,104
55,1,9022001010701001,1815,105
55,1,9022001010703001,4466,105
55,1,9022001010705001,5160,105
55,1,9022001010707001,5802,105
55,1,9022001010763001,3318,105
55,1,9022001010771001,4439,105
55,1,9022001010777001,2102,105
55,1,9022001010949002,411,25
55,1,9022001010985002,496,25
55,1,9022001010987002,415,25
55,1,9022001011002009,-656,103
55,1,9022001040804001,-3295,18
550,0,9022001051452002,-3823,69
550,0,9022001051588001,347,10
550,0,9022001051594001,-411,13
550,0,9022001051596001,-142,13
550,0,9022001051598001,-45,12
550,0,9022001051600001,236,12
550,0,9022001051602001,517,11
550,0,9022001051606001,608,10
550,0,9022001051608001,-755,31
550,0,9022001051904002,-1023,13
550,0,9022001055051001,-663,13
550,0,9022001055085002,-1887,46
550,0,9022001055087001,-1014,50
550,0,9022001055138001,-6309,110
550,0,9022001055200011,-14254,69
550,0,9022001055215002,-2372,68
550,1,9022001051452001,2185,34
550,1,9022001051588002,-1708,13
550,1,9022001051594002,-848,13
550,1,9022001051596002,-976,13
550,1,9022001051598002,-1170,13
550,1,9022001051600002,-1518,13
550,1,9022001051602002,-2031,13
550,1,9022001051606002,-2118,13
550,1,9022001051608003,-3616,13
550,1,9022001051904001,-701,13
550,1,9022001055051002,-706,13
550,1,9022001055085001,916,39
550,1,9022001055087002,-709,37
550,1,9022001055138002,-2639,40
550,1,9022001055200001,12260,143
550,1,9022001055215001,1723,37
552H,1,9022001051446001,5451,56
552H,1,9022001051448001,5987,56
552H,1,9022001051586018,-5854,118
552H,1,9022001051586030,-14911,87
552H,1,9022001051592002,2317,56
552H,1,9022001051635001,2707,56
552H,1,9022001051736001,-1533,84
552H,1,9022001051738001,-114,81
552H,1,9022001051744001,636,79
552H,1,9022001051746001,189,77
552H,1,9022001051748001,392,67
552H,1,9022001051750001,492,59
552H,1,9022001051752001,1942,57
552H,1,9022001051755002,3069,57
552H,1,9022001051757002,6582,57
552H,1,9022001051827002,-4655,85
552H,1,9022001055051001,555,57
552H,1,9022001055085002,-2690,57
552H,1,9022001055087001,-1848,57
552H,1,9022001055138001,-2044,57
552H,1,9022001055139001,398,57
552H,1,9022001055141001,7,57
552H,1,9022001055215002,2914,56
552V,0,9022001051446002,-495,32
552V,0,9022001051448002,-16,34
552V,0,9022001051586028,-2342,93
552V,0,9022001051586030,-10639,52
552V,0,9022001051592001,-2271,52
552V,0,9022001051635002,-3745,52
552V,0,9022001051736002,180,14
552V,0,9022001051738002,216,14
552V,0,9022001051744002,403,14
552V,0,9022001051746002,618,14
552V,0,9022001051748002,824,14
552V,0,9022001051750002,854,14
552V,0,9022001051752002,960,14
552V,0,9022001051755001,-778,16
552V,0,9022001051757001,-1341,25
552V,0,9022001051827001,134,14
552V,0,9022001055051002,-808,52
552V,0,9022001055085001,3770,52
552V,0,9022001055087002,-958,52
552V,0,9022001055138002,2109,52
552V,0,9022001055139002,2309,52
552V,0,9022001055141002,3632,52
552V,0,9022001055215001,3086,41
553H,1,9022001051582001,1764,65
553H,1,9022001051582002,-2687,101
553H,1,9022001051586019,-11229,152
553H,1,9022001051586029,-15155,107
553H,1,9022001051732001,-1014,92
553H,1,9022001051734001,1872,89
553H,1,9022001051736001,2299,88
553H,1,9022001051738001,5655,87
553H,1,9022001051742001,4392,87
553H,1,9022001051744001,6124,87
553H,1,9022001051746001,4930,87
553H,1,9022001051752001,1591,68
553H,1,9022001051755002,9442,67
553H,1,9022001051757002,8894,67
553H,1,9022001051805001,2585,75
553H,1,9022001051806001,4313,71
553H,1,9022001051829002,1490,87
553H,1,9022001051831002,1999,86
553H,1,9022001051833002,3374,85
553H,1,9022001051835002,3631,81
553H,1,9022001051837002,5551,79
553V,0,9022001051440002,1624,74
553V,0,9022001051582001,-82,28
553V,0,9022001051582002,-2277,79
553V,0,9022001051586020,-11702,131
553V,0,9022001051586029,-10514,80
553V,0,9022001051732002,1622,31
553V,0,9022001051734002,1456,33
553V,0,9022001051736002,2072,33
553V,0,9022001051738002,1720,34
553V,0,9022001051742001,1020,40
553V,0,9022001051744002,6120,52
553V,0,9022001051746002,6114,56
553V,0,9022001051752002,4736,71
553V,0,9022001051755001,2373,72
553V,0,9022001051757001,-586,73
553V,0,9022001051805002,3686,69
553V,0,9022001051806002,5716,69
553V,0,9022001051829001,6095,63
553V,0,9022001051831001,6148,65
553V,0,9022001051833001,6210,68
553V,0,9022001051835001,6034,69
553V,0,9022001051837001,6434,69
555,0,9022001051302001,-100,2
555,0,9022001051333002,-3977,53
555,0,9022001051337002,-734,53
555,0,9022001051339002,-888,53
555,0,9022001051341002,175,53
555,0,9022001051343002,1014,53
555,0,9022001051347002,1396,47
555,0,9022001051349002,-3112,47
555,0,9022001051351002,-2839,48
555,0,9022001051353002,2116,14
555,0,9022001051355002,1737,10
555,0,9022001051357002,960,6
555,0,9022001051359002,253,4
555,0,9022001051369002,-510,39
555,0,9022001051382002,461,46
555,0,9022001051386001,134,3
555,0,9022001051389002,-73,2
555,0,9022001051638001,1738,46
555,0,9022001054009002,5971,57
555,0,9022001054012001,47,3
555,0,9022001054015001,-4543,39
555,0,9022001054022001,-3376,46
555,0,9022001054026001,413,45
555,0,9022001054026002,-4023,47
555,0,9022001054028001,26,45
555,0,9022001054028002,-3747,47
555,0,9022001054030001,-275,45
555,0,9022001054030002,-4187,47
555,0,9022001054032001,-6910,47
555,0,9022001084441002,116,1
555,0,9022001084443002,73,1
555,0,9022001084445001,-4448,40
555,1,9022001051302002,-3645,74
555,1,9022001051333001,493,9
555,1,9022001051333005,1989,29
555,1,9022001051337001,3406,38
555,1,9022001051339001,3630,38
555,1,9022001051341001,2455,38
555,1,9022001051343001,1369,38
555,1,9022001051347001,513,38
555,1,9022001051349001,-763,72
555,1,9022001051351001,-2863,86
555,1,9022001051353001,-6497,87
555,1,9022001051355001,-8797,87
555,1,9022001051357001,-10964,87
555,1,9022001051359001,-15157,87
555,1,9022001051369001,2536,29
555,1,9022001051382001,-4785,87
555,1,9022001051386002,-13003,119
555,1,9022001051389001,-6834,75
555,1,9022001051638002,-191,38
555,1,9022001054009003,-2705,78
555,1,9022001054012002,-10801,88
555,1,9022001054015001,-6872,75
555,1,9022001054022001,-6312,87
555,1,9022001054026001,403,48
555,1,9022001054026002,675,38
555,1,9022001054028001,1012,45
555,1,9022001054028002,1295,38
555,1,9022001054030001,1258,43
555,1,9022001054030002,1973,38
555,1,9022001054032001,-2304,65
555,1,9022001084441001,-4953,51
555,1,9022001084443001,-4406,51
555,1,9022001084445001,-8090,51
556,0,9022001051302001,711,9
556,0,9022001051306001,709,9
556,0,9022001051308001,370,7
556,0,9022001051351002,-540,10
556,0,9022001051386001,1040,9
556,0,9022001051389002,779,9
556,0,9022001051393002,522,8
556,0,9022001051395002,352,7
556,0,9022001051396001,367,7
556,0,9022001051397002,460,6
556,0,9022001051399002,305,7
556,0,9022001051402001,-261,10
556,0,9022001054022003,428,10
556,0,9022001054024001,1078,10
556,1,9022001051302002,359,5
556,1,9022001051304001,370,9
556,1,9022001051304002,539,7
556,1,9022001051306002,164,9
556,1,9022001051308002,82,9
556,1,9022001051351001,-499,8
556,1,9022001051381001,529,6
556,1,9022001051381002,277,9
556,1,9022001051386002,149,5
556,1,9022001051389001,532,6
556,1,9022001051390001,587,9
556,1,9022001051390002,643,8
556,1,9022001051391001,620,7
556,1,9022001051391002,269,9
556,1,9022001051393001,146,9
556,1,9022001051395001,145,9
556,1,9022001051396002,83,9
556,1,9022001051397001,191,9
556,1,9022001051399001,188,9
556,1,9022001051402001,-721,9
556,1,9022001051405001,629,8
556,1,9022001051405002,585,9
556,1,9022001054022002,-280,5
556,1,9022001054024002,185,5
556,1,9022001054964001,512,8
556,1,9022001054964002,698,8
556,1,9022001055081001,115,8
557,0,9022001051317002,37,16
557,0,9022001051319002,-227,15
557,0,9022001051321002,-227,15
557,0,9022001051323002,-122,15
557,0,9022001051325002,-111,15
557,0,9022001051327001,-2504,19
557,0,9022001051333002,1409,17
557,0,9022001051361002,-335,15
557,0,9022001051369002,372,16
557,0,9022001051859002,-170,10
557,0,9022001051955002,17,10
557,0,9022001051957002,179,15
557,0,9022001054009002,-3351,17
557,0,9022001054839002,-418,11
557,0,9022001054841002,-317,11
557,0,9022001054843002,-377,11
557,0,9022001054845002,-498,11
557,0,9022001054847002,-574,11
557,0,9022001054849002,-847,11
557,0,9022001054851002,-934,10
557,0,9022001054853002,-866,10
557,0,9022001054855002,-425,10
557,0,9022001054857002,-301,10
557,0,9022001054861002,-135,10
557,0,9022001054863002,-154,10
557,0,9022001054865002,-61,10
557,0,9022001054867002,-90,10
557,0,9022001054869002,19,10
557,0,9022001054871002,188,10
557,0,9022001054874001,179,10
557,0,9022001054875002,184,10
557,0,9022001054877002,122,10
557,0,9022001054879002,51,10
557,0,9022001054881002,-54,10
557,0,9022001054885002,451,10
557,0,9022001054887002,785,10
557,0,9022001054955001,-56,10
557,0,9022001054961002,-1340,16
557,1,9022001051325001,-205,5
557,1,9022001051327001,-975,5
557,1,9022001051859001,1103,2
557,1,9022001051955001,948,2
557,1,9022001051957001,-403,5
557,1,9022001054009005,-2085,26
557,1,9022001054839001,132,1
557,1,9022001054841001,72,1
557,1,9022001054843001,88,1
557,1,9022001054845001,146,1
557,1,9022001054847001,161,1
557,1,9022001054849001,185,1
557,1,9022001054851001,155,1
557,1,9022001054853001,165,1
557,1,9022001054855001,145,1
557,1,9022001054857001,1104,2
557,1,9022001054861001,1131,2
557,1,9022001054863001,1138,2
557,1,9022001054865001,1099,2
557,1,9022001054867001,1118,2
557,1,9022001054869001,872,2
557,1,9022001054871001,904,2
557,1,9022001054875001,896,2
557,1,9022001054877001,929,2
557,1,9022001054879001,910,2
557,1,9022001054881001,945,2
557,1,9022001054885001,692,2
557,1,9022001054955002,901,2
557,1,9022001054961002,-160,6
558,0,9022001051317002,2471,27
558,0,9022001051319002,2184,22
558,0,9022001051325002,1228,19
558,0,9022001051327001,-1505,38
558,0,9022001051333002,2115,27
558,0,9022001051361004,2161,20
558,0,9022001051369002,2113,27
558,0,9022001051371002,1592,20
558,0,9022001051373002,1894,20
558,0,9022001051375002,1722,20
558,0,9022001051859002,-142,4
558,0,9022001051900001,2129,20
558,0,9022001051955002,-73,4
558,0,9022001051957002,1447,18
558,0,9022001054009002,459,30
558,0,9022001054381002,1547,20
558,0,9022001054385002,2223,20
558,0,9022001054839002,-66,4
558,0,9022001054841002,-38,4
558,0,9022001054843002,-50,4
558,0,9022001054845002,-102,4
558,0,9022001054847002,-158,4
558,0,9022001054849002,-258,4
558,0,9022001054851002,-276,4
558,0,9022001054853002,-280,4
558,0,9022001054855002,-168,4
558,0,9022001054857002,-156,4
558,0,9022001054861002,-136,4
558,0,9022001054863002,-156,4
558,0,9022001054865002,-125,4
558,0,9022001054867002,-105,4
558,0,9022001054869002,-134,4
558,0,9022001054871002,-82,4
558,0,9022001054874001,-64,4
558,0,9022001054875002,-68,4
558,0,9022001054877002,-70,4
558,0,9022001054879002,-80,4
558,0,9022001054881002,-112,4
558,0,9022001054885002,64,4
558,0,9022001054887002,206,4
558,0,9022001054955001,-150,4
558,0,9022001054961002,-106,7
558,1,9022001051317001,156,21
558,1,9022001051319001,74,21
558,1,9022001051325001,-1713,22
558,1,9022001051327001,-3768,22
558,1,9022001051333005,191,17
558,1,9022001051361003,-356,21
558,1,9022001051369001,356,21
558,1,9022001051371001,-2272,21
558,1,9022001051373001,-725,22
558,1,9022001051375001,-1008,22
558,1,9022001051859001,1588,7
558,1,9022001051900002,-3022,21
558,1,9022001051955001,1252,7
558,1,9022001051957001,-2440,22
558,1,9022001054009005,-2335,37
558,1,9022001054381001,-1465,22
558,1,9022001054385001,-784,21
558,1,9022001054855001,1012,4
558,1,9022001054857001,1534,7
558,1,9022001054861001,1662,7
558,1,9022001054863001,1695,7
558,1,9022001054865001,1740,7
558,1,9022001054867001,1760,7
558,1,9022001054869001,1035,7
558,1,9022001054871001,1065,7
558,1,9022001054875001,1155,7
558,1,9022001054877001,1177,7
558,1,9022001054879001,1217,7
558,1,9022001054881001,1244,7
558,1,9022001054885001,554,7
558,1,9022001054955002,1131,7
558,1,9022001054961002,-19,7
558X,0,9022001051317002,1621,6
558X,0,9022001051319002,1454,6
558X,0,9022001051361004,1030,6
558X,0,9022001051371002,85,4
558X,0,9022001051900001,648,4
558X,0,9022001054009002,880,6
558X,0,9022001054385002,750,4
558X,1,9022001051317001,-88,3
558X,1,9022001051319001,-72,3
558X,1,9022001051361003,30,3
558X,1,9022001051371001,115,3
558X,1,9022001051900002,275,3
558X,1,9022001054009005,-358,8
558X,1,9022001054385001,112,3
559,0,9022001051313002,8676,58
559,0,9022001051315002,6264,57
559,0,9022001051317002,2438,49
559,0,9022001051319002,1784,47
559,0,9022001051321002,2477,43
559,0,9022001051323002,3169,43
559,0,9022001051333002,8354,58
559,0,9022001051361002,1711,43
559,0,9022001051365002,8853,58
559,0,9022001051367002,3904,57
559,0,9022001051377002,2291,43
559,0,9022001051380001,-15031,166
559,0,9022001054009002,29414,68
559,1,9022001051313001,373,44
559,1,9022001051315001,587,46
559,1,9022001051317001,3181,46
559,1,9022001051319001,2566,46
559,1,9022001051321001,-316,46
559,1,9022001051323001,-829,46
559,1,9022001051333003,415,19
559,1,9022001051361001,537,46
559,1,9022001051365001,203,45
559,1,9022001051367001,1376,45
559,1,9022001051377001,-1306,47
559,1,9022001051380001,-4928,49
559,1,9022001054009004,-10313,170
56,0,9022001010001002,1283,80
56,0,9022001010002001,2824,80
56,0,9022001010002002,1857,80
56,0,9022001010006001,3384,80
56,0,9022001010008004,3048,80
56,0,9022001010266002,3011,80
56,0,9022001010369005,-6444,80
56,0,9022001010421002,-1428,80
56,0,9022001010428002,-3812,80
56,0,9022001010429003,-12480,80
56,0,9022001010449002,-1218,80
56,0,9022001010451002,-327,80
56,0,9022001010462001,-2982,80
56,0,9022001010645004,-1657,80
56,0,9022001010737001,-1894,85
56,1,9022001010001001,1871,34
56,1,9022001010002001,2601,34
56,1,9022001010002002,2045,34
56,1,9022001010006002,1223,34
56,1,9022001010008003,272,34
56,1,9022001010266001,1611,34
56,1,9022001010369006,-1504,34
56,1,9022001010421001,1339,34
56,1,9022001010428001,2339,34
56,1,9022001010429004,-1907,54
56,1,9022001010449001,604,34
56,1,9022001010451001,-1178,34
56,1,9022001010462002,1062,34
56,1,9022001010645003,233,34
56,1,9022001010737001,-5302,34
56,1,9022001010783001,-2128,34
560,0,9022001050538002,525,3
560,0,9022001050540002,614,2
560,0,9022001050542002,607,2
560,0,9022001050995001,727,2
560,0,9022001051586028,131,3
560,0,9022001051588002,663,2
560,0,9022001051592002,806,2
560,0,9022001051594002,856,2
560,0,9022001051596002,800,2
560,0,9022001051598002,767,2
560,0,9022001051600002,721,2
560,0,9022001051602002,621,2
560,0,9022001051606002,545,2
560,0,9022001051608004,476,2
560,0,9022001051635001,815,2
560,0,9022001051642002,1064,2
560,0,9022001051657001,970,2
560,0,9022001051659001,807,2
560,0,9022001051661001,720,2
560,0,9022001051667001,564,2
560,0,9022001051728001,633,2
560,0,9022001051813002,772,2
560,0,9022001051815002,637,2
560,0,9022001051817002,641,2
560,0,9022001052298001,569,2
560,0,9022001052994002,513,2
560,0,9022001055761002,981,2
560,0,9022001055769001,1087,2
560,0,9022001055775001,977,2
560,0,9022001056404002,796,2
560,0,9022001056683001,728,2
560,0,9022001056685001,749,2
560,0,9022001056687001,752,2
560,0,9022001056701014,212,2
560,0,9022001056730002,683,2
560,1,9022001050538001,20,1
560,1,9022001050540001,21,1
560,1,9022001051586030,-387,2
560,1,9022001051588001,-54,2
560,1,9022001051592001,-88,2
560,1,9022001051594001,-100,2
560,1,9022001051596001,-79,2
560,1,9022001051598001,-69,2
560,1,9022001051600001,-59,2
560,1,9022001051602001,-31,2
560,1,9022001051606001,-36,2
560,1,9022001051608001,-421,2
560,1,9022001051635002,-40,2
560,1,9022001051642001,-182,1
560,1,9022001051657002,-142,1
560,1,9022001051659002,-57,1
560,1,9022001051661002,-14,1
560,1,9022001051667002,52,1
560,1,9022001051728002,-189,2
560,1,9022001051813001,-226,2
560,1,9022001051815001,-213,2
560,1,9022001051817001,-203,2
560,1,9022001055761001,-171,1
560,1,9022001055769002,-201,1
560,1,9022001055775002,-269,2
560,1,9022001056701006,-598,1
560X,0,9022001050990001,-396,6
560X,0,9022001050993002,214,6
560X,0,9022001051608004,-1025,3
560X,0,9022001051642002,1013,6
560X,0,9022001051657001,787,6
560X,0,9022001051728001,-173,3
560X,0,9022001051813002,363,6
560X,0,9022001051815002,219,6
560X,0,9022001051817002,-66,4
560X,0,9022001055761002,770,6
560X,0,9022001055769001,1032,6
560X,0,9022001055775001,622,6
560X,0,9022001056404002,124,6
560X,0,9022001056701014,-1549,6
560X,1,9022001050990002,-24,2
560X,1,9022001050993001,-26,2
560X,1,9022001051608001,-555,2
560X,1,9022001051642001,-398,2
560X,1,9022001051657002,-339,2
560X,1,9022001051728002,-181,2
560X,1,9022001051813001,-252,2
560X,1,9022001051815001,-217,2
560X,1,9022001051817001,-197,2
560X,1,9022001055761001,-354,2
560X,1,9022001055769002,-430,2
560X,1,9022001055775002,-321,2
560X,1,9022001056404001,8,2
560X,1,9022001056701007,-525,2
562,0,9022001050922002,-133,12
562,0,9022001050924002,392,12
562,0,9022001051002001,-324,12
562,0,9022001051004001,-380,12
562,0,9022001051006002,-337,13
562,0,9022001051008003,-277,13
562,0,9022001051042001,-194,13
562,0,9022001055075002,-4516,15
562,0,9022001056013002,527,12
562,0,9022001056521001,-737,12
562,0,9022001056523001,-516,12
562,0,9022001056701014,-1934,12
562,0,9022001056771003,-898,12
562,1,9022001050922001,-73,7
562,1,9022001050924001,-80,7
562,1,9022001051002002,-289,8
562,1,9022001051004002,-206,8
562,1,9022001051006001,-47,8
562,1,9022001051042002,65,8
562,1,9022001055075001,-1414,8
562,1,9022001056013001,-119,7
562,1,9022001056521002,68,7
562,1,9022001056523002,101,7
562,1,9022001056701001,-4387,10
562,1,9022001056771004,-604,8
564H,1,9022001051582001,2968,33
564H,1,9022001051586022,-5741,124
564H,1,9022001051586030,-10224,83
564H,1,9022001051732002,4369,36
564H,1,9022001051734002,3745,36
564H,1,9022001051736002,4034,38
564H,1,9022001051738002,3643,39
564H,1,9022001051744001,5976,56
564H,1,9022001051744002,3414,40
564H,1,9022001051746001,5900,56
564H,1,9022001051746002,3482,41
564H,1,9022001051748001,4936,52
564H,1,9022001051750001,4798,50
564H,1,9022001051752001,4483,45
564H,1,9022001051754002,3649,45
564H,1,9022001051755002,5179,45
564H,1,9022001051772001,5658,62
564H,1,9022001051775002,2990,76
564H,1,9022001051777002,7154,75
564H,1,9022001051779002,5952,74
564H,1,9022001051781002,5556,74
564H,1,9022001051783002,5189,71
564H,1,9022001051785002,5412,63
564H,1,9022001051787002,6038,59
564H,1,9022001051789002,5663,57
564H,1,9022001051791002,5818,57
564H,1,9022001051793002,4918,57
564H,1,9022001051799001,5773,45
564H,1,9022001051801001,6503,45
564H,1,9022001051803001,7226,45
564V,0,9022001051582002,4395,63
564V,0,9022001051586023,-6672,105
564V,0,9022001051586029,-7389,64
564V,0,9022001051732001,4255,61
564V,0,9022001051734001,5642,61
564V,0,9022001051736001,5681,61
564V,0,9022001051738001,7045,61
564V,0,9022001051744001,8049,59
564V,0,9022001051744002,6416,47
564V,0,9022001051746001,8519,58
564V,0,9022001051746002,6476,49
564V,0,9022001051748002,6755,50
564V,0,9022001051750002,6624,51
564V,0,9022001051752002,6718,51
564V,0,9022001051754003,6167,54
564V,0,9022001051772002,4235,25
564V,0,9022001051775001,1498,20
564V,0,9022001051777001,1870,20
564V,0,9022001051779001,2213,21
564V,0,9022001051781001,2777,22
564V,0,9022001051783001,3167,23
564V,0,9022001051785001,4025,24
564V,0,9022001051787001,5348,32
564V,0,9022001051789001,6838,41
564V,0,9022001051791001,7256,42
564V,0,9022001051793001,4564,45
564V,0,9022001051799002,7365,56
564V,0,9022001051801002,6548,54
564V,0,9022001051803002,6498,54
567,0,9022001050501002,-7190,50
567,0,9022001050565001,1815,47
567,0,9022001050567001,1411,47
567,0,9022001050585001,2080,47
567,0,9022001051462002,1061,47
567,0,9022001051464004,76,47
567,0,9022001051487001,1263,47
567,0,9022001051514002,-897,49
567,0,9022001051586018,-3399,62
567,0,9022001051592002,-1268,18
567,0,9022001051635001,-1238,18
567,0,9022001055051001,-1519,18
567,0,9022001055085002,615,29
567,0,9022001055087002,586,38
567,0,9022001055138001,-1326,21
567,0,9022001055139001,-1093,19
567,0,9022001055141001,-1158,19
567,0,9022001055162001,2054,45
567,0,9022001060731002,-3189,50
567,1,9022001050501007,-1738,67
567,1,9022001050565002,2439,42
567,1,9022001050567002,2573,42
567,1,9022001050585002,2596,42
567,1,9022001051462001,3757,42
567,1,9022001051464001,828,43
567,1,9022001051487002,3298,42
567,1,9022001051514001,3232,41
567,1,9022001051586030,-9237,63
567,1,9022001051592001,-919,49
567,1,9022001051635002,-1605,60
567,1,9022001055051002,419,49
567,1,9022001055085001,6453,45
567,1,9022001055087001,5722,45
567,1,9022001055138002,2406,46
567,1,9022001055139002,3011,47
567,1,9022001055141002,4502,47
567,1,9022001055162002,3992,45
567,1,9022001060731001,786,27
568,0,9022001050899001,36,5
568,0,9022001050901001,-2331,8
568,0,9022001050907001,-62,5
568,0,9022001050910002,-365,5
568,0,9022001050920002,-144,5
568,0,9022001050922002,-213,5
568,0,9022001050924002,-36,5
568,0,9022001050953001,-144,6
568,0,9022001056013002,-603,6
568,0,9022001056701014,-1440,6
568,1,9022001050899002,-521,8
568,1,9022001050901002,-1767,8
568,1,9022001050907002,-216,8
568,1,9022001050909001,193,3
568,1,9022001050909003,68,3
568,1,9022001050910001,189,8
568,1,9022001050910003,56,2
568,1,9022001050911001,219,3
568,1,9022001050911002,190,3
568,1,9022001050913001,257,3
568,1,9022001050915002,172,3
568,1,9022001050917002,56,2
568,1,9022001050920001,257,7
568,1,9022001050922001,162,8
568,1,9022001050924001,66,6
568,1,9022001050953002,-145,8
568,1,9022001051055002,163,3
568,1,9022001051055003,200,3
568,1,9022001056013001,8,6
568,1,9022001056701001,-4169,10
57,0,9022001010040002,12454,133
57,0,9022001010122001,1311,118
57,0,9022001010133002,8980,96
57,0,9022001010144001,8789,98
57,0,9022001010205003,11633,129
57,0,9022001010261002,1983,94
57,0,9022001010263002,8316,95
57,0,9022001010298003,15110,127
57,0,9022001010401001,5102,94
57,0,9022001010414001,5095,120
57,0,9022001010527002,3974,92
57,0,9022001010691002,-20032,150
57,0,9022001010692001,-28524,150
57,0,9022001010694001,-24209,150
57,0,9022001010695002,4825,150
57,0,9022001010697001,-43520,150
57,0,9022001010701002,7670,111
57,0,9022001010703002,5080,109
57,0,9022001010705002,6759,106
57,0,9022001010707002,8067,104
57,0,9022001010714001,13224,150
57,0,9022001010723002,8938,149
57,0,9022001010763002,6650,103
57,0,9022001010765002,9515,100
57,0,9022001010877001,2096,83
57,0,9022001010878001,3392,90
57,0,9022001010881001,917,79
57,0,9022001010882001,2124,80
57,0,9022001010887001,-3692,150
57,0,9022001010915001,8072,128
57,0,9022001010921001,13012,143
57,0,9022001010923001,13239,145
57,0,9022001010925001,12964,147
57,0,9022001010928003,5603,147
57,0,9022001010984001,-20020,109
57,0,9022001011002011,-1953,114
57,1,9022001010040001,6715,107
57,1,9022001010041002,6110,106
57,1,9022001010120002,11782,120
57,1,9022001010122002,10323,121
57,1,9022001010133001,20208,146
57,1,9022001010144002,15898,145
57,1,9022001010205002,8169,108
57,1,9022001010261003,18475,151
57,1,9022001010263001,19569,147
57,1,9022001010294003,11090,119
57,1,9022001010298004,5329,114
57,1,9022001010401002,21010,150
57,1,9022001010527001,14314,150
57,1,9022001010691001,5264,78
57,1,9022001010692002,3334,72
57,1,9022001010694002,4627,75
57,1,9022001010695001,5300,86
57,1,9022001010697001,-29742,103
57,1,9022001010699001,4280,74
57,1,9022001010701001,7577,130
57,1,9022001010703001,11834,133
57,1,9022001010705001,13178,135
57,1,9022001010707001,14540,137
57,1,9022001010714002,6693,93
57,1,9022001010723001,6464,86
57,1,9022001010763001,11463,139
57,1,9022001010765001,15269,141
57,1,9022001010877002,2336,151
57,1,9022001010878002,6605,151
57,1,9022001010881002,-14687,151
57,1,9022001010882002,-10848,151
57,1,9022001010887002,6303,83
57,1,9022001010915002,4041,108
57,1,9022001010923002,5241,104
57,1,9022001010925002,4467,102
57,1,9022001010928002,5969,101
57,1,9022001010984001,-28124,150
57,1,9022001011002009,737,126
570,0,9022001051950002,-685,12
570,0,9022001051983002,1535,16
570,0,9022001051987002,1485,15
570,0,9022001051989002,1444,15
570,0,9022001052005002,-489,12
570,0,9022001052007002,-369,12
570,0,9022001052009001,-572,13
570,0,9022001052009002,-448,12
570,0,9022001052011002,-776,13
570,0,9022001052013001,-702,12
570,0,9022001052014001,-316,12
570,0,9022001052016001,-263,11
570,0,9022001052018001,-11421,26
570,0,9022001057032007,-4273,17
570,0,9022001057428001,-2187,17
570,0,9022001057941002,743,12
570,0,9022001057960001,369,12
570,1,9022001051950001,-404,8
570,1,9022001051983001,48,7
570,1,9022001051987001,-100,7
570,1,9022001051989001,-221,7
570,1,9022001052005001,-56,8
570,1,9022001052007001,-84,8
570,1,9022001052009001,14,9
570,1,9022001052009002,706,12
570,1,9022001052011002,392,11
570,1,9022001052013001,416,11
570,1,9022001052014002,661,13
570,1,9022001052016002,505,13
570,1,9022001052018001,-2581,13
570,1,9022001057032002,-9007,19
570,1,9022001057428002,154,6
570,1,9022001057941001,-681,8
570,1,9022001057960002,-428,8
571,0,9022001052021002,194,7
571,0,9022001052023002,243,7
571,0,9022001052033002,287,7
571,0,9022001052049001,320,7
571,0,9022001052064002,59,7
571,0,9022001057032007,-1162,7
571,0,9022001057092001,31,4
571,0,9022001057099001,181,5
571,0,9022001057100002,-1475,6
571,1,9022001052021001,48,3
571,1,9022001052023001,68,3
571,1,9022001052033001,162,3
571,1,9022001052049002,6,3
571,1,9022001052064001,-41,3
571,1,9022001057032004,-3125,7
571,1,9022001057092002,207,3
571,1,9022001057099002,237,3
571,1,9022001057100002,11,5
571X,0,9022001052064002,205,3
571X,0,9022001057032007,-292,3
571X,0,9022001057094001,217,3
571X,0,9022001057096001,217,3
571X,0,9022001057099001,193,3
571X,0,9022001057100002,-732,4
571X,0,9022001057324002,250,3
571X,1,9022001052064001,46,3
571X,1,9022001057032004,-1646,4
571X,1,9022001057094002,106,3
571X,1,9022001057096002,130,3
571X,1,9022001057099002,178,3
571X,1,9022001057100002,-262,3
574,0,9022001051237001,-1599,4
574,0,9022001051239003,-106,3
574,0,9022001051241001,-154,3
574,0,9022001051243001,-473,3
574,0,9022001051263001,-108,3
574,0,9022001052113002,-254,3
574,0,9022001057032003,-869,4
574,0,9022001057494001,-381,3
574,0,9022001057515001,-52,2
574,0,9022001057519001,-50,2
574,0,9022001057521001,-32,2
574,0,9022001057523001,-30,2
574,0,9022001057525001,-28,2
574,0,9022001057527001,-20,2
574,0,9022001057529001,-1033,2
574,0,9022001057531001,-76,2
574,0,9022001057539001,-72,2
574,1,9022001051237001,-988,5
574,1,9022001051239002,-768,5
574,1,9022001051241002,-621,5
574,1,9022001051243002,-243,4
574,1,9022001051263001,-283,5
574,1,9022001052113001,-450,4
574,1,9022001057032003,-3501,7
574,1,9022001057494002,-360,4
574,1,9022001057515001,-431,5
574,1,9022001057519001,-745,5
574,1,9022001057521001,-453,5
574,1,9022001057523001,-733,5
574,1,9022001057525001,-1288,5
574,1,9022001057527001,-1461,5
574,1,9022001057529001,-2002,5
574,1,9022001057531003,-426,5
574,1,9022001057539001,-896,5
575,0,9022001051950002,-941,13
575,0,9022001051979002,-391,13
575,0,9022001051983002,-13,13
575,0,9022001051987002,739,13
575,0,9022001051989002,943,13
575,0,9022001051991002,856,13
575,0,9022001051993002,550,13
575,0,9022001051995002,407,14
575,0,9022001051997002,202,13
575,0,9022001051999002,25,13
575,0,9022001052001002,68,12
575,0,9022001052005002,-829,11
575,0,9022001052016001,-75,10
575,0,9022001052018001,-6574,13
575,0,9022001052072001,775,14
575,0,9022001052074001,468,14
575,0,9022001052076001,241,14
575,0,9022001052078001,245,14
575,0,9022001052130001,-676,13
575,0,9022001052131002,-739,11
575,0,9022001052132001,-878,11
575,0,9022001052134001,-902,11
575,0,9022001052136001,-792,11
575,0,9022001052138001,-850,11
575,0,9022001052140001,-767,10
575,0,9022001052144001,1156,14
575,0,9022001057032007,-4451,17
575,0,9022001057433002,1089,16
575,0,9022001057818001,-533,11
575,0,9022001057820001,-394,11
575,0,9022001057822001,-275,12
575,1,9022001051950001,-177,13
575,1,9022001051979001,-105,6
575,1,9022001051983001,-23,8
575,1,9022001051987001,-451,11
575,1,9022001051989001,-909,12
575,1,9022001051991003,-1082,13
575,1,9022001051993001,-658,13
575,1,9022001051995001,-290,13
575,1,9022001051997001,-108,13
575,1,9022001051999001,4,13
575,1,9022001052001001,-28,13
575,1,9022001052005001,532,13
575,1,9022001052016002,164,13
575,1,9022001052018001,-2285,13
575,1,9022001052072002,-278,9
575,1,9022001052074002,-194,7
575,1,9022001052076002,-236,8
575,1,9022001052078002,-356,8
575,1,9022001052130002,-514,8
575,1,9022001052131001,643,13
575,1,9022001052132002,743,13
575,1,9022001052134002,724,13
575,1,9022001052136002,610,13
575,1,9022001052138002,686,13
575,1,9022001052140002,711,13
575,1,9022001052144002,-233,7
575,1,9022001057032002,-9327,18
575,1,9022001057433001,-440,6
575,1,9022001057818002,454,13
575,1,9022001057820002,260,13
575,1,9022001057822002,216,13
575X,0,9022001051983002,68,1
575X,0,9022001052018001,-54,1
575X,0,9022001057032007,-223,1
575X,0,9022001057428001,-117,1
577,0,9022001050909001,176,1
577,0,9022001050924001,109,1
577,0,9022001050972001,139,1
577,0,9022001051055001,169,1
577,0,9022001051057001,146,1
577,0,9022001051059001,120,1
577,0,9022001051061001,98,1
577,0,9022001051065001,41,1
577,0,9022001051067001,31,1
577,0,9022001052144001,-79,2
577,0,9022001052185001,-90,1
577,0,9022001052187001,-130,1
577,0,9022001052189001,-167,2
577,0,9022001052259003,-108,1
577,0,9022001052281001,22,1
577,0,9022001052283001,-14,1
577,0,9022001052285001,-38,1
577,0,9022001052287001,-58,1
577,0,9022001052291001,-82,1
577,0,9022001052293001,60,1
577,0,9022001056013001,42,1
577,0,9022001056701010,-484,1
577,0,9022001057032007,-567,2
577,0,9022001057426002,-107,2
577,0,9022001057433002,-107,1
577,0,9022001057507001,-26,1
579,0,9022001051251002,26,6
579,0,9022001051909002,2019,8
579,0,9022001051950001,-779,6
579,0,9022001051973001,107,6
579,0,9022001051975001,194,6
579,0,9022001051977001,201,6
579,0,9022001051987001,317,6
579,0,9022001051991003,390,6
579,0,9022001052064002,-358,8
579,0,9022001054885002,2275,8
579,0,9022001054887002,2330,8
579,0,9022001054889002,2194,8
579,0,9022001054955001,2197,8
579,0,9022001054997001,2148,8
579,0,9022001055078002,2220,8
579,0,9022001055082001,2113,8
579,0,9022001057032002,-984,6
579,0,9022001057032007,-1239,5
579,0,9022001057301001,-382,10
579,0,9022001057313002,-337,8
579,0,9022001057318002,-31,8
579,0,9022001057320002,-151,8
579,0,9022001057322002,-153,8
579,0,9022001057324002,-201,8
579,0,9022001057331001,-4702,15
579,0,9022001057332002,-70,11
579,0,9022001057342001,-709,8
579,0,9022001057405001,-310,8
579,0,9022001057941002,-438,6
579,0,9022001057943002,-349,6
579,0,9022001057945002,-455,6
579,0,9022001057947002,-340,6
579,0,9022001057970001,-78,6
579,0,9022001057972001,73,6
579,0,9022001057975001,-2209,8
579,0,9022001057986001,131,6
579,0,9022001057988001,795,9
579,0,9022001057990001,1176,9
579,0,9022001057992001,1349,8
579,0,9022001057994001,1552,8
579,0,9022001057996001,1818,8
579,0,9022001068131001,1650,8
579,0,9022001068133001,1843,8
579,0,9022001068139001,26,8
579,0,9022001068141001,1963,8
579,1,9022001051251001,-409,7
579,1,9022001051909001,369,3
579,1,9022001051950002,-379,7
579,1,9022001051973002,-431,7
579,1,9022001051975002,-503,7
579,1,9022001051977002,-602,7
579,1,9022001051987002,18,7
579,1,9022001051991002,-226,7
579,1,9022001052064001,-1262,13
579,1,9022001054885001,378,3
579,1,9022001054887001,342,3
579,1,9022001054889001,352,3
579,1,9022001054955002,382,3
579,1,9022001054997002,644,3
579,1,9022001055078001,566,3
579,1,9022001055080001,641,3
579,1,9022001057032001,-5006,16
579,1,9022001057301001,-3480,15
579,1,9022001057313002,-3113,15
579,1,9022001057318001,-2929,13
579,1,9022001057320001,-1949,12
579,1,9022001057322001,-1170,11
579,1,9022001057324001,-857,12
579,1,9022001057329001,-3902,15
579,1,9022001057331002,-4851,15
579,1,9022001057332001,-4329,15
579,1,9022001057342001,-3935,15
579,1,9022001057405002,-2627,15
579,1,9022001057941001,598,6
579,1,9022001057943001,335,6
579,1,9022001057945001,568,6
579,1,9022001057947001,532,6
579,1,9022001057962002,405,6
579,1,9022001057970002,653,3
579,1,9022001057972002,591,3
579,1,9022001057975001,532,3
579,1,9022001057986002,574,3
579,1,9022001057988002,574,3
579,1,9022001057990001,473,3
579,1,9022001057992002,396,3
579,1,9022001057994002,390,3
579,1,9022001057996002,375,3
579,1,9022001068131002,321,2
579,1,9022001068133002,85,1
579,1,9022001068139001,-3216,6
579,1,9022001068141002,599,3
580,0,9022001052035002,977,10
580,0,9022001052037002,782,10
580,0,9022001052084001,265,10
580,0,9022001052093001,444,10
580,0,9022001052096002,128,10
580,0,9022001052100002,107,10
580,0,9022001052102002,185,10
580,0,9022001052104002,74,10
580,0,9022001052144001,1512,11
580,0,9022001056086002,-1825,13
580,0,9022001057025002,305,10
580,0,9022001057032007,-2660,12
580,0,9022001057426004,1118,10
580,0,9022001057433002,1325,11
580,1,9022001052035001,-140,10
580,1,9022001052037001,-290,10
580,1,9022001052084002,-194,7
580,1,9022001052093002,-254,10
580,1,9022001052096001,-390,10
580,1,9022001052100001,71,7
580,1,9022001052102001,-63,7
580,1,9022001052104001,144,7
580,1,9022001052144002,137,10
580,1,9022001056086001,-1885,9
580,1,9022001057025001,-260,8
580,1,9022001057032005,-7759,18
580,1,9022001057426003,26,10
580,1,9022001057433001,-278,10
581,0,9022001051245001,-33,9
581,0,9022001051247001,177,9
581,0,9022001051249001,352,9
581,0,9022001051251001,-59,9
581,0,9022001052098002,92,8
581,0,9022001052111001,42,9
581,0,9022001055069001,89,8
581,0,9022001055071001,-2210,10
581,0,9022001057032007,-1198,9
581,1,9022001051245002,446,10
581,1,9022001051247002,331,10
581,1,9022001051249002,224,10
581,1,9022001051251002,124,10
581,1,9022001052098001,34,10
581,1,9022001052111002,456,10
581,1,9022001055069002,170,10
581,1,9022001055071001,-1540,10
581,1,9022001057032006,-5055,11
582,0,9022001051053002,941,23
582,0,9022001052034001,440,23
582,0,9022001052036001,296,23
582,0,9022001052038001,522,23
582,0,9022001052040001,370,23
582,0,9022001052093002,92,3
582,0,9022001052144001,2136,24
582,0,9022001057027002,798,24
582,0,9022001057029002,-5985,26
582,0,9022001057032007,-4139,26
582,0,9022001057087001,344,23
582,0,9022001057426004,1738,24
582,0,9022001057433002,1964,24
582,1,9022001051053003,431,20
582,1,9022001052034002,671,21
582,1,9022001052036002,680,20
582,1,9022001052038002,886,20
582,1,9022001052040002,342,20
582,1,9022001052093002,310,3
582,1,9022001052144002,643,20
582,1,9022001057027001,-494,22
582,1,9022001057029001,-4766,22
582,1,9022001057032005,-11745,31
582,1,9022001057087002,1047,22
582,1,9022001057426003,531,20
582,1,9022001057433001,-151,20
583,1,9022001052064001,52,15
583,1,9022001052064002,-227,14
583,1,9022001057032001,-8589,20
583,1,9022001057032007,-5123,17
583,1,9022001057313002,-854,14
583,1,9022001057342001,-1524,14
584,0,9022001052144001,1060,12
584,0,9022001057032007,-2512,12
584,0,9022001057039002,320,10
584,0,9022001057041002,-986,10
584,0,9022001057060002,1009,12
584,0,9022001057062002,910,12
584,0,9022001057064002,925,11
584,0,9022001057066002,911,10
584,0,9022001057068002,512,8
584,0,9022001057426002,970,12
584,0,9022001057433002,872,12
584,1,9022001052144002,294,5
584,1,9022001057032006,-3644,10
584,1,9022001057039001,-1184,7
584,1,9022001057041001,-1266,7
584,1,9022001057060001,852,7
584,1,9022001057062001,884,7
584,1,9022001057064001,877,7
584,1,9022001057066001,654,7
584,1,9022001057068001,-1419,7
584,1,9022001057426001,387,5
584,1,9022001057433001,131,5
590,1,9022001051446002,-605,10
590,1,9022001051448002,-496,11
590,1,9022001051586027,-1747,13
590,1,9022001051586028,4384,26
590,1,9022001051592001,-313,13
590,1,9022001051635002,-593,13
590,1,9022001051736002,552,10
590,1,9022001051738002,515,10
590,1,9022001051744002,472,10
590,1,9022001051746002,542,10
590,1,9022001051748002,563,10
590,1,9022001051750002,535,10
590,1,9022001051752002,523,10
590,1,9022001051755001,-232,10
590,1,9022001051757001,-539,10
590,1,9022001051827001,699,10
590,1,9022001055051002,-232,13
590,1,9022001055085001,210,13
590,1,9022001055087002,-419,13
590,1,9022001055138002,184,13
590,1,9022001055215001,-231,13
591,0,9022001010019003,-190,21
591,0,9022001010363008,-948,20
591,0,9022001010759001,-1619,20
591,0,9022001010761003,-1480,20
591,0,9022001012023002,540,15
591,0,9022001012125002,644,15
591,0,9022001012129002,746,15
591,0,9022001012138010,515,15
591,0,9022001012293003,1387,15
591,0,9022001050005002,-1774,20
591,0,9022001050007002,-1360,20
591,0,9022001050010001,-627,19
591,0,9022001050012002,-33,19
591,0,9022001050013002,392,19
591,0,9022001050016001,-470,19
591,0,9022001050186002,206,19
591,0,9022001050264001,1309,18
591,0,9022001050270002,1058,18
591,0,9022001051155002,471,16
591,0,9022001051313002,529,4
591,0,9022001051315002,373,4
591,0,9022001051317002,169,4
591,0,9022001051319002,163,4
591,0,9022001051321002,128,4
591,0,9022001051323002,128,4
591,0,9022001051325002,105,4
591,0,9022001051327001,-223,4
591,0,9022001051333002,1229,7
591,0,9022001051337002,605,2
591,0,9022001051339002,596,2
591,0,9022001051341002,597,2
591,0,9022001051343002,608,2
591,0,9022001051347002,615,2
591,0,9022001051349002,558,2
591,0,9022001051351002,540,2
591,0,9022001051353002,515,2
591,0,9022001051355002,479,2
591,0,9022001051357002,467,2
591,0,9022001051359002,-190,7
591,0,9022001051361002,109,4
591,0,9022001051365002,483,4
591,0,9022001051367002,213,4
591,0,9022001051382002,534,2
591,0,9022001051436004,992,15
591,0,9022001051438001,871,15
591,0,9022001051440001,775,15
591,0,9022001051538002,779,19
591,0,9022001051582001,702,15
591,0,9022001051584001,1334,9
591,0,9022001051586027,-283,18
591,0,9022001051588001,1456,15
591,0,9022001051592001,491,15
591,0,9022001051594001,500,15
591,0,9022001051596001,708,15
591,0,9022001051598001,792,15
591,0,9022001051600001,1051,15
591,0,9022001051602001,1382,15
591,0,9022001051606001,1358,12
591,0,9022001051608001,-76,10
591,0,9022001051610001,1131,9
591,0,9022001051614001,1242,9
591,0,9022001051616003,1325,8
591,0,9022001051618001,1510,8
591,0,9022001051620001,1566,7
591,0,9022001051631002,1104,8
591,0,9022001051635002,494,15
591,0,9022001051638001,618,2
591,0,9022001051761001,1043,15
591,0,9022001051957002,147,4
591,0,9022001052301002,27,19
591,0,9022001054009004,736,7
591,0,9022001055001002,521,18
591,1,9022001010019004,4462,23
591,1,9022001010284001,754,7
591,1,9022001010363007,1150,7
591,1,9022001010759002,1609,7
591,1,9022001010761004,1496,7
591,1,9022001012023001,2003,14
591,1,9022001012125001,2222,14
591,1,9022001012129001,2768,15
591,1,9022001012138007,2642,16
591,1,9022001012293004,2848,17
591,1,9022001050005001,1880,7
591,1,9022001050007001,2156,8
591,1,9022001050010002,2085,8
591,1,9022001050012001,1823,8
591,1,9022001050013001,1995,10
591,1,9022001050016002,2785,14
591,1,9022001050186001,2573,14
591,1,9022001050264002,981,14
591,1,9022001050270001,781,14
591,1,9022001051155001,1473,14
591,1,9022001051313001,1171,9
591,1,9022001051315001,1322,9
591,1,9022001051317001,1635,9
591,1,9022001051319001,1528,9
591,1,9022001051321001,1267,9
591,1,9022001051323001,1170,9
591,1,9022001051325001,1131,9
591,1,9022001051327001,4,9
591,1,9022001051333001,906,5
591,1,9022001051333003,1192,9
591,1,9022001051337001,779,5
591,1,9022001051339001,782,5
591,1,9022001051341001,667,5
591,1,9022001051343001,586,5
591,1,9022001051347001,374,8
591,1,9022001051349001,253,7
591,1,9022001051351001,325,8
591,1,9022001051353001,474,8
591,1,9022001051355001,567,7
591,1,9022001051357001,558,8
591,1,9022001051359001,-118,8
591,1,9022001051361001,1378,9
591,1,9022001051365001,1144,9
591,1,9022001051367001,1434,9
591,1,9022001051382001,427,8
591,1,9022001051436002,3109,17
591,1,9022001051438002,3088,17
591,1,9022001051440002,2742,17
591,1,9022001051538001,857,14
591,1,9022001051582002,2754,18
591,1,9022001051584002,2439,17
591,1,9022001051586028,1196,14
591,1,9022001051586029,194,6
591,1,9022001051588002,643,18
591,1,9022001051592002,1952,15
591,1,9022001051594002,2275,18
591,1,9022001051596002,2146,18
591,1,9022001051598002,2035,18
591,1,9022001051600002,1737,18
591,1,9022001051602002,1384,18
591,1,9022001051606002,534,18
591,1,9022001051608002,593,18
591,1,9022001051610002,1628,17
591,1,9022001051614002,1984,17
591,1,9022001051616002,2686,17
591,1,9022001051618002,2784,17
591,1,9022001051620002,2778,17
591,1,9022001051631001,2551,17
591,1,9022001051633001,1346,17
591,1,9022001051635001,1944,15
591,1,9022001051638002,261,7
591,1,9022001051761002,2923,17
591,1,9022001051957001,929,9
591,1,9022001052301001,2690,14
591,1,9022001054009001,-124,8
591,1,9022001054009003,553,9
591,1,9022001055001001,728,14
592,0,9022001010019003,-3129,8
592,0,9022001010363008,-2197,8
592,0,9022001010759001,-2763,8
592,0,9022001010761003,-2656,8
592,0,9022001050005002,-3122,8
592,0,9022001050007002,-2957,8
592,0,9022001050010001,-2925,8
592,0,9022001050012002,-2893,8
592,0,9022001050013002,-2844,8
592,0,9022001050520001,228,8
592,0,9022001050522001,148,8
592,0,9022001050524001,141,8
592,0,9022001050538001,491,8
592,0,9022001050540001,414,8
592,0,9022001050542001,435,8
592,0,9022001050899001,1094,8
592,0,9022001050907001,1103,8
592,0,9022001050910002,991,8
592,0,9022001050924002,1376,8
592,0,9022001050953001,1077,8
592,0,9022001050970002,619,8
592,0,9022001050972002,1088,8
592,0,9022001050976001,774,8
592,0,9022001050977001,762,8
592,0,9022001050978001,766,8
592,0,9022001050984001,727,8
592,0,9022001050995002,761,8
592,0,9022001051281001,771,8
592,0,9022001052035002,139,1
592,0,9022001052171002,1183,8
592,0,9022001052173002,1230,7
592,0,9022001052175002,1229,7
592,0,9022001052177002,1117,7
592,0,9022001052179002,987,6
592,0,9022001052183002,643,4
592,0,9022001052185002,650,4
592,0,9022001052187002,468,2
592,0,9022001052189002,491,2
592,0,9022001052298002,562,8
592,0,9022001052336001,824,5
592,0,9022001052994003,42,8
592,0,9022001057032002,-1002,2
592,0,9022001057331001,-164,3
592,0,9022001057426001,152,1
592,1,9022001010019004,-694,5
592,1,9022001050520002,187,1
592,1,9022001050522002,61,1
592,1,9022001050524002,165,1
592,1,9022001050538002,54,1
592,1,9022001050540002,60,1
592,1,9022001050542002,233,3
592,1,9022001050899002,919,7
592,1,9022001050907002,993,7
592,1,9022001050910001,1065,7
592,1,9022001050924001,532,5
592,1,9022001050953002,996,7
592,1,9022001050970001,119,4
592,1,9022001050972001,757,6
592,1,9022001050976002,193,3
592,1,9022001050978002,206,3
592,1,9022001050984002,196,3
592,1,9022001050995001,185,3
592,1,9022001051053002,456,7
592,1,9022001051251001,-101,7
592,1,9022001051281002,166,3
592,1,9022001051973002,42,7
592,1,9022001051975002,123,7
592,1,9022001051977002,385,7
592,1,9022001052034001,424,7
592,1,9022001052035001,457,7
592,1,9022001052036001,393,7
592,1,9022001052037001,559,7
592,1,9022001052038001,422,7
592,1,9022001052040001,394,7
592,1,9022001052064001,290,4
592,1,9022001052072002,611,7
592,1,9022001052074002,698,7
592,1,9022001052076002,758,7
592,1,9022001052078002,382,7
592,1,9022001052093002,769,7
592,1,9022001052096001,122,7
592,1,9022001052130002,379,7
592,1,9022001052171001,846,7
592,1,9022001052173001,484,7
592,1,9022001052175001,468,7
592,1,9022001052177001,585,7
592,1,9022001052179001,584,7
592,1,9022001052183001,561,7
592,1,9022001052185001,526,7
592,1,9022001052187001,267,7
592,1,9022001052189001,159,7
592,1,9022001052298001,193,3
592,1,9022001052336002,593,7
592,1,9022001052994002,43,1
592,1,9022001057032001,-488,7
592,1,9022001057313002,-517,4
592,1,9022001057318001,-83,4
592,1,9022001057320001,85,4
592,1,9022001057322001,182,4
592,1,9022001057324001,197,4
592,1,9022001057329001,-148,4
592,1,9022001057331001,-1752,4
592,1,9022001057342001,-472,4
592,1,9022001057405002,-809,4
592,1,9022001057426002,263,7
592,1,9022001057426004,533,7
593,0,9022001010019004,-624,6
593,0,9022001010284001,386,4
593,0,9022001010363007,815,5
593,0,9022001010759002,1084,5
593,0,9022001010761004,979,5
593,0,9022001050010002,880,5
593,0,9022001050012001,724,5
593,0,9022001050013001,516,5
593,0,9022001057313002,-365,5
593,0,9022001057318002,16,4
593,0,9022001057320002,45,4
593,0,9022001057342001,-180,5
593,0,9022001068411001,-1650,6
593,0,9022001068411002,38,7
593,0,9022001068633002,-993,7
593,0,9022001068779002,-2036,6
593,1,9022001010019003,-1564,4
593,1,9022001010363008,-1380,4
593,1,9022001010759001,-1298,4
593,1,9022001010761003,-1323,4
593,1,9022001050005002,-1212,4
593,1,9022001050007002,-916,4
593,1,9022001050010001,-688,4
593,1,9022001050012002,-366,4
593,1,9022001050013002,-308,4
593,1,9022001057313002,-285,3
593,1,9022001057318001,-354,2
593,1,9022001057320001,-385,2
593,1,9022001057329001,-282,2
593,1,9022001057342001,-246,3
593,1,9022001068411001,-303,2
593,1,9022001068411002,211,2
593,1,9022001068633001,-104,2
593,1,9022001068779001,-2380,4
595,0,9022001010151004,-116,5
595,0,9022001010182001,-183,5
595,0,9022001010188005,-47,5
595,0,9022001010225003,-108,5
595,0,9022001010289004,-1805,5
595,0,9022001010363008,-631,5
595,0,9022001010549002,-75,5
595,0,9022001010553002,-189,5
595,0,9022001012346003,-423,7
595,0,9022001050005002,-127,5
595,0,9022001050007002,11,5
595,0,9022001050010001,82,5
595,0,9022001050146003,-76,5
595,0,9022001050148001,38,5
595,0,9022001050305001,135,5
595,0,9022001050307003,139,5
595,0,9022001050348002,4,5
595,0,9022001050350002,-2,5
595,0,9022001050403002,27,5
595,0,9022001050405002,46,5
595,0,9022001050407002,9,5
595,0,9022001050409002,193,5
595,0,9022001050435002,150,5
595,0,9022001050437002,152,5
595,1,9022001010151006,-111,1
595,1,9022001010182002,-53,1
595,1,9022001010188003,28,1
595,1,9022001010225002,50,1
595,1,9022001010284001,20,1
595,1,9022001010363007,-27,1
595,1,9022001010537003,-172,5
595,1,9022001010549001,47,1
595,1,9022001010553001,80,1
595,1,9022001012346002,-264,1
595,1,9022001050005001,92,1
595,1,9022001050007001,66,1
595,1,9022001050010002,53,1
595,1,9022001050146002,16,1
595,1,9022001050148003,48,1
595,1,9022001050305002,-165,1
595,1,9022001050307002,-137,1
595,1,9022001050348001,16,1
595,1,9022001050350001,19,1
595,1,9022001050403001,12,1
595,1,9022001050405001,11,1
595,1,9022001050407001,-10,1
595,1,9022001050409001,-20,1
595,1,9022001050435001,-54,1
595,1,9022001050437001,-96,1
598,0,9022001010019003,-705,5
598,0,9022001010346002,175,5
598,0,9022001010357001,191,5
598,0,9022001010359003,279,5
598,0,9022001010363008,245,5
598,0,9022001050007002,81,5
598,0,9022001050010001,161,5
598,0,9022001050012002,167,5
598,0,9022001050013002,217,5
598,0,9022001050501008,-81,7
598,0,9022001050502001,219,7
598,0,9022001050504001,407,7
598,0,9022001050506001,489,7
598,0,9022001050512001,906,7
598,0,9022001050514001,849,7
598,0,9022001050516001,994,7
598,0,9022001050520001,978,7
598,0,9022001050522001,956,7
598,0,9022001050532001,953,7
598,0,9022001050534001,917,7
598,0,9022001050538001,932,7
598,0,9022001050540001,928,7
598,0,9022001050542001,871,7
598,0,9022001050644001,641,5
598,0,9022001050646001,681,5
598,0,9022001050649002,688,5
598,0,9022001050664002,840,5
598,0,9022001050666002,888,5
598,0,9022001050668002,1487,6
598,0,9022001050670002,1617,6
598,0,9022001050672002,1606,6
598,0,9022001050674002,1574,6
598,0,9022001050800013,50,5
598,0,9022001050864001,910,7
598,0,9022001050866001,949,7
598,0,9022001050870001,1018,7
598,0,9022001050872001,975,7
598,0,9022001050875002,954,7
598,0,9022001050932002,1763,7
598,0,9022001050934002,1773,7
598,0,9022001050936002,1817,7
598,0,9022001050938002,1872,7
598,0,9022001050964002,1453,6
598,0,9022001051008001,562,4
598,0,9022001051010002,548,4
598,0,9022001051042002,583,3
598,0,9022001051284002,1792,7
598,0,9022001051294002,1768,7
598,0,9022001051296002,1823,7
598,0,9022001051300002,1863,7
598,0,9022001052322001,718,5
598,0,9022001052326001,661,5
598,0,9022001052330001,689,5
598,0,9022001052332001,700,5
598,0,9022001052340001,713,7
598,0,9022001052342001,810,7
598,0,9022001052372001,721,5
598,0,9022001052994003,703,7
598,0,9022001055075001,369,4
598,0,9022001056017001,1845,7
598,0,9022001056404002,445,4
598,0,9022001056408002,729,5
598,0,9022001056821001,1576,6
598,0,9022001056829001,1523,6
598,0,9022001056831001,1470,6
598,0,9022001060731001,663,5
598,1,9022001010019004,-392,9
598,1,9022001010284001,221,2
598,1,9022001010346001,466,2
598,1,9022001010357002,446,2
598,1,9022001010359004,418,2
598,1,9022001010363007,293,2
598,1,9022001050007001,1068,4
598,1,9022001050010002,1050,4
598,1,9022001050012001,939,4
598,1,9022001050013001,875,4
598,1,9022001050501013,1038,6
598,1,9022001050502002,1444,7
598,1,9022001050504002,1470,7
598,1,9022001050506002,1454,7
598,1,9022001050512002,1432,7
598,1,9022001050514002,1281,7
598,1,9022001050516002,1488,7
598,1,9022001050520002,1626,7
598,1,9022001050522002,1547,7
598,1,9022001050532002,1639,7
598,1,9022001050534002,1685,7
598,1,9022001050538002,1751,7
598,1,9022001050540002,1734,7
598,1,9022001050542002,1569,7
598,1,9022001050644002,1198,5
598,1,9022001050646002,1222,5
598,1,9022001050649001,1250,5
598,1,9022001050664001,691,9
598,1,9022001050666001,678,9
598,1,9022001050670001,894,9
598,1,9022001050672001,954,9
598,1,9022001050674001,1036,9
598,1,9022001050800007,780,3
598,1,9022001050864002,1648,7
598,1,9022001050866002,1658,7
598,1,9022001050870002,1660,7
598,1,9022001050872002,1462,7
598,1,9022001050875001,1667,7
598,1,9022001050932001,1275,8
598,1,9022001050934001,1238,8
598,1,9022001050936001,1278,8
598,1,9022001050938001,1276,8
598,1,9022001050964001,1459,9
598,1,9022001051008002,461,9
598,1,9022001051010001,470,9
598,1,9022001051042001,339,9
598,1,9022001051284001,1232,7
598,1,9022001051294001,1352,7
598,1,9022001051296001,1482,7
598,1,9022001051300001,1429,7
598,1,9022001052322002,571,4
598,1,9022001052326002,661,4
598,1,9022001052330002,1706,6
598,1,9022001052332002,1709,6
598,1,9022001052340002,1360,7
598,1,9022001052342002,1307,7
598,1,9022001052372002,522,4
598,1,9022001052994002,1350,7
598,1,9022001055075001,-963,9
598,1,9022001056017002,1087,7
598,1,9022001056404001,715,9
598,1,9022001056408001,742,9
598,1,9022001056821002,795,9
598,1,9022001056829002,1263,9
598,1,9022001056831002,1406,9
598,1,9022001060731002,1717,6
599,1,9022001010019004,-104,3
599,1,9022001010284001,118,2
599,1,9022001010363007,306,2
599,1,9022001010759002,751,3
599,1,9022001010761004,392,2
599,1,9022001050005001,1169,4
599,1,9022001050007001,1195,4
599,1,9022001050010002,1225,4
599,1,9022001050012001,1221,4
599,1,9022001050013001,1220,4
599,1,9022001050520002,406,4
599,1,9022001050522002,-92,4
599,1,9022001050524002,397,4
599,1,9022001050538002,-24,4
599,1,9022001050540002,-28,3
599,1,9022001050542002,119,4
599,1,9022001050664001,255,4
599,1,9022001050666001,189,4
599,1,9022001050668001,160,4
599,1,9022001050909001,-392,4
599,1,9022001050911001,-917,4
599,1,9022001050913001,-1452,4
599,1,9022001050924001,465,4
599,1,9022001050972001,178,4
599,1,9022001050976002,133,4
599,1,9022001050978002,133,4
599,1,9022001050984002,114,4
599,1,9022001050995001,81,4
599,1,9022001051055003,-718,4
599,1,9022001051281002,37,4
599,1,9022001052298001,67,4
599,1,9022001052994002,-90,4
599,1,9022001056013001,335,4
6,0,9022001010032002,-12756,166
6,0,9022001010151002,-91,85
6,0,9022001010179002,3930,86
6,0,9022001010183003,5318,86
6,0,9022001010188001,3203,84
6,0,9022001010191001,2158,77
6,0,9022001010192001,2778,75
6,0,9022001010194006,1637,72
6,0,9022001010199001,5260,72
6,0,9022001010346001,-13484,86
6,0,9022001010357002,998,86
6,0,9022001010359004,2486,86
6,0,9022001010695001,3082,52
6,0,9022001010714002,4059,66
6,0,9022001010723001,4582,63
6,0,9022001010885002,966,39
6,1,9022001010032010,-44968,179
6,1,9022001010151003,-6797,155
6,1,9022001010180002,6609,150
6,1,9022001010188002,3582,162
6,1,9022001010191002,5858,167
6,1,9022001010193001,6223,169
6,1,9022001010194004,2239,172
6,1,9022001010346002,-10227,157
6,1,9022001010357001,-577,139
6,1,9022001010359003,-610,143
6,1,9022001010695002,-24664,179
6,1,9022001010714001,-5606,179
6,1,9022001010723002,-21329,179
6,1,9022001010885001,-22575,179
601,0,9022001050366005,-1327,9
601,0,9022001060017005,-753,8
601,0,9022001060101001,-818,8
601,0,9022001060171002,-857,8
601,0,9022001060171004,18,2
601,0,9022001060173002,-741,8
601,0,9022001060173004,36,1
601,0,9022001060213001,-1339,11
601,0,9022001060215001,-1899,11
601,0,9022001060217002,-1055,11
601,0,9022001060219002,-916,10
601,0,9022001060223002,6,2
601,0,9022001060225002,89,2
601,0,9022001060227002,52,1
601,0,9022001060231002,-506,8
601,0,9022001060601002,-752,9
601,0,9022001060603002,-477,9
601,0,9022001060605002,-67,9
601,0,9022001060607002,30,9
601,0,9022001060609002,-145,9
601,0,9022001060611002,-170,9
601,0,9022001060613002,13,9
601,0,9022001060616001,-60,9
601,0,9022001060617002,-74,8
601,0,9022001060619002,-5,8
601,0,9022001060621002,-89,7
601,0,9022001060623002,-58,6
601,0,9022001060625002,31,6
601,0,9022001060643002,35,6
601,0,9022001060645001,-2742,9
601,0,9022001060651002,-569,9
601,0,9022001069019001,-913,9
601,1,9022001050366015,-564,4
601,1,9022001050379003,-98,5
601,1,9022001060017003,-449,4
601,1,9022001060101002,-311,4
601,1,9022001060171001,-223,4
601,1,9022001060173001,-306,4
601,1,9022001060213002,-31,4
601,1,9022001060215001,-1846,8
601,1,9022001060217001,-183,4
601,1,9022001060219001,-175,4
601,1,9022001060231001,-389,4
601,1,9022001060601001,-96,3
601,1,9022001060603001,-90,3
601,1,9022001060605001,-164,3
601,1,9022001060607001,-107,3
601,1,9022001060609001,6,4
601,1,9022001060611001,80,4
601,1,9022001060613001,-53,5
601,1,9022001060616002,-69,4
601,1,9022001060617001,73,5
601,1,9022001060619001,-204,5
601,1,9022001060621001,-384,5
601,1,9022001060623001,-630,5
601,1,9022001060625001,-781,5
601,1,9022001060643001,-862,5
601,1,9022001060645001,-957,5
601,1,9022001060651001,-93,3
601,1,9022001069019002,-93,3
602,0,9022001050366002,-548,3
602,0,9022001050379002,-109,2
602,0,9022001060017003,-300,3
602,0,9022001060101002,-275,3
602,0,9022001060203002,-168,3
602,0,9022001060205002,-111,3
602,0,9022001060207004,-40,3
602,0,9022001060239001,163,3
602,0,9022001060616002,152,2
602,0,9022001060617001,167,2
602,0,9022001060619003,198,3
602,0,9022001060631001,76,3
602,0,9022001060633001,137,3
602,0,9022001060635001,21,3
602,0,9022001060637001,-76,3
602,0,9022001060639001,-65,3
602,0,9022001060641001,-45,3
602,1,9022001050366007,-217,3
602,1,9022001050379001,-256,2
602,1,9022001060017005,88,2
602,1,9022001060101001,45,2
602,1,9022001060203001,185,2
602,1,9022001060205001,143,2
602,1,9022001060207003,200,2
602,1,9022001060239002,-124,2
602,1,9022001060616001,-263,2
602,1,9022001060617002,-277,2
602,1,9022001060619002,-232,2
602,1,9022001060631002,-51,2
602,1,9022001060633002,-28,2
602,1,9022001060635001,162,2
602,1,9022001060637002,109,2
602,1,9022001060639002,161,2
602,1,9022001060641002,201,2
604,0,9022001050366002,-1409,5
604,0,9022001060014001,-1020,5
604,0,9022001060105002,-307,4
604,0,9022001060107002,-269,4
604,0,9022001060109002,-10,4
604,0,9022001060111002,3,4
604,0,9022001060113002,137,4
604,0,9022001060115002,-69,4
604,0,9022001060117002,-41,4
604,0,9022001060403002,-72,4
604,0,9022001060405002,30,4
604,0,9022001060407002,48,4
604,0,9022001060409002,133,4
604,0,9022001060411002,120,4
604,0,9022001060425002,-88,4
604,0,9022001061011012,-172,4
604,0,9022001061503002,98,4
604,0,9022001061558001,-1,4
604,0,9022001061719002,235,4
604,0,9022001061721002,276,4
604,0,9022001061729001,178,4
604,0,9022001061743002,196,3
604,0,9022001061748001,-67,2
604,0,9022001061784002,134,4
604,0,9022001061788001,196,3
604,0,9022001061794002,202,3
604,1,9022001050366010,-578,2
604,1,9022001060107001,46,1
604,1,9022001060109001,50,1
604,1,9022001060111001,58,1
604,1,9022001060113001,57,1
604,1,9022001060115001,55,1
604,1,9022001060117001,37,1
604,1,9022001060403001,94,2
604,1,9022001060405001,24,3
604,1,9022001060407001,-1,3
604,1,9022001060409001,-33,3
604,1,9022001060411001,-70,3
604,1,9022001060425001,101,2
604,1,9022001061011011,-45,3
604,1,9022001061503001,-108,3
604,1,9022001061558002,-72,3
604,1,9022001061719001,-192,3
604,1,9022001061721001,-215,3
604,1,9022001061729002,-157,3
604,1,9022001061741004,-185,3
604,1,9022001061743001,-385,3
604,1,9022001061748001,-815,3
604,1,9022001061784001,-130,3
604,1,9022001061788002,-601,3
604,1,9022001061794001,-289,3
604X,0,9022001061748001,-223,1
604X,1,9022001050366009,315,1
604X,1,9022001060011001,637,2
604X,1,9022001060017005,920,2
604X,1,9022001060101001,840,2
604X,1,9022001061050002,529,2
604X,1,9022001061719001,639,2
604X,1,9022001061721001,689,2
604X,1,9022001061729002,604,2
604X,1,9022001061741004,633,2
604X,1,9022001061743001,487,2
604X,1,9022001061748001,165,2
604X,1,9022001061788002,323,2
604X,1,9022001061794001,657,2
605,0,9022001050366002,-177,1
605,0,9022001060014001,-158,1
605,0,9022001061543001,-212,1
605,1,9022001050366004,-284,1
605,1,9022001060017002,46,1
605,1,9022001060101001,26,1
605,1,9022001060413002,-85,2
605,1,9022001060415002,-61,2
605,1,9022001060417002,-98,2
605,1,9022001060419002,-103,2
605,1,9022001060421002,-126,2
605,1,9022001060423002,-117,2
605,1,9022001060501001,-192,2
605,1,9022001060503001,-300,2
605,1,9022001060505001,-407,2
605,1,9022001061001001,-122,2
605,1,9022001061011011,-75,2
605,1,9022001061503001,-99,2
605,1,9022001061507001,-149,2
605,1,9022001061514001,-657,2
605,1,9022001061543002,-779,2
605,1,9022001061545001,-181,2
605,1,9022001061549002,-573,2
605,1,9022001061551002,-497,2
605,1,9022001061555001,-159,2
605,1,9022001061556002,-155,2
605,1,9022001061558002,-105,2
606,0,9022001050366002,-556,4
606,0,9022001050367002,-298,4
606,0,9022001050369002,-242,4
606,0,9022001050371001,-184,4
606,0,9022001050373002,-18,4
606,0,9022001050375002,72,4
606,0,9022001050377002,82,4
606,0,9022001050379002,-260,3
606,0,9022001060017003,-346,4
606,0,9022001060101002,-272,4
606,0,9022001060616002,98,4
606,1,9022001050366007,-741,4
606,1,9022001050367001,228,3
606,1,9022001050369001,180,3
606,1,9022001050371001,115,4
606,1,9022001050373001,-57,4
606,1,9022001050375001,-206,4
606,1,9022001050377001,-411,5
606,1,9022001050379002,-624,5
606,1,9022001060017005,83,3
606,1,9022001060101001,-51,2
606,1,9022001060616001,-596,5
607,0,9022001050366002,-721,5
607,0,9022001050501004,-1356,5
607,0,9022001050502002,-9,4
607,0,9022001050504002,-21,4
607,0,9022001050506002,-90,4
607,0,9022001050510001,-280,4
607,0,9022001052340002,-182,4
607,0,9022001052342002,-230,4
607,0,9022001052344002,-301,4
607,0,9022001052346002,-2,4
607,0,9022001052347002,-36,4
607,0,9022001052348002,-232,4
607,0,9022001055010002,60,4
607,0,9022001060014001,-509,5
607,0,9022001060701002,-128,5
607,0,9022001060703002,-57,5
607,0,9022001060705002,25,5
607,0,9022001060707002,130,5
607,0,9022001060709002,175,5
607,0,9022001060711002,383,5
607,0,9022001060713002,394,5
607,0,9022001060715002,-370,4
607,0,9022001060717002,-286,4
607,0,9022001060719002,-173,4
607,0,9022001060721002,98,4
607,0,9022001060723002,182,4
607,1,9022001050366014,-1968,4
607,1,9022001050501004,-1067,5
607,1,9022001050502001,-821,5
607,1,9022001050504001,-655,5
607,1,9022001050506001,-597,5
607,1,9022001050510002,-155,5
607,1,9022001052340001,-416,5
607,1,9022001052342001,-337,5
607,1,9022001052344001,143,5
607,1,9022001052346001,104,5
607,1,9022001052347001,-150,5
607,1,9022001052348001,-114,5
607,1,9022001055010001,-117,5
607,1,9022001060017005,46,3
607,1,9022001060101001,-24,3
607,1,9022001060701001,30,3
607,1,9022001060703001,28,3
607,1,9022001060705001,-24,3
607,1,9022001060707001,-63,3
607,1,9022001060709001,-134,3
607,1,9022001060711001,-183,3
607,1,9022001060713001,-5,4
607,1,9022001060715001,-14,4
607,1,9022001060717001,172,4
607,1,9022001060719001,136,4
607,1,9022001060721001,-158,4
607,1,9022001060723001,-169,4
608,1,9022001060153001,-91,1
608,1,9022001060155001,-97,1
608,1,9022001060157005,-116,1
608,1,9022001060161001,-149,1
608,1,9022001060163001,-216,1
608,1,9022001060165001,-266,1
608,1,9022001060178002,-73,1
608,1,9022001061523001,-11,1
608,1,9022001061782002,-63,1
608,1,9022001062265002,-85,1
608,1,9022001062267001,-79,1
608,1,9022001062269001,-107,1
61,0,9022001010022002,-14905,70
61,0,9022001010036001,-5377,71
61,0,9022001010151006,-11,70
61,0,9022001010188002,2369,70
61,0,9022001010191002,924,71
61,0,9022001010193001,-981,71
61,0,9022001010262001,-5997,91
61,0,9022001010278001,6829,70
61,0,9022001010280001,6140,64
61,0,9022001010282001,5792,62
61,0,9022001010369007,2381,37
61,0,9022001010375001,4186,54
61,0,9022001010403002,-2838,71
61,0,9022001010421002,4135,34
61,0,9022001010433001,1724,19
61,0,9022001010435001,2221,20
61,0,9022001010437001,2114,21
61,0,9022001010439001,1867,21
61,0,9022001010445001,2302,21
61,0,9022001010447001,2633,26
61,0,9022001010464002,2945,31
61,0,9022001010466002,2918,29
61,0,9022001010521001,5239,46
61,0,9022001010524001,4008,48
61,0,9022001010529001,3905,53
61,0,9022001010557001,4544,57
61,0,9022001010583002,6212,59
61,0,9022001010601002,-771,71
61,0,9022001010645004,3316,31
61,1,9022001010022001,-7926,93
61,1,9022001010036002,392,10
61,1,9022001010151001,1415,41
61,1,9022001010188001,3439,38
61,1,9022001010191001,2697,33
61,1,9022001010192001,1618,26
61,1,9022001010262002,-15020,67
61,1,9022001010278002,4631,43
61,1,9022001010280002,4131,45
61,1,9022001010369010,115,64
61,1,9022001010377002,4453,49
61,1,9022001010403001,645,20
61,1,9022001010421001,5264,65
61,1,9022001010433002,-6917,67
61,1,9022001010435002,-2976,67
61,1,9022001010437002,2842,66
61,1,9022001010445002,9388,66
61,1,9022001010447002,8811,66
61,1,9022001010464001,8058,66
61,1,9022001010466001,9006,66
61,1,9022001010524002,4316,54
61,1,9022001010530001,4345,51
61,1,9022001010557002,4793,49
61,1,9022001010583001,4877,48
61,1,9022001010601001,837,22
61,1,9022001010645003,5451,66
61,1,9022001010902001,7059,66
610,0,9022001050366002,-453,2
610,0,9022001060011002,-29,2
610,0,9022001060014001,-433,2
610,0,9022001060135003,84,2
610,0,9022001060137002,92,2
610,0,9022001060139002,43,2
610,0,9022001060141002,40,2
610,0,9022001060143002,-74,1
610,0,9022001060145002,-59,1
610,0,9022001060147002,-54,1
610,0,9022001060149002,-62,1
610,0,9022001060151002,-78,1
610,0,9022001060153002,-72,1
610,0,9022001060155002,-57,1
610,0,9022001060157002,-84,1
610,0,9022001060161002,-39,1
610,0,9022001060163002,-24,1
610,0,9022001060165001,-93,1
610,0,9022001061001002,-14,2
610,0,9022001061003002,7,2
610,0,9022001061005002,5,2
610,0,9022001061050001,69,2
610,0,9022001061784001,47,2
610,0,9022001061790001,73,2
610,0,9022001061796001,113,2
610,1,9022001050366011,-2583,6
610,1,9022001060011001,-21,7
610,1,9022001060017002,481,5
610,1,9022001060101001,336,5
610,1,9022001060135001,55,7
610,1,9022001060137001,64,7
610,1,9022001060139001,23,7
610,1,9022001060141001,132,7
610,1,9022001060143001,57,7
610,1,9022001060145001,86,7
610,1,9022001060147001,-81,7
610,1,9022001060149001,-138,7
610,1,9022001060151001,-180,8
610,1,9022001060153001,-372,8
610,1,9022001060155001,-718,8
610,1,9022001060157003,-868,2
610,1,9022001060157005,-451,6
610,1,9022001060161001,-842,6
610,1,9022001060163001,-1127,7
610,1,9022001060165001,-1488,7
610,1,9022001061001001,-11,7
610,1,9022001061003001,205,7
610,1,9022001061005001,196,7
610,1,9022001061050002,-225,7
610,1,9022001061784002,38,7
610,1,9022001061790002,98,7
610,1,9022001061796002,50,7
611,0,9022001050366002,-1543,8
611,0,9022001060014001,-1012,8
611,0,9022001060105002,-197,8
611,0,9022001060107002,-262,8
611,0,9022001060109002,143,7
611,0,9022001060111002,148,7
611,0,9022001060113002,274,7
611,0,9022001060115002,-24,7
611,0,9022001060117002,74,7
611,0,9022001060119002,-196,5
611,0,9022001060121002,-246,5
611,0,9022001060123002,-181,5
611,0,9022001060125002,-114,5
611,0,9022001060127002,-83,5
611,0,9022001060129002,-56,5
611,0,9022001060131002,-44,5
611,0,9022001060133002,-69,5
611,0,9022001060135002,-43,5
611,0,9022001060137002,103,5
611,0,9022001060139002,50,5
611,0,9022001060141002,96,5
611,0,9022001060143002,-26,5
611,0,9022001061152001,8,4
611,0,9022001061154001,76,4
611,0,9022001061156001,16,4
611,0,9022001061158001,-1549,5
611,0,9022001061790001,37,5
611,0,9022001061796001,9,5
611,1,9022001050366010,-3817,11
611,1,9022001060017002,305,6
611,1,9022001060101001,61,5
611,1,9022001060105001,416,9
611,1,9022001060107001,495,9
611,1,9022001060109001,285,9
611,1,9022001060111001,379,9
611,1,9022001060113001,516,9
611,1,9022001060115001,529,9
611,1,9022001060117001,662,9
611,1,9022001060119001,533,9
611,1,9022001060121001,641,9
611,1,9022001060123001,643,9
611,1,9022001060125001,440,9
611,1,9022001060127001,394,9
611,1,9022001060129001,320,9
611,1,9022001060131001,260,9
611,1,9022001060133001,172,9
611,1,9022001060135001,266,7
611,1,9022001060135003,-237,2
611,1,9022001060137001,222,7
611,1,9022001060139001,143,7
611,1,9022001060141001,139,7
611,1,9022001060143001,104,7
611,1,9022001061152002,-342,7
611,1,9022001061154002,-933,7
611,1,9022001061156002,-1193,7
611,1,9022001061158001,-1599,8
611,1,9022001061790002,289,7
611,1,9022001061796002,281,7
612,0,9022001012191002,111,1
612,0,9022001012193002,83,1
612,0,9022001050579007,-190,1
612,0,9022001052375001,157,1
612,0,9022001060135003,95,1
612,0,9022001061060008,-105,1
612,0,9022001061498002,4,1
612,0,9022001061521003,-51,1
612,0,9022001061529002,-73,1
612,0,9022001061559001,-94,1
612,0,9022001061567001,-100,1
612,0,9022001061569001,-95,1
612,0,9022001061745002,-89,1
612,0,9022001061747001,-98,1
612,0,9022001061772001,-108,1
612,0,9022001061790004,23,1
612,0,9022001061796001,114,1
612,1,9022001012191001,-798,3
612,1,9022001012193001,-737,3
612,1,9022001050579001,-629,3
612,1,9022001052375002,-766,3
612,1,9022001060135001,14,2
612,1,9022001061060003,-968,2
612,1,9022001061498001,137,2
612,1,9022001061521002,75,1
612,1,9022001061529001,12,1
612,1,9022001061559002,87,1
612,1,9022001061567002,80,1
612,1,9022001061569002,67,1
612,1,9022001061745001,40,1
612,1,9022001061747002,58,1
612,1,9022001061772002,47,1
612,1,9022001061790003,-41,2
612,1,9022001061796002,12,2
613,1,9022001050366010,-1799,4
613,1,9022001060017002,158,2
613,1,9022001060101001,119,2
613,1,9022001060105001,75,2
613,1,9022001060107001,52,2
613,1,9022001060109001,-31,2
613,1,9022001060111001,-17,2
613,1,9022001060113001,2,2
613,1,9022001060115001,105,3
613,1,9022001060117001,145,3
613,1,9022001060119001,-42,3
613,1,9022001060121004,-85,3
613,1,9022001061303001,-485,3
613,1,9022001061703002,-218,3
614,1,9022001060411002,35,1
614,1,9022001061001002,-36,1
614,1,9022001061003002,-13,1
614,1,9022001061011001,-105,1
614,1,9022001061011006,-50,1
614,1,9022001061503002,-67,1
614,1,9022001061558001,-57,1
614,1,9022001061933002,29,1
614,1,9022001061935002,38,1
614,1,9022001061937002,40,1
615,0,9022001060121004,-124,2
615,0,9022001060407004,-144,2
615,0,9022001060409002,-130,2
615,0,9022001060411002,-128,2
615,0,9022001060501002,-184,2
615,0,9022001061001002,-282,2
615,0,9022001061003002,-201,2
615,0,9022001061011012,-355,2
615,0,9022001061060003,-661,2
615,0,9022001061303002,-340,2
615,0,9022001061503002,-251,2
615,0,9022001061511001,-146,2
615,0,9022001061514001,-136,2
615,0,9022001061517002,-140,2
615,0,9022001061521002,-117,2
615,0,9022001061529001,4,1
615,0,9022001061543002,-160,2
615,0,9022001061556001,-181,2
615,0,9022001061558001,-273,2
615,0,9022001061559002,-9,1
615,0,9022001061567002,-7,1
615,0,9022001061569002,5,1
615,0,9022001061703002,-197,2
615,0,9022001061707002,-76,2
615,0,9022001061709002,-64,2
615,0,9022001061711002,-85,2
615,0,9022001061713002,-91,2
615,0,9022001061745001,-4,1
615,0,9022001061747002,1,1
615,0,9022001061751001,-436,2
615,0,9022001061772002,-6,1
615,1,9022001060121003,3,2
615,1,9022001060407003,-100,2
615,1,9022001060409001,-95,2
615,1,9022001060411001,-135,2
615,1,9022001060501003,62,4
615,1,9022001061001001,-93,2
615,1,9022001061003001,-156,2
615,1,9022001061011011,-115,2
615,1,9022001061060008,-722,4
615,1,9022001061303003,33,2
615,1,9022001061503001,-131,2
615,1,9022001061514002,-124,2
615,1,9022001061517001,1,4
615,1,9022001061521003,-15,4
615,1,9022001061529002,-483,4
615,1,9022001061543001,-134,2
615,1,9022001061555001,-121,2
615,1,9022001061556002,-99,2
615,1,9022001061558002,-103,2
615,1,9022001061559001,-247,4
615,1,9022001061567001,-349,4
615,1,9022001061569001,-366,4
615,1,9022001061703001,-11,2
615,1,9022001061707001,14,2
615,1,9022001061709001,20,2
615,1,9022001061711001,-6,2
615,1,9022001061713001,-69,2
615,1,9022001061745002,-441,4
615,1,9022001061747001,-426,4
615,1,9022001061751001,-223,3
615,1,9022001061772001,-485,4
616,0,9022001060127002,-141,2
616,0,9022001060129002,-117,2
616,0,9022001060131002,-87,2
616,0,9022001060133002,-98,2
616,0,9022001060135002,-88,2
616,0,9022001060137002,-5,2
616,0,9022001060139002,10,2
616,0,9022001060141002,44,2
616,0,9022001060143002,33,2
616,0,9022001060411001,-66,3
616,0,9022001061011011,-63,3
616,0,9022001061152001,42,2
616,0,9022001061154001,76,2
616,0,9022001061156001,92,3
616,0,9022001061158001,-192,3
616,0,9022001061503001,-640,4
616,0,9022001061558002,-794,4
616,0,9022001061790001,-40,2
616,0,9022001061796001,-67,2
616,0,9022001061901001,-433,4
616,0,9022001061903001,-138,2
616,0,9022001061905001,62,3
616,0,9022001061907001,-13,3
616,0,9022001061909001,-42,3
616,0,9022001061951001,-81,2
616,0,9022001061951002,-46,2
616,1,9022001060127001,183,1
616,1,9022001060129001,178,1
616,1,9022001060131001,172,1
616,1,9022001060133001,164,1
616,1,9022001060135001,153,1
616,1,9022001060137001,88,1
616,1,9022001060139001,72,1
616,1,9022001060141001,22,1
616,1,9022001060143001,54,1
616,1,9022001060411002,283,3
616,1,9022001061011012,-72,3
616,1,9022001061152002,75,1
616,1,9022001061154002,43,1
616,1,9022001061156002,-34,2
616,1,9022001061158001,-44,2
616,1,9022001061503002,11,2
616,1,9022001061558001,-322,3
616,1,9022001061790002,136,1
616,1,9022001061796002,118,1
616,1,9022001061901001,152,1
616,1,9022001061903002,183,1
616,1,9022001061905002,193,1
616,1,9022001061907002,237,2
616,1,9022001061909002,261,2
616,1,9022001061951001,159,1
616,1,9022001061951002,163,1
620,1,9022001060020003,-577,1
620,1,9022001060050001,-726,3
620,1,9022001062001001,-28,1
620,1,9022001062003001,-80,2
620,1,9022001062005001,-124,2
620,1,9022001062007001,-146,2
620,1,9022001062009001,-135,2
620,1,9022001062011001,-127,2
620,1,9022001062013001,-155,2
620,1,9022001062015001,-141,2
620,1,9022001062017001,-140,2
620,1,9022001062019001,-154,2
620,1,9022001062021001,-217,2
620,1,9022001062023001,-44,2
620,1,9022001062025001,-148,2
620,1,9022001062027001,-90,2
620,1,9022001062029001,-148,2
620,1,9022001062031001,-28,2
620,1,9022001062033001,-26,2
620,1,9022001062035001,-30,2
620,1,9022001062037001,-57,2
620,1,9022001062039001,-53,2
620,1,9022001062041001,-51,2
620,1,9022001062043001,-88,2
620,1,9022001062045001,-102,2
620,1,9022001062047001,-85,2
620,1,9022001062049001,-99,2
620,1,9022001062051001,-12,2
620,1,9022001062053001,-2,2
620,1,9022001062055001,3,2
620,1,9022001062057001,-30,2
620,1,9022001062059001,-51,2
620,1,9022001062061001,-72,2
620,1,9022001062063001,-80,2
620,1,9022001062065001,-93,2
620,1,9022001062067001,-130,2
620,1,9022001062069001,-161,2
620,1,9022001062071001,-172,2
620,1,9022001062073001,-187,2
620,1,9022001062075001,-173,2
620,1,9022001062077001,-134,2
620,1,9022001062079001,-127,2
620,1,9022001062081001,-105,2
620,1,9022001062083001,-72,2
620,1,9022001062085001,-70,2
620,1,9022001062087001,-60,2
620,1,9022001062089001,-75,2
620,1,9022001062091001,-3,2
620,1,9022001062101001,81,1
620,1,9022001062103001,69,1
620,1,9022001062105001,68,1
620,1,9022001062107001,52,1
620,1,9022001062109001,23,1
620,1,9022001062111001,-6,1
620,1,9022001062113001,-29,1
620,1,9022001062115001,-61,1
620,1,9022001062117001,-108,1
620,1,9022001062131001,-19,2
620,1,9022001062133001,-37,2
620,1,9022001062135001,-171,2
620,1,9022001062169001,-59,2
620,1,9022001062171001,-34,2
620,1,9022001062173001,-43,2
620,1,9022001062175001,-51,2
620,1,9022001062177001,-48,2
620,1,9022001062179001,-34,2
620,1,9022001062181001,-27,2
620,1,9022001062183001,-71,2
620,1,9022001062185001,-76,2
620,1,9022001062187001,-176,2
620,1,9022001062189001,-203,2
620,1,9022001062191001,-202,2
620,1,9022001062193001,-228,2
620,1,9022001062195001,-227,2
620,1,9022001062313002,61,1
620,1,9022001062421002,85,1
620,1,9022001062423002,80,1
620,1,9022001062573001,-366,3
620,1,9022001063277001,-168,2
620,1,9022001064146001,-247,3
622,0,9022001060020001,-1896,9
622,0,9022001062201002,-31,7
622,0,9022001062203002,-37,7
622,0,9022001062205002,-9,7
622,0,9022001062207002,9,7
622,0,9022001062209002,92,7
622,0,9022001062211002,98,7
622,0,9022001062213002,152,7
622,0,9022001062226001,74,6
622,0,9022001062227002,115,7
622,0,9022001062228001,34,6
622,0,9022001062233001,-611,6
622,0,9022001062313001,-1429,9
622,0,9022001062425002,-1209,9
622,0,9022001062427002,-970,8
622,0,9022001062429002,-554,7
622,0,9022001062431002,-549,7
622,0,9022001062433002,-359,7
622,0,9022001062435002,-82,7
622,0,9022001062437002,-10,7
622,0,9022001062439002,-19,7
622,0,9022001062445002,-95,7
622,1,9022001060020004,-2827,10
622,1,9022001062201001,291,6
622,1,9022001062203001,316,6
622,1,9022001062205001,335,6
622,1,9022001062207001,274,6
622,1,9022001062209001,266,8
622,1,9022001062211001,276,8
622,1,9022001062213001,130,8
622,1,9022001062226002,-868,8
622,1,9022001062227001,-313,8
622,1,9022001062228002,-381,8
622,1,9022001062233001,-1496,8
622,1,9022001062313002,121,4
622,1,9022001062425001,93,4
622,1,9022001062427001,10,4
622,1,9022001062429001,-52,4
622,1,9022001062431001,-17,4
622,1,9022001062433001,77,5
622,1,9022001062435001,62,5
622,1,9022001062437001,168,5
622,1,9022001062439001,171,6
622,1,9022001062445001,-48,5
622X,0,9022001060020001,-239,2
622X,0,9022001062101002,-137,2
622X,0,9022001062103002,-108,2
622X,0,9022001062105002,-102,2
622X,0,9022001062219001,-104,2
622X,0,9022001062226001,-24,2
622X,0,9022001062227002,-16,2
622X,0,9022001062228001,-30,2
622X,0,9022001062233001,-370,3
622X,0,9022001062313001,-271,2
622X,0,9022001062324001,-186,2
622X,0,9022001062421001,-206,2
622X,0,9022001062423001,-237,2
622X,0,9022001066304001,-34,2
622X,1,9022001060020004,-598,1
622X,1,9022001062101001,54,1
622X,1,9022001062103001,43,1
622X,1,9022001062219002,251,2
622X,1,9022001062226002,-28,2
622X,1,9022001062227001,64,2
622X,1,9022001062228002,43,2
622X,1,9022001062233001,-162,2
622X,1,9022001062313002,43,1
622X,1,9022001062421002,59,1
622X,1,9022001062423002,55,1
622X,1,9022001066304002,163,2
623H,1,9022001060020001,-937,5
623H,1,9022001060020006,-2525,6
623H,1,9022001062301001,104,4
623H,1,9022001062303001,88,4
623H,1,9022001062305001,116,4
623H,1,9022001062307001,133,4
623H,1,9022001062309001,171,4
623H,1,9022001062311001,109,5
623H,1,9022001062313001,-870,5
623H,1,9022001062407001,94,5
623H,1,9022001062411001,62,5
623H,1,9022001062413001,-10,5
623H,1,9022001062415001,-57,5
623H,1,9022001062417001,-320,5
623H,1,9022001062419001,-448,5
623H,1,9022001062421001,-367,5
623H,1,9022001062423001,-576,5
623H,1,9022001081664001,254,5
623V,0,9022001060020001,-2022,9
623V,0,9022001060020006,-3059,11
623V,0,9022001062301002,-1604,9
623V,0,9022001062303002,-1485,9
623V,0,9022001062305002,-1490,10
623V,0,9022001062307002,-1234,9
623V,0,9022001062309002,-1039,9
623V,0,9022001062311002,-342,10
623V,0,9022001062313002,124,6
623V,0,9022001062407002,-406,9
623V,0,9022001062411002,-310,10
623V,0,9022001062413002,-90,8
623V,0,9022001062415002,-213,8
623V,0,9022001062417002,93,7
623V,0,9022001062419002,-8,6
623V,0,9022001062421002,-98,6
623V,0,9022001062423002,50,6
623V,0,9022001081664002,-822,9
624,0,9022001050366002,-176,2
624,0,9022001060011002,-74,2
624,0,9022001060014001,-168,2
624,0,9022001060020002,-190,1
624,0,9022001061060008,31,2
624,0,9022001062313002,23,1
624,0,9022001062403002,209,2
624,0,9022001062405002,239,2
624,0,9022001062407002,-17,1
624,0,9022001062411002,-14,1
624,0,9022001062413002,9,1
624,0,9022001062415002,4,1
624,0,9022001062417002,37,1
624,0,9022001062419002,27,1
624,0,9022001062421002,12,1
624,0,9022001062423002,25,1
624,1,9022001050366009,-3041,9
624,1,9022001060011001,151,2
624,1,9022001060020001,-775,6
624,1,9022001061060010,90,2
624,1,9022001062313001,-630,6
624,1,9022001062403001,-356,4
624,1,9022001062407001,208,5
624,1,9022001062411001,336,5
624,1,9022001062413001,100,5
624,1,9022001062415001,-34,5
624,1,9022001062417001,-28,5
624,1,9022001062419001,-221,6
624,1,9022001062421001,-201,6
624,1,9022001062423001,-357,6
627,0,9022001050501012,-758,2
627,1,9022001052344001,31,1
627,1,9022001060721001,10,1
627,1,9022001061011012,-2,1
627,1,9022001061503002,18,1
627,1,9022001061558001,79,2
627,1,9022001061749001,-403,3
628,1,9022001050366008,-146,2
628,1,9022001061060010,79,1
628,1,9022001062309003,82,2
628,1,9022001062311002,-16,1
628,1,9022001062403001,-49,1
628,1,9022001062425001,80,2
628,1,9022001062427001,44,2
628,1,9022001062429001,15,2
628,1,9022001062431001,-17,2
628,1,9022001062433001,-16,2
628,1,9022001062435001,-110,2
628,1,9022001062437001,-183,2
628,1,9022001062439001,-290,2
628,1,9022001062441001,-355,2
628,1,9022001062443001,-446,2
628,1,9022001062445001,-133,2
628,1,9022001062801001,-684,2
628,1,9022001062803001,-479,2
628,1,9022001081664002,5,1
629,0,9022001050366002,-688,4
629,0,9022001060011002,96,4
629,0,9022001060014001,-639,4
629,0,9022001061050001,295,4
629,0,9022001061060009,62,3
629,0,9022001061529002,54,2
629,0,9022001061567001,-368,3
629,0,9022001061569001,36,2
629,0,9022001061719002,112,4
629,0,9022001061721002,5,4
629,0,9022001061729001,181,4
629,0,9022001061745002,44,2
629,0,9022001061747001,27,2
629,0,9022001061772001,21,2
629,0,9022001061794002,-197,3
630,0,9022001060050001,-435,3
630,0,9022001062195001,-63,3
630,0,9022001062573001,-118,3
630,0,9022001063001002,-103,3
630,0,9022001063003002,-106,3
630,0,9022001063005002,-112,3
630,0,9022001063007002,-141,3
630,0,9022001063009002,-151,3
630,0,9022001063011002,-143,3
630,0,9022001063013002,-21,3
630,0,9022001063017002,-45,3
630,0,9022001063019002,-38,3
630,0,9022001063021002,-15,3
630,0,9022001063023002,57,3
630,0,9022001063025002,60,3
630,0,9022001063027002,165,3
630,0,9022001063029002,151,3
630,0,9022001063031002,180,3
630,0,9022001063033002,225,3
630,0,9022001063035002,254,3
630,0,9022001063037002,271,3
630,0,9022001063039002,270,3
630,0,9022001063041002,247,3
630,0,9022001063043002,245,3
630,0,9022001063045001,-123,3
630,0,9022001063058001,6,3
630,0,9022001063079002,-158,3
630,0,9022001064146001,4,3
630,1,9022001060050005,-382,3
630,1,9022001063003001,136,1
630,1,9022001063005001,174,1
630,1,9022001063007001,188,1
630,1,9022001063009001,408,2
630,1,9022001063011001,399,2
630,1,9022001063013001,310,2
630,1,9022001063017001,329,3
630,1,9022001063019001,389,3
630,1,9022001063021001,259,3
630,1,9022001063023001,182,3
630,1,9022001063025001,195,3
630,1,9022001063027001,11,3
630,1,9022001063029001,-84,3
630,1,9022001063031001,-143,3
630,1,9022001063033001,-201,3
630,1,9022001063035001,-271,3
630,1,9022001063037001,-301,3
630,1,9022001063039001,-309,3
630,1,9022001063041001,-318,3
630,1,9022001063043001,-286,3
630,1,9022001063045001,-214,3
630,1,9022001063058001,376,3
630,1,9022001063079001,395,2
633,0,9022001060020001,-2815,18
633,0,9022001062313001,-2060,18
633,0,9022001062425002,-1850,18
633,0,9022001062427002,-1195,18
633,0,9022001062429002,-116,18
633,0,9022001062431002,-323,17
633,0,9022001062433002,53,17
633,0,9022001062435002,384,17
633,0,9022001062437002,779,17
633,0,9022001062439002,820,17
633,0,9022001062441002,732,16
633,0,9022001062443002,852,16
633,0,9022001062445002,583,17
633,0,9022001062801002,-1107,15
633,0,9022001062803002,777,14
633,1,9022001060020005,-2287,15
633,1,9022001062313002,873,13
633,1,9022001062425001,822,13
633,1,9022001062427001,691,13
633,1,9022001062429001,568,13
633,1,9022001062431001,705,14
633,1,9022001062433001,1447,15
633,1,9022001062435001,1399,15
633,1,9022001062437001,1106,15
633,1,9022001062439001,413,15
633,1,9022001062441001,205,16
633,1,9022001062443001,-365,16
633,1,9022001062445001,1112,15
633,1,9022001062801001,-1370,16
633,1,9022001062803001,-822,16
634,0,9022001060050001,-355,2
634,0,9022001062181001,-106,2
634,0,9022001062183001,-47,2
634,0,9022001062185001,-65,2
634,0,9022001062187001,-111,2
634,0,9022001062189001,-114,2
634,0,9022001062191001,-130,2
634,0,9022001062193001,-132,2
634,0,9022001062195001,-128,2
634,0,9022001062573001,-133,2
634,0,9022001063215003,-55,2
634,0,9022001063401002,-467,2
634,0,9022001063403002,-372,2
634,0,9022001063405002,-180,2
634,0,9022001063407002,-85,2
634,0,9022001063409002,85,2
634,0,9022001063461001,-1198,2
634,0,9022001063501002,-114,2
634,0,9022001063503002,-99,2
634,0,9022001063505002,-86,2
634,0,9022001063507002,-73,2
634,0,9022001063509002,-72,2
634,0,9022001063511002,-74,2
634,0,9022001063515001,-66,2
634,0,9022001063517002,-35,2
634,0,9022001063519002,-103,2
634,0,9022001063521002,-71,2
634,0,9022001063523002,-78,2
634,0,9022001063525002,-88,2
634,0,9022001063527002,-100,2
634,0,9022001063529002,-167,2
634,0,9022001063531002,-141,2
634,0,9022001063533002,-137,2
634,0,9022001063535002,-181,2
634,0,9022001063537002,-189,2
634,0,9022001063539002,-184,2
634,0,9022001063541002,-176,2
634,0,9022001063543002,-149,2
634,0,9022001063545002,-113,2
634,0,9022001063547002,-92,2
634,0,9022001063549002,-28,2
634,0,9022001063551002,-398,2
634,0,9022001063553002,-84,2
634,0,9022001063555002,-216,2
634,0,9022001063557002,-4,2
634,0,9022001064146001,-19,2
634,1,9022001060050006,-1158,2
634,1,9022001062181002,50,2
634,1,9022001062183002,107,2
634,1,9022001062185002,122,2
634,1,9022001062187002,172,2
634,1,9022001062189002,202,2
634,1,9022001062191002,211,2
634,1,9022001062193002,232,2
634,1,9022001062195002,242,2
634,1,9022001062573002,102,2
634,1,9022001063401001,-146,2
634,1,9022001063403001,-34,2
634,1,9022001063405001,-101,2
634,1,9022001063407001,-92,2
634,1,9022001063407002,-218,3
634,1,9022001063409001,-83,2
634,1,9022001063409002,-140,3
634,1,9022001063411001,-117,2
634,1,9022001063411002,-83,3
634,1,9022001063413001,-132,2
634,1,9022001063413002,-43,3
634,1,9022001063415001,-165,2
634,1,9022001063415002,-5,3
634,1,9022001063417001,-117,3
634,1,9022001063417002,35,3
634,1,9022001063419001,-235,3
634,1,9022001063421001,-190,3
634,1,9022001063423001,-224,3
634,1,9022001063425001,-263,3
634,1,9022001063427001,-334,3
634,1,9022001063429001,-360,3
634,1,9022001063431001,-364,3
634,1,9022001063433001,-362,3
634,1,9022001063435001,-365,3
634,1,9022001063437001,-354,3
634,1,9022001063439001,-363,3
634,1,9022001063443001,-518,4
634,1,9022001063445001,-404,3
634,1,9022001063447001,-413,3
634,1,9022001063449001,-429,3
634,1,9022001063451001,-478,3
634,1,9022001063453001,-533,3
634,1,9022001063455001,-596,3
634,1,9022001063457001,-636,3
634,1,9022001063459001,-699,3
634,1,9022001063461001,-924,3
634,1,9022001063481001,-759,3
634,1,9022001063501001,77,2
634,1,9022001063503001,32,2
634,1,9022001063505001,4,2
634,1,9022001063507001,-19,2
634,1,9022001063509001,-23,2
634,1,9022001063511001,-24,2
634,1,9022001063513001,-28,2
634,1,9022001063515002,-20,2
634,1,9022001063517001,-29,2
634,1,9022001063519001,-47,2
634,1,9022001063521001,-34,2
634,1,9022001063523001,-77,2
634,1,9022001063525001,-112,2
634,1,9022001063527001,-132,2
634,1,9022001063529001,-191,2
634,1,9022001063531001,-250,2
634,1,9022001063533001,-291,2
634,1,9022001063535001,-327,2
634,1,9022001063537001,-388,2
634,1,9022001063539001,-433,2
634,1,9022001063541001,-470,2
634,1,9022001063543001,-534,2
634,1,9022001063545001,-579,2
634,1,9022001063547001,-597,2
634,1,9022001063549001,-625,2
634,1,9022001063551001,-673,2
634,1,9022001063553001,269,2
634,1,9022001063555001,107,2
634,1,9022001063557001,-194,2
634,1,9022001064146003,32,2
635,0,9022001060020001,-455,5
635,0,9022001062301002,-331,5
635,0,9022001062303002,-287,5
635,0,9022001062305002,-209,5
635,0,9022001062307002,-160,5
635,0,9022001062309002,-83,5
635,0,9022001062311002,244,5
635,0,9022001062407002,197,5
635,0,9022001066159001,-465,5
635,0,9022001081664002,34,5
635,1,9022001060020006,-1258,4
635,1,9022001062301001,110,4
635,1,9022001062303001,83,4
635,1,9022001062305001,76,4
635,1,9022001062307001,72,4
635,1,9022001062309001,120,4
635,1,9022001062311001,-41,4
635,1,9022001062407001,-99,4
635,1,9022001066159001,-767,4
635,1,9022001081664001,80,4
636,0,9022001060060004,162,1
636,0,9022001063301002,421,1
636,0,9022001063303002,423,1
636,0,9022001063305002,420,1
636,0,9022001063307002,413,1
636,0,9022001063309002,383,1
636,0,9022001063311002,400,1
636,0,9022001063313001,-599,1
636,0,9022001063347002,555,2
636,0,9022001063349002,537,2
636,0,9022001063499001,390,2
636,0,9022001063599002,563,2
636,0,9022001063601002,249,2
636,0,9022001063603002,253,2
636,0,9022001063605002,269,2
636,0,9022001063607002,291,2
636,0,9022001063609002,354,2
636,0,9022001063611002,376,2
636,0,9022001063613002,391,2
636,0,9022001063615003,365,2
636,0,9022001063617002,377,2
636,0,9022001063619002,395,2
636,0,9022001063621002,364,2
636,0,9022001063623002,418,2
636,0,9022001063625002,412,2
636,0,9022001063627002,459,2
636,0,9022001063629002,464,2
636,0,9022001063631002,480,2
636,0,9022001063633002,500,2
636,0,9022001063635002,531,2
636,0,9022001063637002,592,2
636,0,9022001063639002,590,2
636,0,9022001063641002,593,2
636,0,9022001063643002,603,2
636,0,9022001063645002,610,2
636,0,9022001063647002,613,2
636,0,9022001063649002,601,2
636,0,9022001063651002,593,2
636,0,9022001063653002,590,2
636,0,9022001063655002,609,2
636,0,9022001063657002,616,2
636,0,9022001063659002,586,2
636,0,9022001063661002,593,2
636,0,9022001063663002,587,2
636,0,9022001063665002,585,2
636,0,9022001063667002,591,2
636,0,9022001063697002,533,2
636,0,9022001063699002,529,2
636,1,9022001060050010,-610,2
636,1,9022001060060002,-134,2
636,1,9022001063301001,-956,3
636,1,9022001063303001,-1068,3
636,1,9022001063305001,-1166,3
636,1,9022001063307001,-1184,3
636,1,9022001063309001,-1220,3
636,1,9022001063311001,-1262,3
636,1,9022001063313001,-1344,3
636,1,9022001063347001,-466,3
636,1,9022001063347003,-463,3
636,1,9022001063349003,-530,3
636,1,9022001063349004,-800,3
636,1,9022001063499002,34,2
636,1,9022001063599001,-482,3
636,1,9022001063601001,59,2
636,1,9022001063603001,79,2
636,1,9022001063605001,70,2
636,1,9022001063607001,68,2
636,1,9022001063609001,4,2
636,1,9022001063611001,-9,2
636,1,9022001063613001,-11,2
636,1,9022001063615002,-12,2
636,1,9022001063617001,13,2
636,1,9022001063619001,40,2
636,1,9022001063621001,58,2
636,1,9022001063623001,11,2
636,1,9022001063625001,-7,2
636,1,9022001063627001,-32,2
636,1,9022001063629001,-45,2
636,1,9022001063631001,-52,2
636,1,9022001063633001,-62,2
636,1,9022001063635001,-112,2
636,1,9022001063637001,-32,2
636,1,9022001063639001,-54,2
636,1,9022001063641001,-141,2
636,1,9022001063643001,-206,2
636,1,9022001063645001,-225,2
636,1,9022001063647001,-231,2
636,1,9022001063649001,-226,2
636,1,9022001063651001,-218,3
636,1,9022001063653001,-230,3
636,1,9022001063655001,-321,3
636,1,9022001063657001,-352,3
636,1,9022001063659001,-360,3
636,1,9022001063661001,-411,3
636,1,9022001063663001,-417,3
636,1,9022001063665001,-446,3
636,1,9022001063667001,-464,3
636,1,9022001063671001,-459,3
636,1,9022001063671002,-333,3
636,1,9022001063673001,-475,3
636,1,9022001063673002,-231,3
636,1,9022001063675001,-475,3
636,1,9022001063675002,-171,3
636,1,9022001063677001,-540,3
636,1,9022001063677002,-63,3
636,1,9022001063681001,-594,3
636,1,9022001063685001,-567,3
636,1,9022001063685002,-723,3
636,1,9022001063687001,-608,3
636,1,9022001063687002,-561,3
636,1,9022001063689001,-638,3
636,1,9022001063689002,-399,3
636,1,9022001063691001,-643,3
636,1,9022001063691002,-327,3
636,1,9022001063693001,-625,3
636,1,9022001063693002,-171,3
636,1,9022001063695001,-632,3
636,1,9022001063697001,-720,3
636,1,9022001063699001,-795,3
636,1,9022001064007001,92,2
636,1,9022001064009001,84,2
636,1,9022001064011001,86,2
636,1,9022001064013001,58,2
636,1,9022001064015001,46,2
636,1,9022001064017001,33,2
636,1,9022001064019001,13,2
636,1,9022001064021001,11,2
636,1,9022001064023001,-21,2
636,1,9022001064025001,-61,2
636,1,9022001064027001,10,2
636,1,9022001064029001,15,2
636,1,9022001064031001,5,2
636,1,9022001064033001,-11,2
636,1,9022001064035001,-27,2
636,1,9022001064037001,-47,2
636,1,9022001064039001,-57,2
636,1,9022001064041001,-74,2
636,1,9022001064043001,-59,2
636,1,9022001064045001,-39,2
636,1,9022001064047001,-28,2
636,1,9022001064049001,-17,2
636,1,9022001064051001,-9,2
636,1,9022001064053001,15,2
636,1,9022001064055001,14,2
636,1,9022001064057001,-2,2
636,1,9022001064059001,-26,2
636,1,9022001064061001,-36,2
636,1,9022001064063001,-65,2
636,1,9022001064065001,-74,2
636,1,9022001064067001,-109,2
636,1,9022001064069001,-119,2
636,1,9022001064071001,-128,2
636,1,9022001064073001,-142,2
636,1,9022001064075002,-161,2
636,1,9022001064077002,-196,2
636,1,9022001064079001,-199,2
636,1,9022001064081001,-192,2
636,1,9022001064083001,-182,2
636,1,9022001064085001,-174,2
636,1,9022001064146003,47,2
637,0,9022001060050001,-93,2
637,0,9022001060060004,-598,1
637,0,9022001064001002,-112,2
637,0,9022001064003002,-148,2
637,0,9022001064007002,-109,2
637,0,9022001064009002,-62,2
637,0,9022001064011002,-27,2
637,0,9022001064013002,88,1
637,0,9022001064015002,68,1
637,0,9022001064017002,98,1
637,0,9022001064019002,87,1
637,0,9022001064021002,122,1
637,0,9022001064023002,173,1
637,0,9022001064025002,211,1
637,0,9022001064027002,228,1
637,0,9022001064029002,209,1
637,0,9022001064031002,213,1
637,0,9022001064033002,216,1
637,0,9022001064035002,217,1
637,0,9022001064037002,218,1
637,0,9022001064039002,212,1
637,0,9022001064041002,204,1
637,0,9022001064043002,212,1
637,0,9022001064045002,202,1
637,0,9022001064047002,196,1
637,0,9022001064049002,187,1
637,0,9022001064051002,176,1
637,0,9022001064053002,138,1
637,0,9022001064055002,129,1
637,0,9022001064057002,129,1
637,0,9022001064059002,130,1
637,0,9022001064061002,130,1
637,0,9022001064063002,130,1
637,0,9022001064065002,130,1
637,0,9022001064067002,129,1
637,0,9022001064069002,128,1
637,1,9022001060050010,-838,2
637,1,9022001060060003,62,1
637,1,9022001064075002,19,1
637,1,9022001064077002,5,1
637,1,9022001064079001,6,1
637,1,9022001064081001,9,1
637,1,9022001064083001,37,1
637,1,9022001064085001,41,1
639,0,9022001050366002,-59,5
639,0,9022001051554002,-694,5
639,0,9022001060011002,-50,5
639,0,9022001060014001,-174,5
639,0,9022001060040008,-998,5
639,0,9022001060080001,-1346,5
639,0,9022001060090002,-239,3
639,0,9022001060301004,-914,5
639,0,9022001061060007,77,5
639,0,9022001062235002,-76,5
639,0,9022001062263002,10,4
639,0,9022001062497002,44,4
639,0,9022001062497003,-25,2
639,0,9022001062501002,198,5
639,0,9022001062543002,-45,5
639,0,9022001062545002,47,5
639,0,9022001062547002,162,5
639,0,9022001062549002,192,5
639,0,9022001062551002,157,5
639,0,9022001062575002,-76,2
639,0,9022001063052002,203,3
639,0,9022001063500001,182,3
639,0,9022001063799002,98,5
639,0,9022001063847002,187,3
639,0,9022001063903002,-205,4
639,0,9022001063905002,29,3
639,0,9022001063907002,123,3
639,0,9022001063909002,127,3
639,0,9022001063911002,123,3
639,0,9022001063913002,131,3
639,0,9022001063915002,152,3
639,0,9022001063917002,190,3
639,0,9022001063919002,202,3
639,0,9022001063921002,180,3
639,0,9022001063923002,172,3
639,0,9022001063925002,182,3
639,0,9022001063927002,199,3
639,0,9022001063929002,201,3
639,0,9022001063931002,196,3
639,0,9022001063933002,11,3
639,0,9022001063935002,-11,3
639,0,9022001063937002,21,3
639,0,9022001063939002,36,3
639,0,9022001063941002,64,3
639,0,9022001063943002,46,3
639,0,9022001063945002,199,3
639,0,9022001063947002,190,3
639,0,9022001063949002,155,3
639,0,9022001063951002,135,3
639,0,9022001063953002,124,3
639,0,9022001063955002,126,3
639,0,9022001063957002,129,3
639,0,9022001063959002,159,3
639,0,9022001063961002,235,3
639,0,9022001063963002,256,3
639,0,9022001063965002,206,3
639,0,9022001063967002,251,3
639,0,9022001063969002,369,3
639,0,9022001063971002,459,3
639,0,9022001063973002,463,3
639,0,9022001063975002,474,3
639,0,9022001063977002,446,3
639,0,9022001063979002,379,3
639,0,9022001063981002,369,3
639,0,9022001063983002,350,3
639,0,9022001063985002,342,3
639,0,9022001063988001,321,3
639,0,9022001063989002,299,3
639,0,9022001063991002,229,3
639,0,9022001063993002,33,3
639,0,9022001063997002,122,4
639,0,9022001063999002,417,3
639,0,9022001064173001,406,3
639,0,9022001065913002,84,5
639,0,9022001065915002,187,4
639,0,9022001065917002,201,4
639,0,9022001065919002,174,4
639,0,9022001069009002,-1169,5
639,0,9022001069011002,-1061,5
639,1,9022001050366011,-134,1
639,1,9022001060040003,-60,1
639,1,9022001060040006,-365,1
639,1,9022001060080003,-1196,2
639,1,9022001060090001,-298,1
639,1,9022001061060011,80,1
639,1,9022001062235001,-54,1
639,1,9022001062263001,-41,1
639,1,9022001062497001,-127,1
639,1,9022001062497004,-599,1
639,1,9022001062501001,63,1
639,1,9022001062543001,-89,1
639,1,9022001062545001,-169,1
639,1,9022001062547001,-242,1
639,1,9022001062549001,-296,1
639,1,9022001062551001,-282,1
639,1,9022001062575001,-37,1
639,1,9022001063052001,-87,1
639,1,9022001063799001,-292,2
639,1,9022001063847001,-30,1
639,1,9022001063903001,19,1
639,1,9022001063905001,4,1
639,1,9022001063907001,11,1
639,1,9022001063909001,12,1
639,1,9022001063911001,19,1
639,1,9022001063913001,-1,1
639,1,9022001063915001,-11,1
639,1,9022001063917001,-27,1
639,1,9022001063919001,-62,1
639,1,9022001063921001,-69,1
639,1,9022001063923001,-68,1
639,1,9022001063925001,-80,1
639,1,9022001063927001,-95,1
639,1,9022001063929001,-107,1
639,1,9022001063931001,-88,1
639,1,9022001063933001,-11,1
639,1,9022001063935001,-34,1
639,1,9022001063937001,-64,1
639,1,9022001063939001,-83,1
639,1,9022001063941001,-92,1
639,1,9022001063943001,-104,1
639,1,9022001063945001,-37,1
639,1,9022001063947001,-80,1
639,1,9022001063949001,-122,1
639,1,9022001063951001,-117,1
639,1,9022001063953001,-137,1
639,1,9022001063955001,-149,1
639,1,9022001063957001,-145,1
639,1,9022001063959001,-124,1
639,1,9022001063961001,-182,1
639,1,9022001063963001,-203,1
639,1,9022001063965001,-207,1
639,1,9022001063967001,-250,1
639,1,9022001063969001,-291,1
639,1,9022001063971001,-345,1
639,1,9022001063973001,-346,1
639,1,9022001063975001,-381,1
639,1,9022001063977001,-373,1
639,1,9022001063979001,-363,1
639,1,9022001063981001,-363,1
639,1,9022001063983001,-360,1
639,1,9022001063985001,-360,1
639,1,9022001063989001,-331,1
639,1,9022001063991001,-316,1
639,1,9022001063993001,-93,1
639,1,9022001063997001,-344,2
639,1,9022001063999001,-331,1
639,1,9022001064173002,-369,1
639,1,9022001065913001,-284,2
639,1,9022001065915001,-413,2
639,1,9022001065917001,-429,2
639,1,9022001065919001,-400,2
641,0,9022001060050001,-452,2
641,0,9022001063945002,33,1
641,0,9022001063947002,29,1
641,0,9022001063949002,46,1
641,0,9022001063951002,39,1
641,0,9022001063953002,37,1
641,0,9022001063955002,40,1
641,0,9022001063957002,42,1
641,0,9022001063959002,52,1
641,0,9022001063961002,81,1
641,0,9022001063963002,73,1
641,0,9022001063965002,61,1
641,0,9022001063967002,75,1
641,0,9022001063969002,98,1
641,0,9022001063971002,116,1
641,0,9022001063999002,108,1
641,0,9022001064001002,-534,2
641,0,9022001064003002,-589,2
641,0,9022001064007002,-525,2
641,0,9022001064009002,-505,2
641,0,9022001064011002,-452,2
641,0,9022001064013002,-325,2
641,0,9022001064015002,-288,2
641,0,9022001064017002,-239,2
641,0,9022001064019002,-165,2
641,0,9022001064021002,-136,2
641,0,9022001064023002,-34,2
641,0,9022001064025002,28,2
641,0,9022001064027002,41,2
641,0,9022001064029002,37,2
641,0,9022001064031002,33,2
641,0,9022001064033002,36,2
641,0,9022001064035002,37,2
641,0,9022001064037002,41,2
641,0,9022001064039002,7,2
641,0,9022001064041004,3,2
641,0,9022001064103002,11,2
641,0,9022001064105002,7,2
641,0,9022001064107002,78,2
641,0,9022001064109002,47,1
641,0,9022001064111002,21,1
641,1,9022001060050008,-1116,2
641,1,9022001060090001,-1086,3
641,1,9022001063945001,107,2
641,1,9022001063947001,103,2
641,1,9022001063949001,121,2
641,1,9022001063951001,135,2
641,1,9022001063953001,141,2
641,1,9022001063955001,135,2
641,1,9022001063957001,154,2
641,1,9022001063959001,132,2
641,1,9022001063961001,82,2
641,1,9022001063963001,82,2
641,1,9022001063965001,64,2
641,1,9022001063967001,56,2
641,1,9022001063969001,17,2
641,1,9022001063971001,-16,2
641,1,9022001063973001,2,2
641,1,9022001063975001,18,3
641,1,9022001063977001,23,3
641,1,9022001063979001,-71,3
641,1,9022001063981001,-381,3
641,1,9022001063983001,-586,3
641,1,9022001063985001,-663,3
641,1,9022001063989001,-945,3
641,1,9022001063991001,-1006,3
641,1,9022001063999001,-3,2
641,1,9022001064001001,64,1
641,1,9022001064003001,87,1
641,1,9022001064007001,120,1
641,1,9022001064009001,113,1
641,1,9022001064011001,107,1
641,1,9022001064013001,76,1
641,1,9022001064015001,67,1
641,1,9022001064017001,54,1
641,1,9022001064019001,37,1
641,1,9022001064021001,29,1
641,1,9022001064023001,-2,1
641,1,9022001064025001,8,2
641,1,9022001064027001,67,2
641,1,9022001064029001,86,2
641,1,9022001064031001,95,2
641,1,9022001064033001,100,2
641,1,9022001064035001,101,2
641,1,9022001064037001,104,2
641,1,9022001064039001,115,2
641,1,9022001064041003,154,2
641,1,9022001064103001,160,2
641,1,9022001064105001,154,2
641,1,9022001064107001,125,2
641,1,9022001064109001,116,2
641,1,9022001064111001,82,2
641,1,9022001064173002,42,2
642,0,9022001060090001,152,1
642,0,9022001064170001,129,1
642,0,9022001064201002,119,1
642,0,9022001064203002,111,1
642,0,9022001064205002,75,1
642,0,9022001064207002,84,1
642,0,9022001064209002,84,1
642,0,9022001064211002,81,1
642,0,9022001064213002,93,1
642,0,9022001064215002,92,1
642,0,9022001064217002,97,1
642,0,9022001064219002,103,1
642,0,9022001064221002,115,1
642,0,9022001064223002,113,1
642,0,9022001064225002,114,1
642,0,9022001064227002,113,1
642,1,9022001060090002,-11,1
642,1,9022001063500001,6,1
642,1,9022001064170002,32,1
642,1,9022001064201001,38,1
642,1,9022001064203001,41,1
642,1,9022001064205001,64,1
642,1,9022001064207001,71,1
642,1,9022001064209001,64,1
642,1,9022001064211001,56,1
642,1,9022001064213001,2,1
642,1,9022001064215001,-13,1
642,1,9022001064217001,-30,1
642,1,9022001064219001,-56,1
642,1,9022001064221001,-95,1
642,1,9022001064223001,-124,1
642,1,9022001064225001,-146,1
642,1,9022001064227001,-156,1
642,1,9022001064229001,-184,1
642,1,9022001064231001,-209,1
642,1,9022001064233001,-214,1
642,1,9022001064235001,-211,1
642,1,9022001064237001,-191,1
642,1,9022001064239001,-204,1
646,1,9022001060040002,-508,1
649,1,9022001060040008,-336,1
65,0,9022001010012001,6034,98
65,0,9022001010014001,7846,97
65,0,9022001010070001,534,97
65,0,9022001010074001,5880,98
65,0,9022001010077002,977,98
65,0,9022001010078001,5283,98
65,0,9022001010079002,1820,98
65,0,9022001010120004,-1200,87
65,0,9022001010168001,-2060,89
65,0,9022001010238001,7252,98
65,0,9022001010262002,-20931,98
65,0,9022001010291007,4117,90
65,0,9022001010327002,-5207,85
65,0,9022001010329002,-1981,76
65,0,9022001010332001,-7631,66
65,0,9022001010333002,-3458,79
65,0,9022001010339001,-3073,98
65,0,9022001010481001,-4201,98
65,0,9022001010533002,4198,95
65,0,9022001010535002,3441,94
65,0,9022001010537002,-2251,93
65,1,9022001010012002,-1473,56
65,1,9022001010070002,1723,55
65,1,9022001010074002,-2337,55
65,1,9022001010077001,-889,55
65,1,9022001010078002,-1697,55
65,1,9022001010079001,-1151,55
65,1,9022001010168002,9086,74
65,1,9022001010238002,-3027,55
65,1,9022001010262001,-3842,66
65,1,9022001010291001,5500,73
65,1,9022001010327001,3758,74
65,1,9022001010329001,-3137,74
65,1,9022001010332001,-13440,74
65,1,9022001010333001,844,74
65,1,9022001010339002,765,55
65,1,9022001010481002,494,52
65,1,9022001010533001,854,61
65,1,9022001010535001,837,66
65,1,9022001010537001,-3649,72
65,1,9022001010583001,93,17
65,1,9022001010811002,8256,74
651,0,9022001060050001,-466,3
651,0,9022001063070001,-1,5
651,0,9022001063073002,129,3
651,0,9022001065031001,38,3
651,0,9022001065067002,36,3
651,0,9022001065069001,141,3
651,1,9022001060050003,-3453,8
651,1,9022001063070001,-1102,7
651,1,9022001063073002,-1332,7
651,1,9022001065031002,-466,7
651,1,9022001065067001,-557,7
651,1,9022001065069002,-732,7
655,0,9022001060050005,-1196,2
655,0,9022001062195001,-2,1
655,0,9022001062195003,-29,1
655,0,9022001062235002,-261,1
655,0,9022001062497003,-273,1
655,0,9022001062543002,-235,1
655,0,9022001062545002,-163,1
655,0,9022001062547002,-65,1
655,0,9022001062549002,-46,1
655,0,9022001062551002,-77,1
655,0,9022001062553002,-75,1
655,0,9022001062555002,-77,1
655,0,9022001062557002,-76,1
655,0,9022001062559002,-51,1
655,0,9022001062561002,-31,1
655,0,9022001062563002,-64,1
655,0,9022001062565002,-63,1
655,0,9022001062567002,-29,1
655,0,9022001062569002,-15,1
655,0,9022001062573002,19,1
655,0,9022001062575002,-271,1
655,0,9022001063001002,-26,1
655,0,9022001063054001,-21,1
655,0,9022001064146003,-34,1
655,0,9022001064480001,-34,1
655,0,9022001064492002,-62,1
655,0,9022001064494002,-81,1
655,0,9022001064729002,-36,1
655,0,9022001064731002,-31,1
655,0,9022001064733002,-20,1
655,0,9022001064735002,-11,1
655,0,9022001064737002,-1,1
655,0,9022001064739002,19,1
655,0,9022001064741002,-4,1
655,0,9022001064743002,22,1
656,0,9022001060050001,102,5
656,0,9022001060050012,-602,7
656,0,9022001063062002,-51,5
656,0,9022001063064001,-271,5
656,0,9022001063081002,677,5
656,0,9022001063314001,-452,5
656,0,9022001063330001,495,5
656,0,9022001064146002,-971,5
656,0,9022001064490001,-49,12
656,0,9022001064561001,-908,6
656,0,9022001064573001,22,5
656,0,9022001064894001,-545,5
656,0,9022001065003002,-83,12
656,0,9022001065004001,-50,12
656,0,9022001065007002,53,12
656,0,9022001065009001,151,12
656,0,9022001065011001,259,12
656,0,9022001065013001,337,11
656,0,9022001065015001,562,11
656,0,9022001065017001,663,12
656,0,9022001065021002,826,5
656,0,9022001065023002,893,5
656,0,9022001065025002,904,5
656,0,9022001065035001,-66,5
656,0,9022001065037001,-59,5
656,0,9022001065039001,4,5
656,1,9022001060050012,-3319,16
656,1,9022001063062001,163,4
656,1,9022001063064002,171,4
656,1,9022001063081001,417,6
656,1,9022001063314002,176,4
656,1,9022001063330001,341,6
656,1,9022001064146002,-961,5
656,1,9022001064561001,-486,11
656,1,9022001064573003,-228,4
656,1,9022001064894002,144,4
656,1,9022001064900001,-296,4
656,1,9022001065003001,1212,17
656,1,9022001065004002,1299,17
656,1,9022001065007001,1405,17
656,1,9022001065009002,1494,17
656,1,9022001065011002,1595,17
656,1,9022001065013002,1555,17
656,1,9022001065015002,1410,17
656,1,9022001065017002,1201,17
656,1,9022001065021001,377,6
656,1,9022001065023001,465,6
656,1,9022001065025001,559,6
656,1,9022001065039003,-107,4
657,0,9022001060050011,-106,2
657,0,9022001064001001,-54,2
657,0,9022001065059002,-58,2
657,0,9022001065061002,-16,2
657,0,9022001065065001,-1205,5
657,0,9022001065073002,-10,2
657,1,9022001060050011,-1769,7
657,1,9022001064001002,236,5
657,1,9022001064146002,-20,1
657,1,9022001065059001,132,5
657,1,9022001065061001,-21,5
657,1,9022001065065001,-157,5
657,1,9022001065073001,-61,5
658,0,9022001060050001,218,4
658,0,9022001063081002,668,5
658,0,9022001063330001,-525,8
658,0,9022001063801002,430,4
658,0,9022001063804001,510,4
658,0,9022001063805002,596,4
658,0,9022001064490001,394,4
658,0,9022001065021002,692,4
658,0,9022001065023002,692,4
658,0,9022001065025002,628,4
658,1,9022001060050003,-2567,6
658,1,9022001063081001,-582,4
658,1,9022001063330001,-643,4
658,1,9022001063801001,-94,4
658,1,9022001063804002,-199,4
658,1,9022001063805001,-291,4
658,1,9022001065021001,-557,4
658,1,9022001065023001,-462,4
658,1,9022001065025001,-395,4
659,0,9022001010458001,-2484,13
659,0,9022001060157002,-1396,13
659,0,9022001060167003,-307,12
659,0,9022001060168002,-1787,11
659,0,9022001062250004,-741,13
659,0,9022001062980001,-548,13
659,0,9022001062986001,-1764,13
659,0,9022001062992001,-550,12
659,0,9022001066003001,-382,13
659,0,9022001066499002,-1022,13
659,1,9022001010458002,-1374,11
659,1,9022001060157004,-186,14
659,1,9022001060167002,-3444,14
659,1,9022001060168001,-3480,14
659,1,9022001062250003,195,14
659,1,9022001062980002,262,14
659,1,9022001062986002,358,8
659,1,9022001062992002,237,14
659,1,9022001066003002,-71,13
659,1,9022001066499001,-7,10
66,0,9022001010133002,9774,86
66,0,9022001010144001,9472,87
66,0,9022001010255001,8319,69
66,0,9022001010256003,7270,69
66,0,9022001010258001,9371,69
66,0,9022001010261002,6344,76
66,0,9022001010263002,9810,84
66,0,9022001010395001,6095,70
66,0,9022001010397001,7484,71
66,0,9022001010401001,8687,79
66,0,9022001010491002,9919,100
66,0,9022001010629002,2753,103
66,0,9022001010649003,5039,103
66,0,9022001010655003,9652,95
66,0,9022001010658001,10351,92
66,0,9022001010703002,8479,90
66,0,9022001010705002,8929,89
66,0,9022001010707002,9706,88
66,0,9022001010763002,7340,88
66,0,9022001010765002,10043,87
66,0,9022001010953002,7855,102
66,0,9022001010955002,-12183,103
66,0,9022001010956001,6745,103
66,0,9022001010960001,-2780,103
66,0,9022001010961002,-1314,103
66,0,9022001010965002,6182,103
66,0,9022001010967002,9090,102
66,0,9022001010976001,7421,69
66,0,9022001010984001,-219,100
66,1,9022001010133001,5980,56
66,1,9022001010144002,5787,56
66,1,9022001010255002,8634,62
66,1,9022001010256001,8137,62
66,1,9022001010258002,8630,62
66,1,9022001010261003,8568,59
66,1,9022001010263001,6987,57
66,1,9022001010395002,8952,61
66,1,9022001010397002,9735,61
66,1,9022001010401002,7645,57
66,1,9022001010491001,351,42
66,1,9022001010573001,8356,62
66,1,9022001010629001,1744,38
66,1,9022001010649002,-135,39
66,1,9022001010655001,2109,52
66,1,9022001010658002,2246,56
66,1,9022001010703001,3135,56
66,1,9022001010705001,3583,56
66,1,9022001010707001,3565,56
66,1,9022001010763001,2193,57
66,1,9022001010765001,4355,56
66,1,9022001010953001,980,39
66,1,9022001010955002,-11247,93
66,1,9022001010956002,1054,38
66,1,9022001010957001,995,27
66,1,9022001010961001,1109,35
66,1,9022001010965001,1421,38
66,1,9022001010967001,784,40
66,1,9022001010971001,-1893,45
66,1,9022001010976002,5358,62
66,1,9022001010984001,969,63
660,0,9022001050698001,-30,20
660,0,9022001050701002,-139,20
660,0,9022001060157002,-1593,11
660,0,9022001060157004,-706,15
660,0,9022001060157007,-1913,9
660,0,9022001060161001,103,15
660,0,9022001060161002,-2571,20
660,0,9022001060163001,3,16
660,0,9022001060163002,-2169,20
660,0,9022001060165002,-77,16
660,0,9022001062258001,-1360,20
660,0,9022001062278002,-1385,20
660,0,9022001062280002,-837,20
660,0,9022001062282002,-367,20
660,0,9022001066003001,-65,11
660,0,9022001066003002,-198,9
660,0,9022001066005001,313,11
660,0,9022001066007002,-203,8
660,0,9022001066160001,738,11
660,0,9022001066160002,-154,8
660,0,9022001066620001,534,11
660,0,9022001066620002,-224,8
660,0,9022001066622001,-4237,19
661,0,9022001060157003,-1009,4
661,0,9022001060167003,-50,4
661,0,9022001060168002,-104,4
661,0,9022001062248001,157,4
661,0,9022001062253002,13,4
661,0,9022001062825002,-18,4
661,0,9022001065900001,60,4
661,0,9022001065903001,-1200,4
661,0,9022001066003002,-890,4
661,0,9022001066007002,-258,4
661,0,9022001066103002,-97,4
661,0,9022001066105002,-13,4
661,0,9022001066107002,162,4
661,0,9022001066109002,34,4
661,0,9022001066111002,-86,4
661,0,9022001066113002,-90,4
661,0,9022001066115002,-86,4
661,0,9022001066117002,-4,4
661,0,9022001066119002,-102,4
661,0,9022001066123002,-59,4
661,0,9022001066125002,35,4
661,0,9022001066127002,-11,4
661,0,9022001066129002,-1,4
661,0,9022001066131002,-66,4
661,0,9022001066133002,-102,4
661,0,9022001066135002,-132,4
661,0,9022001066137002,-424,4
661,0,9022001066139002,-386,4
661,0,9022001066141002,-389,4
661,0,9022001066143002,-329,4
661,0,9022001066145002,-257,4
661,0,9022001066147002,-179,4
661,0,9022001066149002,-106,4
661,0,9022001066151002,-29,4
661,0,9022001066155002,-65,4
661,0,9022001066157002,-58,4
661,0,9022001066499002,-437,4
661,0,9022001066811002,-67,4
661,1,9022001060157001,-709,2
661,1,9022001060167002,-64,2
661,1,9022001060168001,-12,2
661,1,9022001062248002,-188,2
661,1,9022001062253001,-116,2
661,1,9022001062825001,-351,2
661,1,9022001065903001,-402,2
661,1,9022001066003001,58,2
661,1,9022001066005001,-2,2
661,1,9022001066007001,16,2
661,1,9022001066103001,-40,2
661,1,9022001066105001,-88,2
661,1,9022001066107001,-170,2
661,1,9022001066109001,-154,2
661,1,9022001066111001,25,2
661,1,9022001066113001,24,2
661,1,9022001066115001,-43,2
661,1,9022001066117001,-93,2
661,1,9022001066119001,-136,2
661,1,9022001066123001,-21,2
661,1,9022001066125001,-58,2
661,1,9022001066127001,-112,2
661,1,9022001066129001,-40,2
661,1,9022001066131001,-48,2
661,1,9022001066133001,-64,2
661,1,9022001066135001,-112,2
661,1,9022001066137001,-130,2
661,1,9022001066139001,-51,2
661,1,9022001066141001,-80,2
661,1,9022001066143001,-117,2
661,1,9022001066145001,-169,2
661,1,9022001066147001,-215,2
661,1,9022001066149001,-281,2
661,1,9022001066151001,-336,2
661,1,9022001066155001,-92,2
661,1,9022001066157001,-53,2
661,1,9022001066499001,-6,2
661,1,9022001066501001,10,2
661,1,9022001066811001,-1,2
662,0,9022001060157003,-409,2
662Y,0,9022001050688004,235,2
662Y,0,9022001050690001,317,2
662Y,0,9022001050692003,303,2
662Y,0,9022001050694002,169,2
662Y,0,9022001050696002,-82,2
662Y,0,9022001050698002,-133,2
662Y,0,9022001050701001,-162,2
662Y,0,9022001057022001,273,2
662Y,0,9022001060157001,-58,1
662Y,0,9022001060157002,-279,2
662Y,0,9022001060161002,-196,2
662Y,0,9022001060163002,-166,2
662Y,0,9022001060165003,-171,2
662Y,0,9022001060167002,31,1
662Y,0,9022001060168001,69,1
662Y,0,9022001062248002,-15,1
662Y,0,9022001062253001,22,1
662Y,0,9022001062257001,150,2
662Y,0,9022001062285001,25,2
662Y,0,9022001066003001,43,1
662Y,0,9022001066005001,50,1
662Y,0,9022001066007001,59,1
662Y,0,9022001066103001,56,1
662Y,0,9022001066105001,34,1
662Y,0,9022001066107001,7,1
662Y,0,9022001066109001,78,2
662Y,0,9022001066205002,294,2
662Y,0,9022001066208001,308,2
662Y,0,9022001066210001,264,2
662Y,0,9022001066211002,242,2
662Y,0,9022001066213002,168,2
662Y,0,9022001066217001,-153,2
662Y,0,9022001066219002,-43,2
662Y,0,9022001066221002,32,2
662Y,0,9022001066229001,10,2
662Y,0,9022001066231002,45,2
662Y,0,9022001066233002,77,2
662Y,0,9022001066235002,81,2
662Y,0,9022001066237002,112,2
662Y,0,9022001066499001,41,1
662Y,0,9022001066501001,42,1
664,0,9022001060151001,541,19
664,0,9022001060157003,-4787,22
664,0,9022001062265001,472,20
664,0,9022001066003002,-4355,22
664,0,9022001066499001,-3435,20
664,0,9022001066501001,-2559,20
664,0,9022001066512002,-1973,20
664,0,9022001066514002,-1585,20
664,0,9022001066517001,-865,20
664,0,9022001066518002,-447,19
664,0,9022001066520002,-246,20
664,0,9022001066522002,-248,20
664,0,9022001066526002,199,18
664,0,9022001066532001,-2492,22
664,1,9022001060151002,-2272,17
664,1,9022001060157004,-1747,19
664,1,9022001062265002,-1833,17
664,1,9022001066003001,591,15
664,1,9022001066499002,538,17
664,1,9022001066501002,299,17
664,1,9022001066512001,249,17
664,1,9022001066514001,222,17
664,1,9022001066517002,121,17
664,1,9022001066518001,-224,17
664,1,9022001066520001,-201,17
664,1,9022001066522001,-305,17
664,1,9022001066526001,-1001,17
664,1,9022001066532001,-3577,17
665,0,9022001060157003,-2455,8
665,0,9022001062235002,-22,4
665,0,9022001062263003,-124,6
665,0,9022001062273002,91,6
665,0,9022001062488001,-171,7
665,0,9022001062497004,-329,6
665,0,9022001062507002,-50,6
665,0,9022001062509002,-85,7
665,0,9022001062511002,-50,7
665,0,9022001062513002,-10,7
665,0,9022001062515002,-4,7
665,0,9022001062517001,-490,7
665,0,9022001062519002,-344,7
665,0,9022001062521002,54,6
665,0,9022001062523002,37,6
665,0,9022001062525002,76,4
665,0,9022001062527002,94,6
665,0,9022001062529002,110,6
665,0,9022001062531002,103,6
665,0,9022001062533002,112,6
665,0,9022001062535002,131,6
665,0,9022001062537002,115,6
665,0,9022001062539002,135,6
665,0,9022001062543002,48,4
665,0,9022001062575002,-42,4
665,0,9022001062578001,157,6
665,0,9022001062807002,192,6
665,0,9022001062984002,-420,7
665,0,9022001062986002,-469,7
665,0,9022001065900001,-1259,4
665,0,9022001065903001,-39,3
665,0,9022001065905001,50,4
665,0,9022001065907001,60,4
665,0,9022001065909001,14,4
665,0,9022001066003002,-1935,8
665,0,9022001066499001,-1234,7
665,0,9022001066503002,-488,7
665,0,9022001066505002,-351,7
665,0,9022001066507002,-241,7
665,0,9022001066509002,-112,7
665,1,9022001060157001,-923,6
665,1,9022001062235001,201,3
665,1,9022001062263004,-100,2
665,1,9022001062273001,-135,2
665,1,9022001062488002,-60,3
665,1,9022001062497004,-191,4
665,1,9022001062507001,-125,3
665,1,9022001062509001,-50,3
665,1,9022001062511001,-158,3
665,1,9022001062513001,-207,3
665,1,9022001062515001,-262,3
665,1,9022001062517001,-315,3
665,1,9022001062519001,-146,2
665,1,9022001062521001,-19,2
665,1,9022001062523001,-49,2
665,1,9022001062525001,-140,2
665,1,9022001062527001,-142,2
665,1,9022001062529001,-149,2
665,1,9022001062531001,-163,2
665,1,9022001062533001,-190,2
665,1,9022001062535001,-221,2
665,1,9022001062537001,-53,3
665,1,9022001062539001,-79,4
665,1,9022001062543004,157,3
665,1,9022001062575001,195,3
665,1,9022001062578002,-104,4
665,1,9022001062807001,-142,4
665,1,9022001062984001,48,3
665,1,9022001062986001,-14,3
665,1,9022001065900003,-135,3
665,1,9022001065903001,119,3
665,1,9022001065905002,137,3
665,1,9022001065907002,107,3
665,1,9022001065909002,142,3
665,1,9022001066003001,73,2
665,1,9022001066499002,87,3
665,1,9022001066503001,81,3
665,1,9022001066505001,14,3
665,1,9022001066507001,-52,3
665,1,9022001066509001,-89,3
666,0,9022001062517001,-271,1
666,0,9022001062827001,48,2
666,0,9022001066137003,-275,2
666,0,9022001066139002,-234,2
666,0,9022001066601001,11,1
666,0,9022001066603001,55,2
666,0,9022001066605001,49,2
666,0,9022001066607001,-12,2
666,0,9022001066609001,25,2
666,0,9022001066611001,60,2
666,0,9022001066613001,65,2
666,0,9022001066615001,-18,2
666,1,9022001062517001,-127,1
666,1,9022001062827002,-80,1
666,1,9022001066137001,-486,2
666,1,9022001066139001,21,1
666,1,9022001066601002,-127,1
666,1,9022001066603002,-96,1
666,1,9022001066605002,-64,1
666,1,9022001066607002,2,1
666,1,9022001066609002,40,1
666,1,9022001066611002,42,1
666,1,9022001066613002,48,1
666,1,9022001066615002,45,1
668,0,9022001066809002,59,1
668,1,9022001066119001,229,1
668,1,9022001066123001,237,1
668,1,9022001066125001,221,1
668,1,9022001066127001,219,1
668,1,9022001066805001,231,1
668,1,9022001066809001,35,1
668,1,9022001066811001,253,1
67,0,9022001010034003,2493,48
67,0,9022001010037002,2766,47
67,0,9022001010042002,3413,46
67,0,9022001010092004,3654,42
67,0,9022001010151002,-6007,51
67,0,9022001010188001,-1499,51
67,0,9022001010191001,-544,51
67,0,9022001010192001,771,51
67,0,9022001010194003,558,51
67,0,9022001010202002,3184,41
67,0,9022001010207001,2542,46
67,0,9022001010211002,3474,42
67,0,9022001010217003,2569,37
67,0,9022001010218001,3489,40
67,0,9022001010312002,3263,34
67,0,9022001010314001,2750,30
67,0,9022001010489001,1959,49
67,0,9022001011043003,2770,26
67,0,9022001011051002,2502,24
67,0,9022001011054001,-15251,100
67,1,9022001010034002,6116,86
67,1,9022001010037001,6227,86
67,1,9022001010042001,6100,86
67,1,9022001010092003,3453,87
67,1,9022001010151003,-3020,59
67,1,9022001010188002,428,60
67,1,9022001010191002,1586,65
67,1,9022001010193001,2038,70
67,1,9022001010194004,303,73
67,1,9022001010202001,5808,88
67,1,9022001010207003,1067,85
67,1,9022001010211001,3312,87
67,1,9022001010215001,3991,90
67,1,9022001010217001,1744,91
67,1,9022001010312001,3757,89
67,1,9022001010316001,4356,89
67,1,9022001010489002,5132,84
67,1,9022001011043004,-1254,89
67,1,9022001011051001,-8838,89
67,1,9022001011054001,-20084,89
670,0,9022001050366012,-92,12
670,0,9022001060011002,-60,11
670,0,9022001060014001,-487,13
670,0,9022001060080001,-2804,14
670,0,9022001060301004,-2009,12
670,0,9022001061060009,13,10
670,0,9022001067011002,-6,8
670,0,9022001067013002,-322,8
670,0,9022001067015003,-203,8
670,0,9022001067019002,-99,8
670,0,9022001067021002,-110,7
670,0,9022001067023002,-16,7
670,0,9022001067025002,106,7
670,0,9022001067027001,22,1
670,0,9022001067027006,-388,7
670,0,9022001067029002,-155,7
670,0,9022001067031002,13,7
670,0,9022001067033002,-6,7
670,0,9022001067035002,-28,7
670,0,9022001067037002,-71,7
670,0,9022001067039002,-5378,12
670,0,9022001067043001,-2387,13
670,0,9022001067044001,-21,7
670,0,9022001069009002,-2427,12
670,0,9022001069011002,-2299,12
670,1,9022001050366003,614,7
670,1,9022001060011001,1069,9
670,1,9022001060080004,-1350,11
670,1,9022001060301003,1041,5
670,1,9022001061060012,746,11
670,1,9022001067011001,894,11
670,1,9022001067013001,1414,11
670,1,9022001067015001,787,12
670,1,9022001067019001,680,12
670,1,9022001067021001,580,12
670,1,9022001067023001,265,12
670,1,9022001067025001,-169,12
670,1,9022001067027001,543,3
670,1,9022001067027006,-150,12
670,1,9022001067029001,-438,12
670,1,9022001067031001,-1157,13
670,1,9022001067033001,-1707,14
670,1,9022001067035001,-1986,14
670,1,9022001067037001,-2123,14
670,1,9022001067039001,-2702,15
670,1,9022001067043002,1144,6
670,1,9022001067044002,-1884,14
670,1,9022001069009001,1148,6
670,1,9022001069011001,1100,5
670X,0,9022001050366002,-196,2
670X,0,9022001060011002,-7,1
670X,0,9022001060014001,-221,2
670X,0,9022001067011002,107,1
670X,0,9022001067015003,87,1
670X,0,9022001067019002,143,1
670X,0,9022001067039002,-5873,4
670X,1,9022001050366003,107,1
670X,1,9022001060011001,127,1
670X,1,9022001067011001,125,1
670X,1,9022001067015001,340,2
670X,1,9022001067019001,175,2
670X,1,9022001067021001,71,2
670X,1,9022001067023001,-137,2
670X,1,9022001067025001,-395,2
670X,1,9022001067029001,-558,2
670X,1,9022001067031001,-541,2
670X,1,9022001067033001,-547,2
670X,1,9022001067035001,-435,2
670X,1,9022001067037001,-457,2
670X,1,9022001067039001,-380,2
670X,1,9022001067044002,-453,2
676,0,9022001050366002,-27,9
676,0,9022001051554002,-630,10
676,0,9022001060011002,40,9
676,0,9022001060014001,-268,9
676,0,9022001060050007,-4879,11
676,0,9022001060080001,-1904,10
676,0,9022001060301004,-971,10
676,0,9022001061060009,193,9
676,0,9022001062237002,223,4
676,0,9022001062263002,-81,7
676,0,9022001062497002,-101,6
676,0,9022001062501002,169,8
676,0,9022001062573002,107,3
676,0,9022001063054003,253,3
676,0,9022001064146003,22,3
676,0,9022001069009002,-1400,10
676,1,9022001050366003,-226,4
676,1,9022001060011001,273,6
676,1,9022001060050013,-2365,11
676,1,9022001060080009,-2252,7
676,1,9022001060301003,157,3
676,1,9022001061060011,61,6
676,1,9022001062237001,-163,10
676,1,9022001062263001,315,8
676,1,9022001062497001,7,8
676,1,9022001062501001,350,7
676,1,9022001062573001,-1090,10
676,1,9022001063054004,-473,10
676,1,9022001064146001,-779,10
676,1,9022001069009001,242,3
676X,0,9022001050366002,-251,1
676X,0,9022001060050007,-260,2
676X,0,9022001061060009,-228,1
676X,0,9022001062263002,9,1
676X,0,9022001062573002,28,1
676X,0,9022001064146003,4,1
676X,1,9022001050366003,-684,2
676X,1,9022001060050013,-660,3
676X,1,9022001061060011,62,2
676X,1,9022001062263001,-92,2
676X,1,9022001062573001,-288,2
676X,1,9022001064146001,-160,2
677,0,9022001051144003,206,6
677,0,9022001057504003,705,6
677,0,9022001060040005,-554,7
677,0,9022001060050001,-1023,7
677,0,9022001062567001,494,7
677,0,9022001062573001,-135,7
677,0,9022001063054002,638,7
677,0,9022001063903003,634,7
677,0,9022001064146001,272,7
677,0,9022001064601002,-633,6
677,0,9022001064603002,-782,6
677,0,9022001064605002,-669,6
677,0,9022001064607002,-539,6
677,0,9022001064609002,-468,6
677,0,9022001064611002,-372,6
677,0,9022001064613002,-257,6
677,0,9022001064615002,-196,6
677,0,9022001064663002,-159,6
677,0,9022001064665002,-173,6
677,0,9022001064667002,-46,6
677,0,9022001064669002,160,6
677,0,9022001064671002,210,6
677,0,9022001064673002,221,6
677,0,9022001064681002,284,6
677,0,9022001064685002,408,6
677,0,9022001064687002,504,6
677,0,9022001064689002,614,6
677,0,9022001064693002,-203,6
677,0,9022001064703001,730,7
677,0,9022001064705001,690,7
677,0,9022001064707001,713,7
677,0,9022001064709001,735,7
677,0,9022001064711001,695,7
677,0,9022001064713001,588,7
677,0,9022001064715001,558,7
677,0,9022001064717001,416,7
677,0,9022001064719001,296,7
677,0,9022001064721001,205,7
677,0,9022001064723001,284,7
677,0,9022001064725001,303,7
677,0,9022001064727001,444,7
677,0,9022001068494001,587,4
677,0,9022001068496001,36,3
677,0,9022001068498001,175,3
677,0,9022001068701002,863,6
677,0,9022001068703002,960,6
677,0,9022001068707002,636,6
677,0,9022001068709002,665,6
677,0,9022001068712001,605,5
677,0,9022001068713002,590,5
677,0,9022001068715002,645,5
677,0,9022001068718001,662,5
677,0,9022001068720001,701,5
677,0,9022001068721002,716,5
677,0,9022001068723002,772,5
677,0,9022001068725002,500,4
677,0,9022001068773002,103,2
677,0,9022001068779003,-1767,3
677,0,9022001068781002,24,2
677,0,9022001068783002,90,2
677,0,9022001068890002,312,3
677,0,9022001068906001,127,3
677,1,9022001051144002,511,3
677,1,9022001057504003,-543,4
677,1,9022001060040002,55,3
677,1,9022001060050004,-725,4
677,1,9022001062567002,-49,1
677,1,9022001062569002,-40,1
677,1,9022001062573002,72,1
677,1,9022001063054001,-49,1
677,1,9022001063903002,-53,3
677,1,9022001064146003,39,1
677,1,9022001064601001,464,3
677,1,9022001064603001,550,3
677,1,9022001064605001,571,3
677,1,9022001064607001,542,3
677,1,9022001064609001,522,3
677,1,9022001064611001,500,3
677,1,9022001064613001,467,3
677,1,9022001064615001,443,3
677,1,9022001064663001,459,3
677,1,9022001064665001,562,3
677,1,9022001064667001,537,3
677,1,9022001064669001,529,3
677,1,9022001064671001,542,3
677,1,9022001064673001,578,3
677,1,9022001064681001,428,3
677,1,9022001064685001,260,3
677,1,9022001064687001,157,3
677,1,9022001064689001,-18,3
677,1,9022001064693001,555,3
677,1,9022001064703002,-100,3
677,1,9022001064705002,-30,2
677,1,9022001064707002,-16,2
677,1,9022001064709002,-160,1
677,1,9022001064711002,-146,1
677,1,9022001064713002,-114,1
677,1,9022001064715002,-94,1
677,1,9022001064717002,-61,1
677,1,9022001064719002,-22,1
677,1,9022001064721002,-56,1
677,1,9022001064723002,-34,1
677,1,9022001064725002,-38,1
677,1,9022001064727002,-47,1
677,1,9022001068494002,-204,4
677,1,9022001068496002,-87,4
677,1,9022001068498002,-1251,6
677,1,9022001068701001,-145,4
677,1,9022001068703001,-277,4
677,1,9022001068707001,91,4
677,1,9022001068709001,72,4
677,1,9022001068711001,25,4
677,1,9022001068713001,-10,4
677,1,9022001068715001,-45,4
677,1,9022001068717001,-72,4
677,1,9022001068719001,-94,4
677,1,9022001068721001,-102,4
677,1,9022001068723001,-123,4
677,1,9022001068725001,-139,4
677,1,9022001068773001,-919,6
677,1,9022001068779001,-283,6
677,1,9022001068781001,-231,6
677,1,9022001068783001,-564,6
677,1,9022001068890001,-310,4
677,1,9022001068906002,-982,6
680,1,9022001050366003,22,1
680,1,9022001060011001,91,1
680,1,9022001060080004,-12,2
680,1,9022001060301003,174,1
680,1,9022001061060012,73,1
680,1,9022001067011001,89,1
680,1,9022001067015001,89,1
680,1,9022001067019001,70,1
680,1,9022001067021001,53,1
680,1,9022001067023001,11,1
680,1,9022001067025001,-42,1
680,1,9022001067027004,-61,1
680,1,9022001067043002,163,1
680,1,9022001067093001,-18,1
680,1,9022001067095001,-19,1
680,1,9022001067098001,-15,1
680,1,9022001067099001,-88,1
680,1,9022001067102001,-142,1
680,1,9022001069009001,165,1
680,1,9022001069011001,184,1
681,0,9022001067015004,-38,1
681,0,9022001067019002,37,1
681,0,9022001067035002,134,1
681,0,9022001067037002,124,1
681,0,9022001067039002,-675,2
681,0,9022001067044001,133,1
681,0,9022001067061002,68,1
681,0,9022001067063002,74,1
681,0,9022001067065002,111,1
681,0,9022001067067002,85,1
681,0,9022001067069002,114,1
681,0,9022001067071002,115,1
681,0,9022001067073002,147,1
681,0,9022001067075002,179,1
681,0,9022001067077002,197,1
681,0,9022001067079002,189,1
681,1,9022001067015001,25,1
681,1,9022001067015004,-1239,3
681,1,9022001067019001,13,1
681,1,9022001067033001,-192,1
681,1,9022001067035001,-219,1
681,1,9022001067037001,-243,1
681,1,9022001067039001,-267,1
681,1,9022001067044002,-203,1
681,1,9022001067061001,15,1
681,1,9022001067063001,42,1
681,1,9022001067065001,44,1
681,1,9022001067067001,67,1
681,1,9022001067069001,90,1
681,1,9022001067071001,76,1
681,1,9022001067073001,17,1
681,1,9022001067075001,-91,1
681,1,9022001067077001,-157,1
682,0,9022001067027005,-1243,13
682,0,9022001067093002,-262,12
682,0,9022001067095002,59,12
682,0,9022001067098001,97,11
682,0,9022001067099002,275,11
682,0,9022001067102001,-2829,14
682,1,9022001067027004,-4275,12
682,1,9022001067093001,60,1
682,1,9022001067095001,61,1
682,1,9022001067098001,90,1
683,0,9022001060020002,-1017,7
683,0,9022001061060008,-1184,8
683,0,9022001066017002,-91,8
683,0,9022001066019002,56,8
683,0,9022001067005002,-526,8
683,0,9022001067007002,200,8
683,0,9022001067009002,124,8
683,0,9022001067011003,141,8
683,0,9022001067015004,-859,10
683,0,9022001067149002,401,10
683,0,9022001067403002,-289,10
683,0,9022001067405002,228,10
683,0,9022001067407002,426,10
683,0,9022001067409002,552,10
683,0,9022001067411002,493,10
683,0,9022001067413002,506,10
683,0,9022001067415002,309,10
683,0,9022001067419002,8,9
683,0,9022001067421002,-168,8
683,0,9022001067430001,379,10
683,0,9022001067503002,-253,8
683,0,9022001067505002,-76,8
683,0,9022001067507002,191,8
683,0,9022001067509002,124,8
683,0,9022001067511002,-35,8
683,1,9022001060020001,-96,11
683,1,9022001061060005,1815,7
683,1,9022001066017001,1412,10
683,1,9022001066019001,1572,10
683,1,9022001067005001,1976,6
683,1,9022001067007001,1798,7
683,1,9022001067009001,1805,8
683,1,9022001067011001,1769,8
683,1,9022001067015004,1071,9
683,1,9022001067149001,1373,9
683,1,9022001067403001,1490,9
683,1,9022001067405001,1325,9
683,1,9022001067407001,1092,9
683,1,9022001067409001,1220,9
683,1,9022001067411001,1372,9
683,1,9022001067413001,1452,9
683,1,9022001067415001,1427,9
683,1,9022001067419001,1740,9
683,1,9022001067421001,1853,9
683,1,9022001067430002,1689,9
683,1,9022001067503001,1977,9
683,1,9022001067505001,1868,9
683,1,9022001067507001,1568,9
683,1,9022001067509001,1669,9
683,1,9022001067511001,1785,10
684,0,9022001050664002,-34,4
684,0,9022001050666002,38,4
684,0,9022001050668002,44,4
684,0,9022001050798003,228,5
684,0,9022001050940004,12,4
684,0,9022001050980002,78,4
684,0,9022001051273001,68,4
684,0,9022001056701008,-858,4
684,0,9022001056841002,22,4
684,0,9022001056851002,-204,4
684,0,9022001060135003,60,5
684,0,9022001061001002,-186,5
684,0,9022001061003002,-82,5
684,0,9022001061005002,-68,5
684,0,9022001061011001,-1191,5
684,0,9022001061503002,-566,5
684,0,9022001061558001,-376,5
684,0,9022001061790004,-77,5
684,0,9022001061796001,114,5
684,0,9022001061798001,197,5
684,1,9022001050664001,-766,5
684,1,9022001050666001,-664,5
684,1,9022001050668001,-607,5
684,1,9022001050798002,-197,4
684,1,9022001050940001,-227,4
684,1,9022001050980001,-553,4
684,1,9022001051273002,-612,5
684,1,9022001056701014,-952,5
684,1,9022001056841001,-454,4
684,1,9022001056851002,-200,4
684,1,9022001060135001,48,4
684,1,9022001061001001,33,4
684,1,9022001061003001,99,4
684,1,9022001061005001,79,4
684,1,9022001061011009,-1320,3
684,1,9022001061503001,-28,4
684,1,9022001061558002,20,4
684,1,9022001061790003,47,4
684,1,9022001061796002,52,4
684,1,9022001061798002,-153,4
685,0,9022001012191001,-1521,6
685,0,9022001012193001,-1375,6
685,0,9022001050579001,-1096,6
685,0,9022001052375002,-1506,6
685,0,9022001060020003,-1068,5
685,0,9022001061790003,-128,5
685,0,9022001062403002,527,4
685,0,9022001062405002,368,3
685,0,9022001066017002,276,3
685,1,9022001012191002,521,5
685,1,9022001012193002,410,5
685,1,9022001050579003,-662,5
685,1,9022001052375001,707,5
685,1,9022001060020001,-1041,6
685,1,9022001061790004,-197,5
685,1,9022001062403001,-1105,5
685,1,9022001066017001,-1196,6
687,1,9022001012191001,828,2
687,1,9022001012193001,822,2
687,1,9022001050501009,332,1
687,1,9022001050502001,370,1
687,1,9022001050504001,394,1
687,1,9022001050506001,409,1
687,1,9022001050579001,488,2
687,1,9022001050772001,408,1
687,1,9022001050774001,395,1
687,1,9022001050782001,375,1
687,1,9022001050786001,345,1
687,1,9022001050790001,313,1
687,1,9022001050797001,313,1
687,1,9022001051514001,420,1
687,1,9022001052340001,434,1
687,1,9022001052342001,439,1
687,1,9022001060137002,406,1
687,1,9022001060139002,383,1
687,1,9022001060141002,406,1
687,1,9022001060143002,402,1
687,1,9022001060145002,429,1
687,1,9022001060147002,472,1
687,1,9022001060149002,456,1
687,1,9022001060151002,456,1
687,1,9022001060153002,481,1
687,1,9022001060155002,359,1
687,1,9022001060157002,359,1
687,1,9022001060731001,414,1
687,1,9022001061790003,355,1
688,0,9022001067039002,-36,1
688,0,9022001067801001,-234,2
688,0,9022001067803002,-192,2
688,0,9022001067805002,-154,2
688,0,9022001067807002,-120,2
688,0,9022001067809002,-86,2
688,0,9022001067811002,-68,2
688,0,9022001067813002,-54,2
688,0,9022001067815002,-34,2
688,0,9022001067817002,36,3
688,0,9022001067823001,-2335,7
688,0,9022001067824001,-54,2
688,0,9022001067828001,34,3
688,0,9022001067841002,34,3
688,1,9022001067039001,-87,1
688,1,9022001067801001,-1013,6
688,1,9022001067803001,1,1
689,0,9022001067900001,-1976,8
689,0,9022001067939001,941,4
689,0,9022001067941001,-660,4
689,0,9022001067953001,694,4
689,1,9022001067900001,-918,3
689,1,9022001067939001,-137,3
689,1,9022001067941001,-1364,7
689,1,9022001067953001,-644,3
69,0,9022001010096004,3103,21
69,0,9022001010224002,3919,26
69,0,9022001010291007,1210,27
69,0,9022001010294001,2822,27
69,0,9022001010298001,3453,27
69,0,9022001010302001,3655,27
69,0,9022001010537002,-2854,27
69,0,9022001011029002,2050,18
69,0,9022001011031002,1634,15
69,0,9022001011033002,1607,15
69,0,9022001011035002,1249,15
69,0,9022001011037002,1305,15
69,0,9022001011039002,-8917,85
69,0,9022001011058001,1426,15
69,1,9022001010096003,4237,30
69,1,9022001010224003,2048,30
69,1,9022001010291001,-761,11
69,1,9022001010294002,882,17
69,1,9022001010298002,3334,26
69,1,9022001010302002,4409,29
69,1,9022001010537001,-13232,86
69,1,9022001011029001,4275,30
69,1,9022001011031001,3995,30
69,1,9022001011033001,4080,30
69,1,9022001011035001,3372,30
69,1,9022001011037001,673,30
69,1,9022001011039002,-2885,29
69,1,9022001011058002,2168,30
695,0,9022001050366002,-254,1
695,0,9022001060017003,-144,1
695,0,9022001060101002,-144,1
695,0,9022001060105002,-32,1
695,0,9022001060107002,-25,1
695,0,9022001060109002,31,1
695,0,9022001060111002,29,1
695,0,9022001060113002,48,1
695,0,9022001060115002,-17,1
695,0,9022001060117002,-10,1
695,0,9022001060119002,-18,1
695,0,9022001060121002,-20,1
695,0,9022001060123002,-8,1
695,0,9022001060125002,-28,1
695,0,9022001060203002,-89,1
695,0,9022001060205002,-27,1
695,0,9022001060207004,-4,1
695,0,9022001060411002,-22,1
695,0,9022001060501002,-48,1
695,0,9022001060641001,-22,1
695,0,9022001061001002,-52,1
695,0,9022001061003002,-26,1
695,0,9022001061011012,-45,1
695,0,9022001061060003,-1412,3
695,0,9022001061503002,-30,1
695,0,9022001061511001,-11,1
695,0,9022001061514001,3,1
695,0,9022001061517002,-30,1
695,0,9022001061521002,-47,1
695,0,9022001061529001,31,1
695,0,9022001061543002,-1,1
695,0,9022001061556001,-53,1
695,0,9022001061558001,-61,1
695,0,9022001061559002,-12,1
695,0,9022001061567002,1,1
695,0,9022001061569002,30,1
695,0,9022001061745001,34,1
695,0,9022001061747002,24,1
695,0,9022001061772002,34,1
695,0,9022001061903002,-18,1
695,0,9022001061905002,-19,1
695,0,9022001061907002,-14,1
695,0,9022001061933002,-28,1
695,0,9022001061935002,-27,1
695,0,9022001061937002,-27,1
696,0,9022001050366002,-44,2
696,0,9022001051554002,-291,2
696,0,9022001060011002,-49,2
696,0,9022001060014001,-78,2
696,0,9022001060040008,-210,1
696,0,9022001060050007,-88,1
696,0,9022001060080001,-540,2
696,0,9022001060301004,-316,2
696,0,9022001061060007,-51,1
696,0,9022001062235002,-98,1
696,0,9022001062263002,-102,1
696,0,9022001062497002,-101,1
696,0,9022001062501002,-47,1
696,0,9022001062543002,-90,1
696,0,9022001062545002,-74,1
696,0,9022001062547002,-58,1
696,0,9022001062549002,-48,1
696,0,9022001062551002,-48,1
696,0,9022001062567002,-54,1
696,0,9022001062569002,-58,1
696,0,9022001063054001,-63,1
696,0,9022001063799002,-63,1
696,0,9022001063903002,-231,1
696,0,9022001063997002,-44,1
696,0,9022001064146003,-35,1
696,0,9022001064703002,-233,1
696,0,9022001064705002,-208,1
696,0,9022001064707002,-197,1
696,0,9022001064709002,-189,1
696,0,9022001064711002,-174,1
696,0,9022001064713002,-144,1
696,0,9022001064715002,-124,1
696,0,9022001064717002,-93,1
696,0,9022001064719002,-33,1
696,0,9022001064721002,-41,1
696,0,9022001064723002,-33,1
696,0,9022001064725002,-36,1
696,0,9022001064727002,-52,1
696,0,9022001065913002,-66,1
696,0,9022001065915002,-30,1
696,0,9022001065917002,-26,1
696,0,9022001065919002,-10,1
696,0,9022001069009002,-432,2
696,0,9022001069011002,-399,2
696,1,9022001050366003,-193,1
696,1,9022001060011001,47,1
696,1,9022001060040005,-379,2
696,1,9022001060050001,-575,2
696,1,9022001060080009,-598,1
696,1,9022001060301003,-58,1
696,1,9022001061060011,63,1
696,1,9022001062235001,-42,2
696,1,9022001062263001,39,2
696,1,9022001062497001,-162,2
696,1,9022001062501001,58,1
696,1,9022001062543001,-80,2
696,1,9022001062545001,-164,2
696,1,9022001062547001,-210,2
696,1,9022001062549001,-262,2
696,1,9022001062551001,-264,2
696,1,9022001062567001,-111,2
696,1,9022001062573001,-242,2
696,1,9022001062575001,-26,2
696,1,9022001063054002,-132,2
696,1,9022001063799001,-246,2
696,1,9022001063903003,-25,2
696,1,9022001063997001,-298,2
696,1,9022001064146001,-259,2
696,1,9022001064703001,-35,2
696,1,9022001064705001,-64,2
696,1,9022001064707001,-72,2
696,1,9022001064709001,-74,2
696,1,9022001064711001,-88,2
696,1,9022001064713001,-125,2
696,1,9022001064715001,-147,2
696,1,9022001064717001,-191,2
696,1,9022001064719001,-240,2
696,1,9022001064721001,-270,2
696,1,9022001064723001,-48,2
696,1,9022001064725001,-72,2
696,1,9022001064727001,-102,2
696,1,9022001065913001,-242,2
696,1,9022001065915001,-352,2
696,1,9022001065917001,-358,2
696,1,9022001065919001,-361,2
696,1,9022001067043002,5,1
696,1,9022001069009001,-14,1
696,1,9022001069011001,-40,1
697,1,9022001010019003,-125,1
697,1,9022001010346002,17,1
697,1,9022001010357001,3,1
697,1,9022001010359003,-26,1
697,1,9022001010363008,-56,1
697,1,9022001050007002,57,1
697,1,9022001050010001,60,1
697,1,9022001050012002,53,1
697,1,9022001050013002,41,1
697,1,9022001050366014,-344,1
697,1,9022001050501008,-49,1
697,1,9022001050502001,-61,1
697,1,9022001050504001,-55,1
697,1,9022001050506001,-48,1
697,1,9022001050510002,-12,1
697,1,9022001050644001,62,1
697,1,9022001050646001,53,1
697,1,9022001050649002,43,1
697,1,9022001050800013,35,1
697,1,9022001052322001,93,1
697,1,9022001052326001,66,1
697,1,9022001052330001,33,1
697,1,9022001052332001,33,1
697,1,9022001052340001,-24,1
697,1,9022001052342001,-24,1
697,1,9022001052344001,16,1
697,1,9022001052346001,4,1
697,1,9022001052347001,-4,1
697,1,9022001052348001,-4,1
697,1,9022001052372001,94,1
697,1,9022001055010001,-2,1
697,1,9022001060017005,18,1
697,1,9022001060101001,8,1
697,1,9022001060171002,52,1
697,1,9022001060173002,57,1
697,1,9022001060213001,37,1
697,1,9022001060215001,30,1
697,1,9022001060217002,47,1
697,1,9022001060219002,49,1
697,1,9022001060231002,60,1
697,1,9022001060709001,37,1
697,1,9022001060711001,16,1
697,1,9022001060713001,-3,1
697,1,9022001060715001,-24,1
697,1,9022001060717001,14,1
697,1,9022001060719001,21,1
697,1,9022001060721001,-8,1
697,1,9022001060723001,-13,1
697,1,9022001060731001,12,1
7,0,9022001004301001,-1017,51
7,0,9022001004303002,5940,48
7,0,9022001004305002,7512,45
7,0,9022001004307002,3508,40
7,0,9022001004309002,2893,39
7,0,9022001004311002,2340,37
7,0,9022001004313002,2647,36
7,0,9022001004315002,1673,32
7,0,9022001004317002,2130,29
7,0,9022001004318001,1929,28
7,0,9022001004319001,1041,24
7,1,9022001004301002,1810,27
7,1,9022001004303001,2323,36
7,1,9022001004305001,4376,37
7,1,9022001004307001,3226,38
7,1,9022001004309001,4760,38
7,1,9022001004311001,3023,42
7,1,9022001004313001,1893,45
7,1,9022001004315001,1284,45
7,1,9022001004317001,736,40
7,1,9022001004319001,-1939,41
702,0,9022001070001001,-3347,59
702,0,9022001070002002,3671,38
702,0,9022001070004002,3747,45
702,0,9022001070006002,4334,48
702,0,9022001070008002,3723,49
702,0,9022001070020001,1808,20
702,0,9022001070022002,5799,58
702,0,9022001070024002,5982,58
702,0,9022001070026002,4545,60
702,0,9022001070028002,5766,64
702,0,9022001070030002,5586,66
702,0,9022001070032002,4968,66
702,0,9022001070034002,4837,66
702,0,9022001070038006,-740,67
702,0,9022001070042002,3798,66
702,0,9022001070044002,3581,66
702,0,9022001070046002,3373,66
702,0,9022001070048002,3278,66
702,0,9022001070050002,3559,67
702,0,9022001070052003,4696,67
702,0,9022001070053001,5742,57
702,0,9022001070215004,169,70
702,0,9022001070454001,5027,55
702,0,9022001070456001,4371,55
702,0,9022001070458001,4441,53
702,0,9022001070704001,3943,55
702,0,9022001070737002,5096,66
702,1,9022001070001001,865,43
702,1,9022001070002001,5001,42
702,1,9022001070004001,6167,42
702,1,9022001070006001,6822,42
702,1,9022001070008001,6871,41
702,1,9022001070020001,1988,11
702,1,9022001070022001,6497,41
702,1,9022001070024001,6367,39
702,1,9022001070026001,6642,38
702,1,9022001070028001,6710,39
702,1,9022001070030001,5936,36
702,1,9022001070032001,5554,33
702,1,9022001070034001,4383,25
702,1,9022001070038004,-3930,86
702,1,9022001070042001,3310,21
702,1,9022001070044001,3362,21
702,1,9022001070046001,3324,21
702,1,9022001070048001,3118,21
702,1,9022001070050001,2798,20
702,1,9022001070052004,2503,20
702,1,9022001070053002,5923,41
702,1,9022001070215001,5025,46
702,1,9022001070454002,7458,41
702,1,9022001070456002,7838,41
702,1,9022001070458002,7735,41
702,1,9022001070704002,6661,39
702,1,9022001070737001,3951,24
702,1,9022001072241001,1041,2
703,0,9022001013401005,-3380,25
703,0,9022001014071002,335,25
703,0,9022001070057001,2457,25
703,0,9022001070058001,1902,25
703,0,9022001070062001,3549,25
703,0,9022001070064001,3442,25
703,0,9022001070066001,3220,25
703,0,9022001070068001,3035,25
703,0,9022001070070001,2293,24
703,0,9022001070072001,2111,24
703,0,9022001070074001,1623,22
703,0,9022001070076001,1029,20
703,0,9022001070078001,-119,19
703,0,9022001070080001,831,19
703,0,9022001070082001,941,19
703,0,9022001070084001,-791,19
703,0,9022001070086001,-1032,19
703,0,9022001070088001,-3846,23
703,0,9022001070096001,-359,17
703,0,9022001070098001,-2782,24
703,0,9022001070100001,-1451,17
703,0,9022001070102001,-1865,17
703,0,9022001070113001,-86,19
703,0,9022001070114001,785,19
703,0,9022001070409002,659,25
703,0,9022001070718001,139,17
703,0,9022001070766002,-294,19
703,1,9022001013401005,-3404,20
703,1,9022001014071003,287,2
703,1,9022001070057002,198,5
703,1,9022001070058002,359,3
703,1,9022001070062002,539,4
703,1,9022001070064002,549,4
703,1,9022001070066002,735,5
703,1,9022001070068002,1045,6
703,1,9022001070070002,1440,8
703,1,9022001070072002,1461,9
703,1,9022001070074002,1607,10
703,1,9022001070076002,1780,10
703,1,9022001070078002,1369,10
703,1,9022001070080002,1399,10
703,1,9022001070084002,1239,10
703,1,9022001070086002,1418,10
703,1,9022001070088002,338,10
703,1,9022001070096002,-510,8
703,1,9022001070098001,-1562,8
703,1,9022001070100002,-132,8
703,1,9022001070102002,76,8
703,1,9022001070113002,1322,10
703,1,9022001070114002,1837,10
703,1,9022001070409001,303,2
703,1,9022001070718002,-825,8
703,1,9022001070766001,1172,10
704,0,9022001013401006,-19935,124
704,0,9022001014071003,2021,28
704,0,9022001070019004,1122,40
704,0,9022001070057002,1879,29
704,0,9022001070058002,2320,29
704,0,9022001070062002,2341,30
704,0,9022001070064002,2457,30
704,0,9022001070066002,2620,31
704,0,9022001070068002,2800,31
704,0,9022001070070002,2982,33
704,0,9022001070108003,-2476,40
704,0,9022001070290002,5679,40
704,0,9022001070292002,4208,40
704,0,9022001070300002,3902,40
704,0,9022001070302002,3350,40
704,0,9022001070304002,3193,40
704,0,9022001070306002,2445,40
704,0,9022001070311001,4129,39
704,0,9022001070409001,2391,29
704,0,9022001070641001,3233,35
704,1,9022001013401006,-4098,41
704,1,9022001014071002,2423,41
704,1,9022001070019003,2168,27
704,1,9022001070057001,5207,41
704,1,9022001070058001,4753,41
704,1,9022001070062001,7600,41
704,1,9022001070064001,7743,41
704,1,9022001070066001,7606,41
704,1,9022001070068001,7170,39
704,1,9022001070070001,6616,38
704,1,9022001070108004,-9795,116
704,1,9022001070290001,4230,35
704,1,9022001070292003,3657,34
704,1,9022001070300001,3898,32
704,1,9022001070302001,3729,32
704,1,9022001070304001,3440,32
704,1,9022001070306001,2751,30
704,1,9022001070311002,5217,37
704,1,9022001070409002,2959,41
704,1,9022001070641002,6379,38
705,0,9022001070078002,2667,32
705,0,9022001070084005,1663,17
705,0,9022001070086002,1652,17
705,0,9022001070088003,271,17
705,0,9022001070102002,959,17
705,0,9022001070262002,1421,5
705,0,9022001070264002,1397,5
705,0,9022001070266002,1524,5
705,0,9022001070268002,1696,6
705,0,9022001070270003,1598,7
705,0,9022001070276002,2314,15
705,0,9022001070278002,2359,16
705,0,9022001070280001,2516,16
705,0,9022001070282002,2652,16
705,0,9022001070284002,2751,16
705,0,9022001070286001,2384,16
705,0,9022001070314002,2502,17
705,0,9022001070316002,2222,17
705,0,9022001070318002,1847,17
705,0,9022001070871001,-865,17
705,0,9022001070873001,411,17
705,0,9022001070882001,1619,7
705,0,9022001070882002,1954,12
705,0,9022001070885001,1478,9
705,1,9022001070078001,2274,38
705,1,9022001070084006,3483,22
705,1,9022001070086001,3078,20
705,1,9022001070088004,3163,18
705,1,9022001070102001,3640,17
705,1,9022001070196001,9134,37
705,1,9022001070262001,5404,38
705,1,9022001070264001,6096,38
705,1,9022001070266001,5797,38
705,1,9022001070268001,7221,38
705,1,9022001070270001,7437,38
705,1,9022001070270003,9280,38
705,1,9022001070276001,9037,38
705,1,9022001070278001,8978,38
705,1,9022001070280002,8656,34
705,1,9022001070282001,8453,33
705,1,9022001070284001,8170,32
705,1,9022001070286001,7252,29
705,1,9022001070314001,7139,28
705,1,9022001070316001,4858,23
705,1,9022001070318001,4379,22
705,1,9022001070871002,3327,18
705,1,9022001070873002,3349,16
705,1,9022001070882001,9221,38
705,1,9022001070882002,7756,38
705,1,9022001070885001,7827,38
706,0,9022001070019004,1398,38
706,0,9022001070108005,-2576,38
706,0,9022001070292002,2422,38
706,0,9022001070296002,2544,37
706,0,9022001070298002,2315,38
706,0,9022001070308002,2343,38
706,0,9022001070890002,1810,35
706,0,9022001070892002,2168,38
706,1,9022001070108006,-2292,28
707,0,9022001013401007,-17085,94
707,0,9022001013835001,2754,18
707,0,9022001013851001,2674,18
707,0,9022001070010002,7349,72
707,0,9022001070014004,7776,74
707,0,9022001070016002,3565,74
707,0,9022001070173001,3182,44
707,0,9022001070215001,595,47
707,0,9022001070258009,-13555,75
707,0,9022001070320005,-2528,42
707,0,9022001070376002,3389,45
707,0,9022001070379002,3139,44
707,0,9022001070381002,3331,44
707,0,9022001070385002,3033,42
707,0,9022001070388003,2265,24
707,0,9022001070389002,488,20
707,0,9022001070391002,326,20
707,0,9022001070393002,303,19
707,0,9022001070397003,401,28
707,0,9022001070400001,355,40
707,0,9022001070447001,5954,74
707,0,9022001070454002,5184,54
707,0,9022001070456002,6302,56
707,0,9022001070458002,5092,61
707,0,9022001070464002,5329,74
707,0,9022001070466002,780,74
707,0,9022001070468002,-2419,74
707,0,9022001070470002,-4016,74
707,0,9022001070472002,-4519,74
707,0,9022001070474002,-3376,75
707,0,9022001070704002,3850,48
707,0,9022001070798002,-2845,75
707,0,9022001070813002,3106,42
707,0,9022001070828002,-4216,74
707,0,9022001070839001,81,33
707,0,9022001070865002,542,20
707,0,9022001070960001,2459,22
707,0,9022001070962001,2740,21
707,0,9022001070964001,2889,20
707,0,9022001070968001,3144,18
707,0,9022001072224002,6640,74
707,1,9022001013401007,-16928,72
707,1,9022001013835002,-4888,72
707,1,9022001013851002,-4960,72
707,1,9022001070010001,1749,40
707,1,9022001070014003,607,40
707,1,9022001070016001,-1017,40
707,1,9022001070215006,879,46
707,1,9022001070258006,1811,89
707,1,9022001070320004,3692,71
707,1,9022001070376001,5450,62
707,1,9022001070379001,5983,65
707,1,9022001070381001,6122,68
707,1,9022001070385001,5879,70
707,1,9022001070388002,5482,72
707,1,9022001070389001,2235,34
707,1,9022001070391001,2476,34
707,1,9022001070393001,6806,71
707,1,9022001070397001,5076,65
707,1,9022001070400002,4997,65
707,1,9022001070447002,2283,40
707,1,9022001070454001,1861,40
707,1,9022001070456001,1124,40
707,1,9022001070458001,524,40
707,1,9022001070466001,4180,40
707,1,9022001070468001,4991,40
707,1,9022001070470001,4423,40
707,1,9022001070472001,4300,40
707,1,9022001070474001,3081,39
707,1,9022001070704001,2205,42
707,1,9022001070798001,2309,34
707,1,9022001070813001,5545,70
707,1,9022001070828001,4952,40
707,1,9022001070839002,5607,65
707,1,9022001070865001,2512,34
707,1,9022001070960002,1413,72
707,1,9022001070962002,-371,71
707,1,9022001070964002,-1660,72
707,1,9022001070968002,-4983,72
707,1,9022001072224001,1368,40
708,0,9022001070001001,1145,1
708,0,9022001070002001,1126,1
708,0,9022001070002002,1079,1
708,0,9022001070004001,25185,65
708,0,9022001070006001,25198,64
708,0,9022001070008001,22460,61
708,0,9022001070038005,19143,82
708,0,9022001070040001,23617,47
708,0,9022001070042001,23968,47
708,0,9022001070044001,24331,47
708,0,9022001070046001,24413,47
708,0,9022001070048001,22986,46
708,0,9022001070050001,22615,46
708,0,9022001070104001,20710,41
708,0,9022001070106001,19738,40
708,0,9022001070258009,13030,70
708,0,9022001070362002,10009,21
708,0,9022001070454002,20697,54
708,0,9022001070456002,21295,54
708,0,9022001070458002,19653,55
708,0,9022001070462002,27230,70
708,0,9022001070464002,22087,70
708,0,9022001070466002,21135,70
708,0,9022001070468002,18299,70
708,0,9022001070470002,17912,70
708,0,9022001070472002,18274,70
708,0,9022001070474002,19138,70
708,0,9022001070510001,7574,18
708,0,9022001070512001,7636,18
708,0,9022001070514001,7450,18
708,0,9022001070518004,-629,45
708,0,9022001070716002,20754,46
708,0,9022001070744002,21532,46
708,0,9022001070746002,22242,46
708,0,9022001070750002,17044,35
708,0,9022001070752002,16548,34
708,0,9022001070754002,15936,32
708,0,9022001070756002,12910,27
708,0,9022001070758002,11144,23
708,0,9022001070760002,9540,21
708,0,9022001070762002,12040,25
708,0,9022001070798002,20579,70
708,0,9022001070828002,17378,70
708,0,9022001070859001,22467,46
708,0,9022001072358001,23320,47
708,0,9022001072385002,21826,46
708,0,9022001073040002,16141,32
708,1,9022001070001001,149,1
708,1,9022001070002001,141,1
708,1,9022001070002002,181,1
708,1,9022001070004002,6160,32
708,1,9022001070006002,6603,33
708,1,9022001070008002,7830,39
708,1,9022001070038003,6831,53
708,1,9022001070040002,7181,45
708,1,9022001070042002,7132,45
708,1,9022001070044002,6864,45
708,1,9022001070046002,6801,45
708,1,9022001070048002,6800,45
708,1,9022001070050002,7412,45
708,1,9022001070104002,8857,43
708,1,9022001070106002,9159,43
708,1,9022001070258006,2604,80
708,1,9022001070362001,13984,49
708,1,9022001070454001,8370,50
708,1,9022001070456001,7596,50
708,1,9022001070458001,7219,46
708,1,9022001070462001,5542,27
708,1,9022001070464001,5470,22
708,1,9022001070466001,6760,20
708,1,9022001070468001,6756,19
708,1,9022001070470001,5010,17
708,1,9022001070472001,4790,17
708,1,9022001070474001,3308,15
708,1,9022001070510002,12858,49
708,1,9022001070512002,13598,49
708,1,9022001070514002,11771,49
708,1,9022001070518004,7644,50
708,1,9022001070716001,6394,46
708,1,9022001070744001,8650,45
708,1,9022001070746001,8250,45
708,1,9022001070750001,9426,44
708,1,9022001070752001,10210,44
708,1,9022001070754001,10195,47
708,1,9022001070756001,12754,49
708,1,9022001070758001,13214,49
708,1,9022001070760001,14513,49
708,1,9022001070762001,13085,49
708,1,9022001070798001,2280,14
708,1,9022001070828001,5336,17
708,1,9022001070859002,8048,45
708,1,9022001072358002,7288,44
708,1,9022001072385001,7908,45
708,1,9022001073040001,12853,49
708Y,0,9022001072026001,-398,2
708Y,1,9022001070462002,101,2
708Y,1,9022001070464002,215,1
708Y,1,9022001070466002,138,1
708Y,1,9022001072026001,31,1
709,0,9022001070100001,-475,10
709,0,9022001070102001,-487,10
709,0,9022001070108001,-1714,10
709,0,9022001070112002,-830,10
709,0,9022001070122001,-749,10
709,0,9022001070124001,-1197,10
709,0,9022001070126001,-981,10
709,0,9022001070128001,-661,10
709,0,9022001070130002,129,10
709,0,9022001070145002,-5,10
709,0,9022001070147002,529,10
709,0,9022001070149002,613,10
709,0,9022001070151002,570,10
709,0,9022001070153002,1137,10
709,0,9022001070155001,273,9
709,0,9022001070155002,715,9
709,0,9022001070157001,314,9
709,0,9022001070157002,681,9
709,0,9022001070159001,382,9
709,0,9022001070159002,594,9
709,0,9022001070161001,443,9
709,0,9022001070161002,529,9
709,0,9022001070163001,479,9
709,0,9022001070163002,496,9
709,0,9022001070165001,495,9
709,0,9022001070165002,480,9
709,0,9022001070168001,408,9
709,0,9022001070169002,575,9
709,0,9022001070174001,497,9
709,0,9022001070426001,-30,10
709,0,9022001070583001,-796,10
709,0,9022001070585001,-484,10
709,0,9022001070887002,-2579,13
709,0,9022001070931001,-494,10
709,0,9022001070976001,342,9
709,0,9022001070978001,345,9
709,1,9022001070108001,-1706,8
709,1,9022001070155002,822,3
709,1,9022001070157002,588,2
709,1,9022001070159002,207,1
709,1,9022001070169001,719,3
709,1,9022001070174002,740,3
709,1,9022001070887002,308,3
709,1,9022001070976002,650,3
709,1,9022001070978002,552,3
71,0,9022001010599001,6236,42
71,0,9022001010619002,7825,43
71,0,9022001010788001,7909,43
71,0,9022001040011002,8860,43
71,0,9022001040013002,8038,42
71,0,9022001040016001,7802,41
71,0,9022001040019002,7498,40
71,0,9022001040021002,7057,40
71,0,9022001040023002,7292,39
71,0,9022001040091002,4635,34
71,0,9022001040093002,4268,33
71,0,9022001040095002,2410,38
71,1,9022001010599002,-8,50
71,1,9022001010619001,3384,32
71,1,9022001010665002,3282,32
71,1,9022001040011001,4418,32
71,1,9022001040013001,4140,32
71,1,9022001040019001,3711,32
71,1,9022001040021001,3458,32
71,1,9022001040091001,2696,32
71,1,9022001040093001,3194,32
71,1,9022001040095001,753,32
710,0,9022001070057003,3225,49
710,0,9022001070062001,4572,46
710,0,9022001070064001,4215,45
710,0,9022001070066001,4043,45
710,0,9022001070068001,3901,45
710,0,9022001070070001,3135,44
710,0,9022001070072001,2605,43
710,0,9022001070074001,1612,40
710,0,9022001070076001,1438,40
710,0,9022001070078001,-431,40
710,0,9022001070080001,1506,40
710,0,9022001070082001,1874,40
710,0,9022001070084001,-694,40
710,0,9022001070086001,-678,35
710,0,9022001070088001,848,35
710,0,9022001070096001,512,11
710,0,9022001070098001,-13468,67
710,0,9022001070100001,0,19
710,0,9022001070102001,-112,20
710,0,9022001070113001,150,40
710,0,9022001070114001,1514,40
710,0,9022001070320001,-10827,60
710,0,9022001070388001,4437,57
710,0,9022001070400001,-513,60
710,0,9022001070400002,8124,59
710,0,9022001070401002,4265,55
710,0,9022001070403002,4121,52
710,0,9022001070643001,6978,60
710,0,9022001070718001,483,11
710,0,9022001070766002,5,40
710,0,9022001070819001,8270,59
710,0,9022001070821001,8589,59
710,0,9022001070839001,1604,60
710,0,9022001070911003,4014,60
710,1,9022001070057002,1131,27
710,1,9022001070062002,1946,28
710,1,9022001070064002,1928,28
710,1,9022001070066002,1841,28
710,1,9022001070068002,2711,32
710,1,9022001070070002,3075,33
710,1,9022001070072002,3304,34
710,1,9022001070074002,3600,37
710,1,9022001070076002,4492,39
710,1,9022001070078002,3514,44
710,1,9022001070080002,3999,47
710,1,9022001070084002,6618,57
710,1,9022001070086002,7638,58
710,1,9022001070088002,2109,62
710,1,9022001070096002,-2205,57
710,1,9022001070098001,-8215,57
710,1,9022001070100002,278,57
710,1,9022001070102002,1466,57
710,1,9022001070113002,5469,51
710,1,9022001070114002,5282,41
710,1,9022001070320002,1742,74
710,1,9022001070388002,2064,27
710,1,9022001070400002,363,18
710,1,9022001070401001,2414,27
710,1,9022001070403001,2342,27
710,1,9022001070643002,1551,24
710,1,9022001070718002,-3976,57
710,1,9022001070766001,5528,53
710,1,9022001070819002,1413,24
710,1,9022001070821002,1028,24
710,1,9022001070839002,830,21
710,1,9022001070911002,998,24
711,0,9022001070200002,-40,7
711,0,9022001070204002,283,7
711,0,9022001070213001,153,6
711,0,9022001070243002,122,22
711,0,9022001070439001,180,7
711,0,9022001070482002,50,7
711,0,9022001070484005,-463,7
711,0,9022001070686001,-1090,7
711,0,9022001070735001,35,7
711,0,9022001070740001,-159,7
711,0,9022001072208002,378,7
711,0,9022001072210002,251,7
711,1,9022001070200001,1970,22
711,1,9022001070204001,1380,22
711,1,9022001070213002,-1436,22
711,1,9022001070243005,-5705,23
711,1,9022001070439002,2165,22
711,1,9022001070482001,1830,22
711,1,9022001070484001,566,22
711,1,9022001070686001,-2829,23
711,1,9022001070735002,997,22
711,1,9022001070740002,640,22
711,1,9022001072208001,-672,22
711,1,9022001072210001,-69,22
713,0,9022001070175001,4189,44
713,0,9022001070186008,4800,70
713,0,9022001070188001,6622,70
713,0,9022001070192001,10059,63
713,0,9022001070210002,3561,41
713,0,9022001070235001,3508,42
713,0,9022001070237002,7843,55
713,0,9022001070239001,2848,41
713,0,9022001070245002,1354,37
713,0,9022001070249002,1872,36
713,0,9022001070251002,2613,29
713,0,9022001070253002,2938,26
713,0,9022001070255002,2684,24
713,0,9022001070258007,4073,97
713,0,9022001070259001,5077,47
713,0,9022001070482002,6916,72
713,0,9022001070484005,5396,75
713,0,9022001070485001,551,75
713,0,9022001070488001,-4324,75
713,0,9022001070645002,3019,24
713,0,9022001070691002,6899,70
713,0,9022001070735001,8438,75
713,0,9022001070740001,4701,75
713,0,9022001070934001,7361,69
713,0,9022001070936001,6840,67
713,0,9022001070986002,4820,75
713,0,9022001072330001,3072,39
713,0,9022001072332001,-636,38
713,0,9022001072336002,5661,52
713,0,9022001072338002,4836,48
713,0,9022001072394001,10206,65
713,0,9022001072396001,9297,61
713,1,9022001070175002,13288,91
713,1,9022001070186013,5025,72
713,1,9022001070188003,7497,72
713,1,9022001070192002,7491,86
713,1,9022001070210001,10232,90
713,1,9022001070235002,9224,91
713,1,9022001070237001,8580,89
713,1,9022001070239002,10736,92
713,1,9022001070245001,9020,98
713,1,9022001070249001,6224,98
713,1,9022001070251001,3682,98
713,1,9022001070253001,1358,99
713,1,9022001070255001,87,99
713,1,9022001070258009,-11038,100
713,1,9022001070259002,12724,91
713,1,9022001070482001,6780,71
713,1,9022001070484001,3859,71
713,1,9022001070485002,2619,58
713,1,9022001070488001,-19016,88
713,1,9022001070645001,-1496,99
713,1,9022001070735002,5533,71
713,1,9022001070740002,3148,71
713,1,9022001070934002,7652,72
713,1,9022001070936002,6483,74
713,1,9022001070986001,2639,66
713,1,9022001072330002,9991,94
713,1,9022001072332002,6584,95
713,1,9022001072336001,13737,90
713,1,9022001072338001,12163,90
713,1,9022001072394002,6829,79
713,1,9022001072396002,7707,88
714,0,9022001070108005,-1487,45
714,0,9022001070221001,-24,6
714,0,9022001070222003,-80,6
714,0,9022001070358001,3586,45
714,0,9022001070360001,3801,45
714,0,9022001070366002,21,6
714,0,9022001070368002,2851,40
714,0,9022001070372001,-13389,72
714,0,9022001070374001,296,6
714,0,9022001070632001,-673,10
714,0,9022001070896002,4458,45
714,0,9022001070898001,4768,44
714,0,9022001070898002,4608,45
714,0,9022001070919001,4465,44
714,0,9022001070919002,5291,44
714,0,9022001070980001,3873,42
714,0,9022001070982001,3376,41
714,1,9022001070108007,-12212,89
714,1,9022001070222001,-115,4
714,1,9022001070358002,2391,19
714,1,9022001070360002,2962,22
714,1,9022001070366001,-83,4
714,1,9022001070368001,1900,25
714,1,9022001070372001,-1421,25
714,1,9022001070374002,-144,4
714,1,9022001070632001,-463,4
714,1,9022001070896001,3359,22
714,1,9022001070898001,4503,24
714,1,9022001070898002,3755,25
714,1,9022001070919001,4553,25
714,1,9022001070919002,5022,24
714,1,9022001070980002,3655,25
714,1,9022001070982002,3022,25
715H,0,9022001070258002,-723,10
715H,0,9022001070258010,-1317,36
715H,0,9022001070326001,1063,10
715H,0,9022001070327001,361,9
715H,0,9022001070418001,477,9
715H,0,9022001070477002,540,9
715H,0,9022001070491002,444,9
715H,0,9022001070494001,1192,10
715H,0,9022001070496001,1080,10
715H,0,9022001070500001,803,10
715H,0,9022001070502001,904,10
715V,1,9022001070258009,-3023,20
715V,1,9022001070258010,-921,67
715V,1,9022001070327002,1598,19
715V,1,9022001070418002,2341,19
715V,1,9022001070477001,2263,19
715V,1,9022001070491001,2238,19
715V,1,9022001070494002,1665,19
715V,1,9022001070496002,2088,19
715V,1,9022001070500002,2275,19
715V,1,9022001070502002,2160,19
716,0,9022001070258009,-17633,81
716,0,9022001070322001,908,81
716,0,9022001070324001,1769,81
716,0,9022001070331002,6878,78
716,0,9022001070333002,7169,73
716,0,9022001070335002,6539,71
716,0,9022001070337002,5282,68
716,0,9022001070341002,2518,62
716,0,9022001070344001,-19093,97
716,0,9022001070779002,3061,81
716,0,9022001070781002,3616,81
716,0,9022001070783002,6299,80
716,0,9022001070785002,7091,79
716,1,9022001070258003,-2734,92
716,1,9022001070322002,-858,33
716,1,9022001070324002,-236,34
716,1,9022001070331001,1058,34
716,1,9022001070333001,753,35
716,1,9022001070335001,862,34
716,1,9022001070337001,87,35
716,1,9022001070341001,-2645,35
716,1,9022001070344001,-6744,35
716,1,9022001070779001,315,35
716,1,9022001070781001,796,35
716,1,9022001070783001,1194,35
716,1,9022001070785001,-704,35
717,0,9022001070258009,-3073,12
717,0,9022001070327002,-472,12
717,0,9022001070329002,-535,12
717,0,9022001070331002,-305,12
717,0,9022001070333002,572,12
717,0,9022001070335002,716,12
717,0,9022001070337002,842,12
717,0,9022001070341002,301,10
717,0,9022001070344001,-3232,17
717,1,9022001070258003,330,25
717,1,9022001070327001,360,5
717,1,9022001070329001,447,5
717,1,9022001070331001,496,5
717,1,9022001070333001,299,5
717,1,9022001070335001,257,5
717,1,9022001070337001,-118,5
717,1,9022001070341001,-205,5
717,1,9022001070344001,-508,5
718,0,9022001070258009,-14077,75
718,0,9022001070348001,-1556,75
718,0,9022001070350001,-756,74
718,0,9022001070352001,-22649,118
718,1,9022001070258004,939,112
718,1,9022001070348002,2182,24
718,1,9022001070350002,941,24
718,1,9022001070352001,-2391,24
719,0,9022001070258009,-4318,15
719,0,9022001070322001,-1010,15
719,0,9022001070324001,-851,15
719,0,9022001070779002,-640,15
719,0,9022001070781002,-597,15
719,0,9022001070783002,-93,15
719,0,9022001070785002,-1876,23
719,1,9022001070258004,243,34
719,1,9022001070322002,-344,3
719,1,9022001070324002,-341,3
719,1,9022001070779001,-324,3
719,1,9022001070781001,-306,3
719,1,9022001070783001,-334,3
719,1,9022001070785001,-627,3
72,0,9022001010040001,306,25
72,0,9022001010045001,-16,25
72,0,9022001010046003,-174,25
72,0,9022001010048001,-162,25
72,0,9022001010051001,666,25
72,0,9022001010052004,398,25
72,0,9022001010054001,375,24
72,0,9022001010056003,-5866,27
72,0,9022001010151004,-1054,32
72,0,9022001010178001,1566,34
72,0,9022001010180001,26,35
72,0,9022001010182001,1371,33
72,0,9022001010188001,-132,32
72,0,9022001010191001,-268,31
72,0,9022001010192001,70,31
72,0,9022001010194006,-489,30
72,0,9022001010198001,1049,27
72,0,9022001010199001,1414,29
72,0,9022001010273002,391,35
72,0,9022001010315003,-3227,35
72,0,9022001010346004,-3086,35
72,0,9022001050800012,-11842,35
72,1,9022001010040002,2426,35
72,1,9022001010045002,2503,35
72,1,9022001010046002,2906,35
72,1,9022001010048002,3286,35
72,1,9022001010051002,1691,35
72,1,9022001010052003,-1330,35
72,1,9022001010054002,-3122,35
72,1,9022001010056002,-7462,35
72,1,9022001010151003,-1717,28
72,1,9022001010178002,-923,25
72,1,9022001010180002,1113,27
72,1,9022001010188002,467,30
72,1,9022001010191002,956,30
72,1,9022001010193001,806,30
72,1,9022001010194004,-289,31
72,1,9022001010198002,1836,34
72,1,9022001010199002,1474,34
72,1,9022001010273001,-1215,23
72,1,9022001010315002,-395,23
72,1,9022001010346003,264,23
72,1,9022001050800012,-6013,28
721,0,9022001070243002,-3961,49
721,0,9022001070355001,96,52
721,0,9022001070414002,1930,45
721,0,9022001070416002,2095,47
721,0,9022001070420002,2556,47
721,0,9022001070424002,3365,47
721,0,9022001070430002,550,7
721,0,9022001070432002,481,7
721,0,9022001070435002,-1430,10
721,0,9022001070773001,1353,48
721,0,9022001070775001,719,48
721,0,9022001070777001,-4759,48
721,0,9022001072020001,634,44
721,0,9022001072218001,2680,46
721,0,9022001072220001,1796,45
721,0,9022001072401002,1632,47
721,0,9022001072403002,2075,47
721,0,9022001072405002,1917,47
721,0,9022001072407002,1971,47
721,0,9022001072409002,-4129,48
721,0,9022001072411002,1709,47
721,1,9022001070243001,-1450,46
721,1,9022001070355002,-1640,9
721,1,9022001070414001,-537,7
721,1,9022001070416001,-620,7
721,1,9022001070420001,-689,7
721,1,9022001070424001,-910,8
721,1,9022001070430001,282,2
721,1,9022001070432001,280,2
721,1,9022001070435002,-92,2
721,1,9022001070773002,-22,7
721,1,9022001070775002,135,7
721,1,9022001070777002,106,7
721,1,9022001072020002,-185,9
721,1,9022001072218002,-833,8
721,1,9022001072220002,-796,8
721,1,9022001072401001,-121,7
721,1,9022001072403001,-380,7
721,1,9022001072405001,-418,7
721,1,9022001072407001,-418,7
721,1,9022001072409001,516,7
721,1,9022001072411001,-440,7
721X,0,9022001070243002,28,21
721X,0,9022001070355001,560,17
721X,0,9022001070414002,-1001,18
721X,0,9022001070416002,-832,18
721X,0,9022001070420002,-330,18
721X,0,9022001070424002,499,18
721X,0,9022001070430002,284,4
721X,0,9022001070432002,255,4
721X,0,9022001070435002,-1519,8
721X,0,9022001072020001,172,14
721X,0,9022001072218001,464,18
721X,0,9022001072220001,198,16
721X,1,9022001070243001,-818,49
721X,1,9022001070355002,-3342,25
721X,1,9022001070414001,1406,20
721X,1,9022001070416001,1154,21
721X,1,9022001070420001,718,24
721X,1,9022001070424001,-571,25
721X,1,9022001070430001,-493,5
721X,1,9022001070432001,-567,5
721X,1,9022001070435002,-1743,5
721X,1,9022001072020002,250,25
721X,1,9022001072218002,-208,25
721X,1,9022001072220002,-405,25
723,0,9022001070194001,936,24
723,0,9022001070206003,831,24
723,0,9022001070208001,1622,24
723,0,9022001070243002,1238,105
723,0,9022001070437001,-2454,24
723,0,9022001070441002,-402,24
723,0,9022001070443002,80,24
723,0,9022001070445002,449,24
723,0,9022001070449002,709,24
723,0,9022001072330001,2025,24
723,0,9022001072332001,1898,24
723,1,9022001070194002,3515,65
723,1,9022001070206004,3612,65
723,1,9022001070208002,3041,65
723,1,9022001070243005,3807,65
723,1,9022001070437001,-13297,91
723,1,9022001070441001,1754,55
723,1,9022001070443001,1987,56
723,1,9022001070445001,1936,55
723,1,9022001070449001,2335,59
723,1,9022001072330002,2422,65
723,1,9022001072332002,2092,65
725,0,9022001070258002,-4678,85
725,0,9022001070498001,11621,85
725,0,9022001070504001,6194,85
725,0,9022001070506001,8599,79
725,0,9022001070508001,7821,76
725,0,9022001070510001,4251,73
725,0,9022001070512001,4975,72
725,0,9022001070514001,4032,71
725,0,9022001070516001,3604,69
725,0,9022001070518001,-4705,98
725,0,9022001070519002,8579,85
725,0,9022001070789002,1908,38
725,0,9022001070791002,1697,37
725,0,9022001070793002,938,36
725,0,9022001070795002,-8812,58
725,0,9022001073042001,9300,86
725,1,9022001070258011,-2098,126
725,1,9022001070498002,2533,43
725,1,9022001070504002,1964,41
725,1,9022001070506002,5962,41
725,1,9022001070508002,6479,42
725,1,9022001070510002,5061,44
725,1,9022001070512002,5865,45
725,1,9022001070514002,5729,48
725,1,9022001070516002,3131,51
725,1,9022001070518003,-1853,51
725,1,9022001070519001,2634,43
725,1,9022001070789001,240,38
725,1,9022001070791001,-218,37
725,1,9022001070793001,-177,38
725,1,9022001070795002,-2953,38
725,1,9022001073042002,3551,43
725,1,9022001074000001,2590,41
726,0,9022001010369011,-26,1
726,0,9022001010645001,1848,14
726,0,9022001010649005,1006,15
726,0,9022001013051005,-4197,21
726,0,9022001013381001,-1629,18
726,0,9022001013389001,-1407,20
726,0,9022001013487001,-777,22
726,0,9022001013879002,843,15
726,0,9022001070083001,240,24
726,0,9022001070108003,-2074,24
726,0,9022001070178002,-204,27
726,0,9022001070180002,1120,29
726,0,9022001070182002,1169,29
726,0,9022001070186002,-37,29
726,0,9022001070200001,2138,16
726,0,9022001070204001,1925,16
726,0,9022001070439002,2336,16
726,0,9022001070589002,-251,24
726,0,9022001070773001,2146,16
726,0,9022001070775001,1731,16
726,0,9022001070777001,198,16
726,0,9022001072208001,1904,16
726,0,9022001072210001,1782,16
726,1,9022001010369010,-5382,17
726,1,9022001010645002,-2744,17
726,1,9022001010649004,-1326,17
726,1,9022001013051009,1611,15
726,1,9022001013381002,1851,17
726,1,9022001013389002,2270,15
726,1,9022001013487002,2824,14
726,1,9022001013879001,-1259,17
726,1,9022001070083002,1382,12
726,1,9022001070108009,948,14
726,1,9022001070178001,1449,8
726,1,9022001070180001,1245,8
726,1,9022001070182001,1223,8
726,1,9022001070186010,291,10
726,1,9022001070200002,621,7
726,1,9022001070204002,882,7
726,1,9022001070213001,394,7
726,1,9022001070243001,271,12
726,1,9022001070439001,883,7
726,1,9022001070589001,2629,14
726,1,9022001072208002,701,7
726,1,9022001072210002,832,7
727,0,9022001070258009,-5422,32
727,0,9022001070327002,66,32
727,0,9022001070329002,129,32
727,0,9022001070331002,774,31
727,0,9022001070333002,2720,31
727,0,9022001070335002,3422,31
727,0,9022001070337002,2886,32
727,0,9022001070522001,5062,32
727,0,9022001070524001,3792,32
727,0,9022001070526001,3509,32
727,0,9022001070528001,3767,32
727,0,9022001070530001,5109,32
727,0,9022001070532001,5288,32
727,0,9022001070534001,4975,30
727,0,9022001070536001,4830,29
727,0,9022001070538001,4369,26
727,0,9022001070540001,4422,26
727,0,9022001070542001,3808,26
727,0,9022001070544001,3533,26
727,0,9022001070546001,4716,26
727,0,9022001070548001,2698,21
727,0,9022001070550001,2637,21
727,0,9022001070552001,2097,19
727,0,9022001070554001,1805,17
727,0,9022001070556001,1376,16
727,0,9022001070558001,1224,16
727,0,9022001070560001,-1780,19
727,0,9022001070561002,4580,26
727,0,9022001070581002,3825,25
727,1,9022001070258001,-1743,28
727,1,9022001070327001,2112,12
727,1,9022001070329001,2344,12
727,1,9022001070331001,2258,12
727,1,9022001070333001,2045,12
727,1,9022001070335001,2090,12
727,1,9022001070337001,1352,12
727,1,9022001070522002,1497,12
727,1,9022001070524002,1876,12
727,1,9022001070526002,1982,12
727,1,9022001070528002,1494,12
727,1,9022001070530002,1650,12
727,1,9022001070532002,1584,12
727,1,9022001070534002,1595,12
727,1,9022001070536002,1624,12
727,1,9022001070538002,1696,12
727,1,9022001070540002,1662,12
727,1,9022001070542002,1943,13
727,1,9022001070544002,1488,13
727,1,9022001070546002,1348,13
727,1,9022001070548002,1099,13
727,1,9022001070550002,913,13
727,1,9022001070552002,798,13
727,1,9022001070554002,426,12
727,1,9022001070556002,328,13
727,1,9022001070558002,241,13
727,1,9022001070560002,-761,13
727,1,9022001070561001,1443,13
727,1,9022001070581001,1055,13
729,0,9022001070258009,588,5
729,0,9022001070327002,1467,5
729,0,9022001070329002,1493,5
729,0,9022001070331002,1568,5
729,0,9022001070333002,1834,5
729,0,9022001070335002,1916,5
729,0,9022001070337002,1728,5
729,0,9022001070522001,2202,5
729,0,9022001070524001,1062,3
729,0,9022001070566001,1095,3
729,0,9022001070568001,1010,3
729,0,9022001070570001,973,3
729,0,9022001070572001,1010,3
729,0,9022001070574001,1029,3
729,0,9022001070576001,1054,3
729,0,9022001070578001,1087,3
729,0,9022001070580001,858,3
729,0,9022001075465002,252,2
729,0,9022001075467002,230,2
729,0,9022001075469002,257,2
729,0,9022001075471002,244,2
729,0,9022001075474001,-848,6
729,0,9022001075719002,263,2
729,0,9022001081189002,136,2
729,0,9022001081191002,190,2
729,0,9022001081193002,199,2
729,0,9022001081195002,208,2
729,0,9022001081197002,218,2
729,0,9022001081199002,232,2
729,0,9022001081201002,297,2
729,0,9022001081203002,281,2
729,0,9022001081205002,192,2
729,0,9022001086998001,-42,1
729,1,9022001070258001,-1360,9
729,1,9022001070327001,-482,2
729,1,9022001070329001,-444,2
729,1,9022001070331001,-436,2
729,1,9022001070333001,-482,2
729,1,9022001070335001,-502,2
729,1,9022001070337001,-640,2
729,1,9022001070522002,-104,2
729,1,9022001070524003,-112,2
729,1,9022001070566002,-24,3
729,1,9022001070568002,14650,5
729,1,9022001070570002,-89,3
729,1,9022001070572002,625,4
729,1,9022001070574002,622,4
729,1,9022001070576002,754,5
729,1,9022001070578002,725,5
729,1,9022001070580002,679,6
729,1,9022001075465001,2399,9
729,1,9022001075467001,2213,9
729,1,9022001075469001,1867,9
729,1,9022001075471001,924,9
729,1,9022001075474001,-86,9
729,1,9022001075719001,2439,9
729,1,9022001081189001,1102,6
729,1,9022001081191001,2173,8
729,1,9022001081193001,2108,8
729,1,9022001081195001,2109,9
729,1,9022001081197001,2043,9
729,1,9022001081199001,1620,9
729,1,9022001081201001,2470,9
729,1,9022001081203001,2584,9
729,1,9022001081205001,1966,7
729,1,9022001086998001,-600,3
731,1,9022001070508002,420,1
731,1,9022001070510001,420,1
731,1,9022001070510002,420,1
731,1,9022001070512001,420,1
731,1,9022001070512002,1760,5
731,1,9022001070514001,420,1
731,1,9022001070514002,1986,5
731,1,9022001070518002,-889,26
731,1,9022001070760002,420,1
731,1,9022001070801001,2275,6
731,1,9022001070810002,697,4
731,1,9022001072281002,699,4
731,1,9022001072283001,772,4
731,1,9022001072285001,765,4
731,1,9022001073050001,2593,6
731,1,9022001073051001,2491,6
731,1,9022001073052001,1141,3
731,1,9022001073053001,1268,3
731,1,9022001073054001,1539,4
731,1,9022001073055001,1887,5
731,1,9022001073206001,705,4
731,1,9022001073208001,616,4
731,1,9022001073217002,726,4
731,1,9022001073224001,577,3
737,0,9022001070010002,1412,10
737,0,9022001070014004,1357,10
737,0,9022001070016002,669,10
737,0,9022001070215001,209,5
737,0,9022001070258002,-1613,10
737,0,9022001070320005,50,15
737,0,9022001070400002,388,5
737,0,9022001070447001,1132,10
737,0,9022001070454002,980,7
737,0,9022001070456002,1032,7
737,0,9022001070458002,995,8
737,0,9022001070464002,1184,10
737,0,9022001070466002,691,10
737,0,9022001070468002,382,10
737,0,9022001070470002,388,10
737,0,9022001070472002,427,10
737,0,9022001070634002,403,10
737,0,9022001070704002,394,5
737,0,9022001070720001,418,5
737,0,9022001070828002,284,10
737,0,9022001070839002,458,5
737,0,9022001070861001,487,5
737,0,9022001070863001,522,5
737,0,9022001070911002,515,5
737,0,9022001072224002,1070,10
737,1,9022001070010001,230,5
737,1,9022001070014003,33,5
737,1,9022001070016001,-152,5
737,1,9022001070215006,404,6
737,1,9022001070258010,175,8
737,1,9022001070320001,-994,8
737,1,9022001070400001,422,8
737,1,9022001070447002,160,5
737,1,9022001070454001,211,5
737,1,9022001070456001,154,5
737,1,9022001070458001,-40,5
737,1,9022001070466001,28,4
737,1,9022001070468001,68,4
737,1,9022001070470001,-134,3
737,1,9022001070472001,-177,3
737,1,9022001070634001,-164,3
737,1,9022001070643001,1347,8
737,1,9022001070704001,136,5
737,1,9022001070720002,1009,8
737,1,9022001070828001,-82,3
737,1,9022001070839001,689,8
737,1,9022001070861002,755,8
737,1,9022001070863002,791,8
737,1,9022001070911003,1045,8
737,1,9022001072224001,232,5
738,0,9022001070010002,1782,7
738,0,9022001070038005,495,5
738,0,9022001070040001,630,4
738,0,9022001070042001,659,4
738,0,9022001070044001,696,4
738,0,9022001070046001,715,4
738,0,9022001070048001,725,4
738,0,9022001070050001,695,4
738,0,9022001070052001,-7485,39
738,0,9022001070258009,-352,7
738,0,9022001070460002,2060,7
738,0,9022001070462002,1690,7
738,0,9022001070464002,1680,7
738,0,9022001070466002,1422,7
738,0,9022001070468002,1268,7
738,0,9022001070798004,314,7
738,0,9022001072222002,804,7
738,0,9022001072226001,126,2
738,0,9022001072358001,620,4
738,1,9022001070010001,269,12
738,1,9022001070038003,-220,12
738,1,9022001070040002,368,13
738,1,9022001070042002,-47,13
738,1,9022001070044002,-312,13
738,1,9022001070046002,-545,13
738,1,9022001070048002,-974,13
738,1,9022001070050002,-1141,13
738,1,9022001070052001,-1760,13
738,1,9022001070258002,-1089,40
738,1,9022001070460001,131,12
738,1,9022001070462001,-13,12
738,1,9022001070464001,97,11
738,1,9022001070466001,718,10
738,1,9022001070468001,827,10
738,1,9022001070798003,750,10
738,1,9022001072222001,715,10
738,1,9022001072358002,544,12
74,0,9022001010136002,6935,51
74,0,9022001010261002,4184,35
74,0,9022001010262002,-9797,67
74,0,9022001010401001,5973,39
74,0,9022001010406003,2362,36
74,0,9022001010421003,4339,67
74,0,9022001010429003,-424,67
74,0,9022001010473001,2152,67
74,0,9022001010645002,4560,67
74,0,9022001010647002,4068,65
74,0,9022001010649002,2659,61
74,0,9022001010651002,5332,60
74,0,9022001010653002,6691,60
74,0,9022001010655002,6803,59
74,0,9022001010658001,5710,55
74,0,9022001010659002,5110,54
74,0,9022001010661002,4691,54
74,0,9022001010665001,-6849,91
74,0,9022001010668002,768,29
74,0,9022001010676002,1936,22
74,0,9022001010682002,1861,23
74,0,9022001010684001,845,27
74,1,9022001010136001,4928,111
74,1,9022001010261003,-823,118
74,1,9022001010262001,-1904,79
74,1,9022001010401002,1227,117
74,1,9022001010406003,-841,67
74,1,9022001010421001,1811,86
74,1,9022001010429004,-533,67
74,1,9022001010473002,1624,72
74,1,9022001010645001,1059,86
74,1,9022001010647001,4996,87
74,1,9022001010649001,1820,88
74,1,9022001010651001,3367,29
74,1,9022001010653001,2531,93
74,1,9022001010655001,5489,95
74,1,9022001010657001,6752,96
74,1,9022001010659001,8002,96
74,1,9022001010661001,1452,96
74,1,9022001010668001,7660,117
74,1,9022001010676001,1964,119
74,1,9022001010682001,4040,119
74,1,9022001010684002,1723,119
74,1,9022001010788001,-23817,119
74,1,9022001070692001,2721,89
740,0,9022001013304002,6761,108
740,0,9022001070186011,5254,77
740,0,9022001070188003,14938,80
740,0,9022001070216001,4141,85
740,0,9022001070218001,8462,81
740,0,9022001070222001,8701,81
740,0,9022001070224001,12153,81
740,0,9022001070226001,13093,80
740,0,9022001070230001,15811,80
740,0,9022001070320002,5697,113
740,0,9022001070376001,7876,85
740,0,9022001070379001,9523,88
740,0,9022001070381001,9898,90
740,0,9022001070385001,8343,101
740,0,9022001070393001,8058,108
740,0,9022001070400002,11030,113
740,0,9022001070451002,5493,84
740,0,9022001070482001,8554,71
740,0,9022001070484001,3816,66
740,0,9022001070485002,3680,63
740,0,9022001070488001,-20135,103
740,0,9022001070691001,14313,80
740,0,9022001070708001,12278,108
740,0,9022001070714001,13099,105
740,0,9022001070720001,5319,113
740,0,9022001070735002,5312,66
740,0,9022001070740002,4449,66
740,0,9022001070813001,11203,93
740,0,9022001070831001,12016,105
740,0,9022001070833001,12347,104
740,0,9022001070839002,12031,113
740,0,9022001070861003,-11538,114
740,0,9022001070863001,488,114
740,0,9022001070911002,11916,113
740,0,9022001070986001,2956,63
740,1,9022001013304001,5881,68
740,1,9022001070173001,12927,93
740,1,9022001070186008,7181,104
740,1,9022001070188001,7758,104
740,1,9022001070216002,17067,93
740,1,9022001070218002,16381,96
740,1,9022001070221001,15182,99
740,1,9022001070222002,10328,101
740,1,9022001070224002,11601,102
740,1,9022001070226002,10002,103
740,1,9022001070230002,5913,103
740,1,9022001070320004,898,66
740,1,9022001070376002,13744,93
740,1,9022001070379002,12591,92
740,1,9022001070381002,11726,91
740,1,9022001070385002,8683,87
740,1,9022001070400001,4402,61
740,1,9022001070451001,18451,94
740,1,9022001070482002,12183,105
740,1,9022001070484005,17117,105
740,1,9022001070485001,18117,105
740,1,9022001070488001,16621,105
740,1,9022001070643001,4652,58
740,1,9022001070691002,6650,103
740,1,9022001070708002,7776,74
740,1,9022001070714002,7562,80
740,1,9022001070720002,2705,57
740,1,9022001070735001,18489,105
740,1,9022001070740001,12389,105
740,1,9022001070813002,10679,89
740,1,9022001070831002,8386,81
740,1,9022001070833002,9963,85
740,1,9022001070839001,3427,59
740,1,9022001070861003,-21012,97
740,1,9022001070863002,1680,55
740,1,9022001070911003,3743,58
740,1,9022001070986002,18822,105
742,0,9022001013264004,3076,67
742,0,9022001070084002,15950,102
742,0,9022001070086002,17977,102
742,0,9022001070088003,7299,103
742,0,9022001070090001,13340,70
742,0,9022001070113002,14505,101
742,0,9022001070178002,7260,103
742,0,9022001070186010,-9024,103
742,0,9022001070266001,8869,94
742,0,9022001070268001,11958,86
742,0,9022001070270001,11974,84
742,0,9022001070272001,12814,79
742,0,9022001070358002,14237,103
742,0,9022001070360002,11506,103
742,0,9022001070480002,7555,103
742,0,9022001070482001,886,103
742,0,9022001070489002,9434,68
742,0,9022001070587002,11998,97
742,0,9022001070609002,7791,64
742,0,9022001070611002,8469,60
742,0,9022001070613002,8417,59
742,0,9022001070615002,7992,59
742,0,9022001070617002,7758,59
742,0,9022001070619002,5239,59
742,0,9022001070647002,14859,77
742,0,9022001070649002,13003,72
742,0,9022001070651002,13023,70
742,0,9022001070653002,12354,70
742,0,9022001070655002,11655,70
742,0,9022001070657002,10573,70
742,0,9022001070675002,7110,59
742,0,9022001070742002,1939,103
742,0,9022001070766001,14998,101
742,0,9022001080483002,5251,59
742,0,9022001080485002,5745,59
742,0,9022001080488001,-6836,94
742,1,9022001013264003,8981,57
742,1,9022001070083002,7891,39
742,1,9022001070084001,5480,38
742,1,9022001070086001,4192,37
742,1,9022001070088004,706,35
742,1,9022001070090002,7096,43
742,1,9022001070186002,-2198,81
742,1,9022001070266002,10051,41
742,1,9022001070268002,9985,41
742,1,9022001070270002,10200,41
742,1,9022001070272002,7836,41
742,1,9022001070358001,695,23
742,1,9022001070360001,456,22
742,1,9022001070480001,942,15
742,1,9022001070482002,937,11
742,1,9022001070489001,10456,56
742,1,9022001070587001,7355,40
742,1,9022001070609001,10809,58
742,1,9022001070611001,9195,58
742,1,9022001070613001,10756,58
742,1,9022001070615001,10841,58
742,1,9022001070617001,11377,58
742,1,9022001070619001,9835,59
742,1,9022001070647001,8805,42
742,1,9022001070649001,7910,42
742,1,9022001070651001,7007,47
742,1,9022001070653001,7579,48
742,1,9022001070655001,7846,49
742,1,9022001070657001,9297,51
742,1,9022001070675001,12040,58
742,1,9022001070742001,1260,12
742,1,9022001080483001,8733,58
742,1,9022001080485001,3790,58
742,1,9022001080488001,-2598,58
744,0,9022001013135001,1471,12
744,0,9022001013137001,1698,12
744,0,9022001013139001,2584,16
744,0,9022001013325001,3137,79
744,0,9022001013345001,1016,10
744,0,9022001070084002,10925,44
744,0,9022001070086002,11322,44
744,0,9022001070088002,7926,44
744,0,9022001070100002,10059,44
744,0,9022001070102002,10793,44
744,0,9022001070112003,12378,48
744,0,9022001070113002,11012,42
744,0,9022001070122002,11931,48
744,0,9022001070124002,7498,40
744,0,9022001070124003,1122,8
744,0,9022001070126002,7301,40
744,0,9022001070128002,5896,40
744,0,9022001070130001,2219,40
744,0,9022001070132002,2317,40
744,0,9022001070134002,1676,40
744,0,9022001070136002,2073,40
744,0,9022001070140002,1083,40
744,0,9022001070144001,-2253,40
744,0,9022001070583002,10958,45
744,0,9022001070585002,9765,45
744,0,9022001070587002,10772,39
744,0,9022001070589002,10414,37
744,0,9022001070591002,8276,30
744,0,9022001070593002,4701,24
744,0,9022001070766001,10977,44
744,0,9022001070931002,10140,45
744,1,9022001013135002,3667,104
744,1,9022001013137002,2412,104
744,1,9022001013139002,1256,104
744,1,9022001013325003,-6134,104
744,1,9022001013345002,4480,104
744,1,9022001070083002,7440,89
744,1,9022001070084001,6919,85
744,1,9022001070086001,5437,83
744,1,9022001070088001,-2807,82
744,1,9022001070100001,3968,80
744,1,9022001070102001,2288,80
744,1,9022001070112002,4923,77
744,1,9022001070122001,6661,77
744,1,9022001070124001,3404,83
744,1,9022001070126001,8098,68
744,1,9022001070128001,8307,67
744,1,9022001070130002,11035,67
744,1,9022001070132001,10638,65
744,1,9022001070134001,10357,63
744,1,9022001070136001,9512,60
744,1,9022001070140001,8962,60
744,1,9022001070144001,-4925,81
744,1,9022001070583001,3581,77
744,1,9022001070585001,5410,78
744,1,9022001070587001,5747,99
744,1,9022001070589001,7113,102
744,1,9022001070591001,5828,104
744,1,9022001070593001,4888,104
744,1,9022001070931001,4881,79
747,0,9022001013381003,55,2
747,0,9022001014131010,-185,5
747,0,9022001014131014,-359,5
747,0,9022001075002001,-2,15
747,0,9022001075101002,241,15
747,0,9022001075102001,124,14
747,0,9022001075104001,223,14
747,0,9022001075108001,373,14
747,0,9022001075110001,-783,14
747,0,9022001075112001,-307,13
747,0,9022001075224003,1053,18
747,0,9022001075567002,127,12
747,0,9022001075725001,40,11
747,0,9022001075839001,-105,11
747,1,9022001013381004,2301,30
747,1,9022001014131010,-304,5
747,1,9022001014131014,-4208,27
747,1,9022001075002002,647,22
747,1,9022001075101001,751,9
747,1,9022001075102002,814,9
747,1,9022001075104002,1163,9
747,1,9022001075108002,1300,9
747,1,9022001075110002,1572,12
747,1,9022001075112002,3024,18
747,1,9022001075224001,-782,24
747,1,9022001075567001,2184,20
747,1,9022001075725002,1704,22
747,1,9022001075839002,1542,22
748,0,9022001013381003,-330,10
748,0,9022001014131010,-120,3
748,0,9022001070215006,-616,56
748,0,9022001070397003,-124,6
748,0,9022001070720001,355,11
748,0,9022001070861001,1103,13
748,0,9022001070863001,1049,13
748,0,9022001070911002,-1518,19
748,0,9022001075001011,-2699,37
748,0,9022001075002001,1666,32
748,0,9022001075382001,1484,1
748,0,9022001075821015,-8953,40
748,1,9022001013381004,748,12
748,1,9022001014131010,-2356,16
748,1,9022001070215004,-631,32
748,1,9022001070397001,1586,12
748,1,9022001070400001,2153,12
748,1,9022001070643001,1217,20
748,1,9022001070720002,570,20
748,1,9022001070861002,-328,20
748,1,9022001070863002,-87,20
748,1,9022001070911001,205,20
748,1,9022001075001002,484,16
748,1,9022001075002002,145,18
748,1,9022001075821015,-3391,57
749,0,9022001014131014,-120,1
749,0,9022001075001011,663,8
749,0,9022001075002001,991,9
749,0,9022001075821015,-82,8
749,1,9022001013381004,2797,12
749,1,9022001014131014,-288,12
749,1,9022001075001002,488,5
749,1,9022001075002002,574,8
749,1,9022001075821015,-379,13
75,0,9022001010019001,-689,9
75,0,9022001010024002,-6,4
75,0,9022001010031001,191,6
75,0,9022001010032010,-1507,6
75,0,9022001010033001,371,6
75,0,9022001010034004,487,6
75,0,9022001010199004,580,6
75,0,9022001010505001,115,4
75,0,9022001010695002,285,6
75,0,9022001010714001,801,6
75,0,9022001010723002,557,6
75,0,9022001010885001,230,6
75,1,9022001010019003,-352,3
75,1,9022001010024001,151,3
75,1,9022001010031002,90,3
75,1,9022001010032002,-325,6
75,1,9022001010034001,334,3
75,1,9022001010199005,353,2
75,1,9022001010505002,329,3
75,1,9022001010695001,42,1
75,1,9022001010714002,40,1
75,1,9022001010723001,42,1
750,0,9022001075018003,-1270,8
750,0,9022001075020001,-625,8
750,0,9022001075022001,-577,8
750,0,9022001075028001,-60,8
750,0,9022001075030001,-138,7
750,0,9022001075032001,-242,7
750,0,9022001075034001,-419,10
750,0,9022001075035002,-112,6
750,0,9022001075037002,35,6
750,0,9022001075039002,226,6
750,0,9022001075041002,251,6
750,0,9022001075043002,271,6
750,0,9022001075045002,216,5
750,0,9022001075047002,215,5
750,0,9022001075050001,-1396,13
750,0,9022001075128001,-182,7
750,0,9022001075200001,219,6
750,0,9022001075656001,-538,8
750,0,9022001075658001,-118,8
750,0,9022001075660001,-34,6
750,0,9022001075779002,-187,8
750,0,9022001075781002,-234,8
750,0,9022001075783002,-158,8
750,0,9022001075785002,-221,8
750,0,9022001075956001,-194,8
750,0,9022001075998001,-489,8
750,1,9022001075018003,-1176,15
750,1,9022001075020002,354,4
750,1,9022001075022002,362,4
750,1,9022001075028002,331,4
750,1,9022001075030002,218,4
750,1,9022001075032002,336,6
750,1,9022001075034002,135,6
750,1,9022001075035001,312,6
750,1,9022001075037001,144,6
750,1,9022001075039001,112,6
750,1,9022001075041001,128,6
750,1,9022001075043001,-38,6
750,1,9022001075045001,-128,6
750,1,9022001075047001,-167,6
750,1,9022001075050001,-554,6
750,1,9022001075128002,310,6
750,1,9022001075200002,126,6
750,1,9022001075656002,419,4
750,1,9022001075658002,100,5
750,1,9022001075660002,302,6
750,1,9022001075779001,187,4
750,1,9022001075781001,182,4
750,1,9022001075783001,119,5
750,1,9022001075785001,-101,6
750,1,9022001075956002,169,4
750,1,9022001075998002,438,4
751,0,9022001075001003,-2820,60
751,0,9022001075016002,1511,70
751,0,9022001075018002,-2867,78
751,0,9022001075020002,-648,79
751,0,9022001075022002,-1529,79
751,0,9022001075028002,-161,1
751,0,9022001075056002,-2323,79
751,0,9022001075130002,2894,53
751,0,9022001075162001,2014,45
751,0,9022001075164001,2627,44
751,0,9022001075170001,2805,43
751,0,9022001075172001,2880,42
751,0,9022001075174001,2299,23
751,0,9022001075181002,-4534,50
751,0,9022001075195002,366,10
751,0,9022001075391001,804,11
751,0,9022001075393001,1188,15
751,0,9022001075656002,-5599,80
751,0,9022001075727003,2671,37
751,0,9022001075733002,-4930,57
751,0,9022001075819001,1668,66
751,0,9022001075821008,-274,58
751,0,9022001075821010,-448,3
751,0,9022001075866002,3070,45
751,0,9022001075873002,2638,42
751,0,9022001075956002,-231,1
751,0,9022001075998002,-71,1
751,0,9022001076203002,-4101,33
751,1,9022001075001013,60,46
751,1,9022001075002001,1568,40
751,1,9022001075008001,329,41
751,1,9022001075016001,1286,39
751,1,9022001075018001,1323,36
751,1,9022001075020001,696,34
751,1,9022001075022001,-431,33
751,1,9022001075028001,-20,1
751,1,9022001075056001,1246,31
751,1,9022001075130001,2150,63
751,1,9022001075162002,3140,65
751,1,9022001075164002,2928,66
751,1,9022001075168002,3760,67
751,1,9022001075170002,5121,70
751,1,9022001075170003,3808,35
751,1,9022001075172002,3815,73
751,1,9022001075174001,2805,36
751,1,9022001075181002,-3689,36
751,1,9022001075195001,-1213,36
751,1,9022001075391002,-50,35
751,1,9022001075393002,1021,34
751,1,9022001075727002,-447,75
751,1,9022001075733001,-508,40
751,1,9022001075819002,761,39
751,1,9022001075821002,-4163,66
751,1,9022001075873001,4911,73
751,1,9022001075956001,-65,3
751,1,9022001075998001,-80,1
751,1,9022001076201001,-134,41
751,1,9022001076203001,-2365,35
752,0,9022001075101002,4544,21
752,0,9022001075102001,3563,19
752,0,9022001075104001,2598,17
752,0,9022001075108001,2625,17
752,0,9022001075110001,1641,17
752,0,9022001075112001,2107,17
752,0,9022001075130002,1448,9
752,0,9022001075132002,1318,9
752,0,9022001075134002,1206,9
752,0,9022001075136002,1323,9
752,0,9022001075138001,255,9
752,0,9022001075181004,1305,36
752,0,9022001075187002,1636,9
752,0,9022001075189002,1652,9
752,0,9022001075191002,1570,8
752,0,9022001075193002,1576,8
752,0,9022001075195001,3332,36
752,0,9022001075195002,1586,8
752,0,9022001075222001,4527,26
752,0,9022001075224002,4761,26
752,0,9022001075391002,4158,36
752,0,9022001075393002,3620,38
752,0,9022001075797002,1761,17
752,0,9022001075799002,-2616,49
752,0,9022001075801002,1821,16
752,0,9022001075803002,1881,16
752,0,9022001079733001,5246,35
752,0,9022001079735001,5169,34
752,1,9022001075101001,2907,19
752,1,9022001075102002,3130,19
752,1,9022001075104002,4165,22
752,1,9022001075108002,5012,29
752,1,9022001075110002,3650,30
752,1,9022001075112002,4343,31
752,1,9022001075130001,786,6
752,1,9022001075132001,839,6
752,1,9022001075134001,938,5
752,1,9022001075136001,930,5
752,1,9022001075138001,-155,15
752,1,9022001075181003,-2388,56
752,1,9022001075187001,782,6
752,1,9022001075189001,826,6
752,1,9022001075191001,842,6
752,1,9022001075193001,1078,7
752,1,9022001075195001,1036,7
752,1,9022001075195002,1175,14
752,1,9022001075222002,2787,17
752,1,9022001075224001,1668,18
752,1,9022001075391001,1441,16
752,1,9022001075393001,731,17
752,1,9022001075797001,4917,31
752,1,9022001075799001,265,31
752,1,9022001075801001,3026,31
752,1,9022001075803001,3138,31
752,1,9022001079733002,2116,16
752,1,9022001079735002,2149,16
753,0,9022001075001013,-2924,76
753,0,9022001075002001,682,52
753,0,9022001075008001,-2468,56
753,0,9022001075054001,-10388,117
753,0,9022001075072001,-1155,43
753,0,9022001075074001,-1161,43
753,0,9022001075076001,-306,43
753,0,9022001075078001,-2596,43
753,0,9022001075080001,-1281,43
753,0,9022001075082001,-3035,42
753,0,9022001075086001,-1646,22
753,0,9022001075088001,-1456,19
753,0,9022001075090001,-1229,19
753,0,9022001075092001,-902,19
753,0,9022001075122001,-120,1
753,0,9022001075130001,1118,75
753,0,9022001075181004,-9995,84
753,0,9022001075187001,-921,78
753,0,9022001075189001,-1884,81
753,0,9022001075191001,-1180,81
753,0,9022001075193001,352,82
753,0,9022001075195001,-1834,84
753,0,9022001075821002,-5514,86
753,1,9022001075001004,-4343,55
753,1,9022001075002002,-1908,55
753,1,9022001075054001,-15152,89
753,1,9022001075072002,318,57
753,1,9022001075074002,-1108,59
753,1,9022001075076002,-755,69
753,1,9022001075078002,-3311,75
753,1,9022001075080002,-347,77
753,1,9022001075082002,-3995,77
753,1,9022001075086002,-4080,77
753,1,9022001075088002,-4286,80
753,1,9022001075090002,-5874,88
753,1,9022001075130002,2283,57
753,1,9022001075181004,-4028,126
753,1,9022001075187002,2179,48
753,1,9022001075189002,1566,42
753,1,9022001075191002,1346,41
753,1,9022001075193002,1448,41
753,1,9022001075195002,389,36
753,1,9022001075821008,-1088,70
754,0,9022001075132001,-1331,49
754,0,9022001075134001,849,47
754,0,9022001075136001,1718,47
754,0,9022001075138001,1216,47
754,0,9022001075142001,2476,44
754,0,9022001075148001,2838,40
754,0,9022001075150001,3051,39
754,0,9022001075154001,2510,23
754,0,9022001075156001,2308,22
754,0,9022001075158001,-1371,40
754,0,9022001075175001,-7792,78
754,0,9022001075179001,1027,17
754,0,9022001075379001,67,6
754,0,9022001075382003,1739,41
754,0,9022001075747002,1984,42
754,0,9022001075771002,2727,41
754,0,9022001075821010,-6570,52
754,0,9022001075833001,1778,37
754,1,9022001075124001,-475,42
754,1,9022001075132002,-2100,25
754,1,9022001075134002,-2907,25
754,1,9022001075136002,-3227,25
754,1,9022001075138003,-1609,25
754,1,9022001075142002,59,34
754,1,9022001075148002,593,42
754,1,9022001075150002,1315,43
754,1,9022001075154002,-573,45
754,1,9022001075156002,-388,46
754,1,9022001075158002,-688,51
754,1,9022001075175001,-2215,42
754,1,9022001075379001,-364,11
754,1,9022001075382002,579,41
754,1,9022001075771001,529,43
754,1,9022001075821001,-4746,114
754,1,9022001075833002,-1641,44
756,0,9022001075054004,-368,15
756,0,9022001075090001,614,8
756,0,9022001075092001,697,8
756,0,9022001075282003,449,8
756,0,9022001075284001,-3950,41
756,0,9022001075384001,555,9
756,0,9022001075634001,627,8
756,0,9022001075871002,6759,15
756,1,9022001075001011,-6,1
756,1,9022001075054002,-2378,25
756,1,9022001075090002,-570,16
756,1,9022001075104002,15,1
756,1,9022001075126002,-55,1
756,1,9022001075162002,-1,1
756,1,9022001075164002,-36,1
756,1,9022001075168002,-62,1
756,1,9022001075170003,-72,1
756,1,9022001075174001,-189,1
756,1,9022001075282002,-32,11
756,1,9022001075284001,-881,11
756,1,9022001075384002,868,15
756,1,9022001075725002,-17,1
756,1,9022001075839003,25,1
756,1,9022001075871001,-3888,38
758,0,9022001075001013,5075,52
758,0,9022001075002001,7009,46
758,0,9022001075008001,6631,48
758,0,9022001075012001,4273,44
758,0,9022001075054005,1278,69
758,0,9022001075057002,2385,44
758,0,9022001075059002,3612,44
758,0,9022001075061002,2325,44
758,0,9022001075063002,2114,44
758,0,9022001075069002,2487,44
758,0,9022001075096002,1568,28
758,0,9022001075100002,1704,28
758,0,9022001075206002,6933,72
758,0,9022001075208002,7066,80
758,0,9022001075210002,7392,88
758,0,9022001075214002,7285,93
758,0,9022001075216002,1438,95
758,0,9022001075218002,2935,100
758,0,9022001075220002,2823,101
758,0,9022001075222002,1702,102
758,0,9022001075224003,-4810,103
758,0,9022001075242001,1430,30
758,0,9022001075247001,2089,28
758,0,9022001075791003,3798,102
758,0,9022001075821006,550,121
758,0,9022001075892001,2771,41
758,0,9022001075928001,2966,44
758,1,9022001075001002,-2038,31
758,1,9022001075012002,2446,31
758,1,9022001075054005,812,46
758,1,9022001075057001,5553,41
758,1,9022001075059001,2994,31
758,1,9022001075061001,3414,32
758,1,9022001075063001,4812,37
758,1,9022001075069001,5754,44
758,1,9022001075096001,1357,44
758,1,9022001075100001,999,44
758,1,9022001075206001,419,40
758,1,9022001075208001,858,39
758,1,9022001075210001,759,39
758,1,9022001075214001,2437,39
758,1,9022001075216001,2017,39
758,1,9022001075218001,2778,38
758,1,9022001075220001,2247,33
758,1,9022001075222001,1621,22
758,1,9022001075224003,-11601,117
758,1,9022001075242002,-917,43
758,1,9022001075247002,781,44
758,1,9022001075821003,-147,31
758,1,9022001075821010,-1617,23
758,1,9022001075892002,1595,44
758,1,9022001075928002,5105,44
759,0,9022001075001015,111,69
759,0,9022001075054004,3576,52
759,0,9022001075090001,3251,64
759,0,9022001075092001,3382,58
759,0,9022001075096001,3825,56
759,0,9022001075100001,3151,57
759,0,9022001075122001,-9715,118
759,0,9022001075132001,3576,67
759,0,9022001075134001,-314,66
759,0,9022001075242002,418,53
759,0,9022001075247002,3044,55
759,0,9022001075634001,3768,66
759,0,9022001075725001,35,69
759,0,9022001075821007,1272,68
759,0,9022001075839001,-5432,69
759,0,9022001075930002,4307,43
759,1,9022001075001011,853,39
759,1,9022001075054005,607,41
759,1,9022001075090002,2379,41
759,1,9022001075096002,162,41
759,1,9022001075100002,130,41
759,1,9022001075122001,-7184,44
759,1,9022001075132002,1517,40
759,1,9022001075134002,1848,40
759,1,9022001075242001,-545,41
759,1,9022001075247001,562,41
759,1,9022001075725002,798,35
759,1,9022001075821003,-912,41
759,1,9022001075839003,-7851,102
759,1,9022001075930001,-3813,44
76,0,9022001010010001,3938,58
76,0,9022001010028001,954,62
76,0,9022001010032005,-12706,58
76,0,9022001010048002,8396,61
76,0,9022001010051002,6198,61
76,0,9022001010052001,1970,62
76,0,9022001010096006,7288,53
76,0,9022001010098002,7666,55
76,0,9022001010122001,1832,39
76,0,9022001010224003,5435,50
76,0,9022001010251001,2015,22
76,0,9022001010298002,4561,45
76,0,9022001010302002,5922,48
76,0,9022001010395002,1402,18
76,0,9022001010414001,2143,42
76,0,9022001010813002,2502,25
76,0,9022001010814001,2059,29
76,0,9022001010821003,-34840,106
76,0,9022001010853002,2633,58
76,0,9022001010855002,1224,19
76,0,9022001010858001,-689,39
76,0,9022001011002011,216,38
76,1,9022001010028003,-25,38
76,1,9022001010032005,-14077,85
76,1,9022001010047001,2312,41
76,1,9022001010048001,2058,41
76,1,9022001010051001,2776,37
76,1,9022001010052004,1734,35
76,1,9022001010096004,3205,43
76,1,9022001010098001,2595,42
76,1,9022001010120002,3335,54
76,1,9022001010122002,3256,54
76,1,9022001010224002,3471,47
76,1,9022001010251002,-329,61
76,1,9022001010294003,2272,54
76,1,9022001010298001,4393,53
76,1,9022001010302001,3579,52
76,1,9022001010395001,-860,61
76,1,9022001010814002,1798,61
76,1,9022001010821001,-12440,61
76,1,9022001010853001,2056,21
76,1,9022001010855001,997,11
76,1,9022001010858002,89,7
76,1,9022001011002010,640,61
761,0,9022001075016001,-484,16
761,0,9022001075018001,-470,8
761,0,9022001075020001,-550,7
761,0,9022001075022001,-704,7
761,0,9022001075054002,-2553,17
761,0,9022001075056001,-194,7
761,0,9022001075072002,-866,16
761,0,9022001075086002,-868,16
761,0,9022001075088002,-945,16
761,0,9022001075090002,-1206,16
761,0,9022001075245001,-356,16
761,0,9022001075819002,-778,16
761,0,9022001076201001,-1885,34
761,1,9022001075016002,1965,15
761,1,9022001075018002,1268,16
761,1,9022001075020002,967,16
761,1,9022001075022002,572,16
761,1,9022001075054004,-2167,27
761,1,9022001075056002,-96,16
761,1,9022001075072001,1249,16
761,1,9022001075086001,1298,12
761,1,9022001075088001,931,6
761,1,9022001075090001,751,5
761,1,9022001075092001,458,3
761,1,9022001075245002,1548,16
761,1,9022001075656002,-870,17
761,1,9022001075819001,2011,16
776,0,9022001075006001,-106,2
776,0,9022001075249001,-77,1
776,0,9022001075366001,-45,1
776,0,9022001075368001,-59,1
776,0,9022001075372001,-69,1
776,0,9022001075741002,-78,1
776,0,9022001075743002,-151,1
776,1,9022001075006001,-251,1
776,1,9022001075249002,6,1
776,1,9022001075366002,50,1
776,1,9022001075368002,55,1
776,1,9022001075372002,73,1
776,1,9022001075743001,-114,1
777,0,9022001075101002,-7886,111
777,0,9022001075102001,-3144,112
777,0,9022001075104001,-1544,110
777,0,9022001075108001,2358,105
777,0,9022001075110001,-8313,90
777,0,9022001075112001,-4249,87
777,0,9022001075126001,-440,87
777,0,9022001075150003,1700,48
777,0,9022001075187004,990,59
777,0,9022001075377002,776,52
777,0,9022001075567002,1473,82
777,0,9022001075662002,3369,69
777,0,9022001075833001,372,108
777,1,9022001075101001,12775,153
777,1,9022001075102002,2275,45
777,1,9022001075104002,4286,47
777,1,9022001075108002,5264,48
777,1,9022001075110002,4282,53
777,1,9022001075112002,5381,61
777,1,9022001075126002,-2356,77
777,1,9022001075150004,-4309,67
777,1,9022001075187003,1191,64
777,1,9022001075377001,-367,67
777,1,9022001075567001,1325,63
777,1,9022001075662001,-1601,77
777,1,9022001075833001,20759,78
778,0,9022001075249001,-67,3
778,0,9022001075256002,158,2
778,0,9022001075258001,234,2
778,0,9022001075260001,232,2
778,0,9022001075262001,222,2
778,0,9022001075266001,205,2
778,0,9022001075268001,214,2
778,0,9022001075270001,238,2
778,0,9022001075272001,43,2
778,0,9022001075274001,153,2
778,0,9022001075276001,128,2
778,0,9022001075278001,-268,7
778,0,9022001075279002,-151,1
778,0,9022001075285002,-370,3
778,0,9022001075366001,49,2
778,0,9022001075368001,57,2
778,0,9022001075372001,56,2
778,0,9022001075672001,217,2
778,0,9022001075745001,150,2
778,0,9022001075749001,74,2
778,0,9022001075817001,-142,3
778,1,9022001075240001,300,4
778,1,9022001075249002,105,3
778,1,9022001075256001,82,4
778,1,9022001075258002,-7,4
778,1,9022001075260002,-23,4
778,1,9022001075262002,-37,4
778,1,9022001075266002,-202,3
778,1,9022001075268002,-251,4
778,1,9022001075270002,-300,4
778,1,9022001075272002,-511,4
778,1,9022001075274002,-470,4
778,1,9022001075276002,-457,4
778,1,9022001075278001,-739,4
778,1,9022001075279001,-239,2
778,1,9022001075285001,-452,5
778,1,9022001075366002,264,3
778,1,9022001075368002,282,3
778,1,9022001075372002,277,3
778,1,9022001075672002,-147,4
778,1,9022001075745002,81,4
778,1,9022001075749002,327,3
778,1,9022001075817002,101,2
779,0,9022001075249002,-717,1
779,0,9022001075328001,-88,1
779,0,9022001075817002,-561,1
779,1,9022001075249001,-52,1
779,1,9022001075279002,175,1
779,1,9022001075285002,154,1
779,1,9022001075286001,190,1
779,1,9022001075288002,173,1
779,1,9022001075290001,144,1
779,1,9022001075292002,31,1
779,1,9022001075294001,22,1
779,1,9022001075296001,21,1
779,1,9022001075298002,12,1
779,1,9022001075300002,19,1
779,1,9022001075302002,29,1
779,1,9022001075304002,54,1
779,1,9022001075306002,64,1
779,1,9022001075308001,62,1
779,1,9022001075310001,46,1
779,1,9022001075312001,19,1
779,1,9022001075314001,53,1
779,1,9022001075316001,53,1
779,1,9022001075318002,-18,1
779,1,9022001075320002,-6,1
779,1,9022001075322002,-16,1
779,1,9022001075324001,-20,1
779,1,9022001075326001,-19,1
779,1,9022001075328001,-37,1
779,1,9022001075330001,-173,1
779,1,9022001075817001,146,1
779,1,9022001075960002,-14,1
780,0,9022001075240001,644,4
780,0,9022001075256003,1151,6
780,0,9022001075336001,1372,6
780,0,9022001075338001,1150,6
780,0,9022001075340001,847,6
780,0,9022001075342001,863,6
780,0,9022001075344001,873,6
780,0,9022001075346001,900,6
780,0,9022001075348001,895,6
780,0,9022001075350001,964,6
780,0,9022001075352001,1154,6
780,0,9022001075354001,1127,6
780,0,9022001075356001,1209,6
780,0,9022001075366002,172,1
780,0,9022001075368002,514,3
780,0,9022001075372002,535,3
780,0,9022001075374001,385,3
780,0,9022001075567001,1370,6
780,0,9022001075662001,585,6
780,0,9022001075743001,-720,6
780,0,9022001075745002,449,4
780,0,9022001075749002,559,3
780,0,9022001075821010,308,6
780,1,9022001075249001,703,5
780,1,9022001075256002,90,4
780,1,9022001075336002,91,2
780,1,9022001075338002,181,3
780,1,9022001075340002,307,3
780,1,9022001075342002,489,4
780,1,9022001075344002,473,4
780,1,9022001075346002,461,4
780,1,9022001075348002,436,4
780,1,9022001075350002,161,4
780,1,9022001075352002,169,4
780,1,9022001075354002,147,4
780,1,9022001075356002,121,4
780,1,9022001075366001,271,4
780,1,9022001075368001,235,4
780,1,9022001075372001,142,4
780,1,9022001075374001,71,2
780,1,9022001075567002,-27,2
780,1,9022001075662002,199,2
780,1,9022001075741002,533,5
780,1,9022001075743001,101,3
780,1,9022001075743002,-106,2
780,1,9022001075745001,108,4
780,1,9022001075749001,115,4
780,1,9022001075821009,-555,8
780X,0,9022001075123001,44,1
780X,0,9022001075240001,5951,27
780X,0,9022001075249002,2608,20
780X,0,9022001075336001,3339,31
780X,0,9022001075338001,2099,30
780X,0,9022001075366002,3988,23
780X,0,9022001075368002,4463,23
780X,0,9022001075372002,5358,24
780X,0,9022001075567001,2674,31
780X,0,9022001075662001,-192,38
780X,0,9022001075741001,2012,18
780X,0,9022001075743001,-5870,60
780X,0,9022001075745002,5115,30
780X,0,9022001075749002,6662,26
780X,0,9022001075821010,-1860,39
780X,0,9022001075893001,-4,1
780X,1,9022001075249001,4118,22
780X,1,9022001075336002,2775,14
780X,1,9022001075338002,3623,16
780X,1,9022001075366001,3160,21
780X,1,9022001075368001,2878,21
780X,1,9022001075372001,2354,20
780X,1,9022001075567002,1329,14
780X,1,9022001075662002,1373,10
780X,1,9022001075741002,3238,22
780X,1,9022001075743001,2207,25
780X,1,9022001075745001,1653,21
780X,1,9022001075749001,1968,20
780X,1,9022001075821009,-391,51
781,0,9022001075001007,-266,1
781,0,9022001075132001,-78,1
781,0,9022001075134001,-42,1
781,0,9022001075138001,-44,1
781,0,9022001075240001,236,1
781,0,9022001075249002,58,1
781,0,9022001075366002,134,1
781,0,9022001075368002,173,1
781,0,9022001075372002,210,1
781,0,9022001075741001,47,1
781,0,9022001075743001,-240,2
781,0,9022001075745002,274,1
781,0,9022001075747002,8,1
781,0,9022001075749002,269,1
781,1,9022001075249001,161,1
781,1,9022001075366001,224,1
781,1,9022001075368001,216,1
781,1,9022001075372001,185,1
781,1,9022001075741002,115,1
781,1,9022001075743002,-16,1
781,1,9022001075745001,147,1
781,1,9022001075749001,156,1
782,1,9022001075240001,511,4
782,1,9022001075249001,376,6
782,1,9022001075249002,352,2
782,1,9022001075256001,456,4
782,1,9022001075256002,127,5
782,1,9022001075258001,325,5
782,1,9022001075258002,458,4
782,1,9022001075260001,322,5
782,1,9022001075260002,462,4
782,1,9022001075262001,303,5
782,1,9022001075262002,494,4
782,1,9022001075279001,292,2
782,1,9022001075285001,112,3
782,1,9022001075285002,1870,7
782,1,9022001075330001,-60,4
782,1,9022001075331001,-380,10
782,1,9022001075334001,62,4
782,1,9022001075366001,300,6
782,1,9022001075366002,407,2
782,1,9022001075368001,292,6
782,1,9022001075368002,449,2
782,1,9022001075370001,537,4
782,1,9022001075370002,141,4
782,1,9022001075372001,112,5
782,1,9022001075372002,421,2
782,1,9022001075399001,695,8
782,1,9022001075401001,537,4
782,1,9022001075401002,239,4
782,1,9022001075403001,320,4
782,1,9022001075403002,296,4
782,1,9022001075405001,112,4
782,1,9022001075405002,284,4
782,1,9022001075407002,283,4
782,1,9022001075409002,59,4
782,1,9022001075411001,189,4
782,1,9022001075411002,63,4
782,1,9022001075414001,69,4
782,1,9022001075415001,37,4
782,1,9022001075415002,278,4
782,1,9022001075672001,298,5
782,1,9022001075672002,499,4
782,1,9022001075745001,159,5
782,1,9022001075745002,369,4
782,1,9022001075749001,60,5
782,1,9022001075749002,399,3
782,1,9022001075817001,243,6
782,1,9022001075817002,311,2
782,1,9022001075887001,155,4
782,1,9022001075942002,163,1
783,0,9022001070337003,-133,31
783,0,9022001070522001,1317,28
783,0,9022001070524001,415,28
783,0,9022001070566001,993,28
783,0,9022001075001016,6634,47
783,0,9022001075002001,5115,47
783,0,9022001075054007,-381,45
783,0,9022001075072001,2090,47
783,0,9022001075086001,1345,47
783,0,9022001075088001,1263,47
783,0,9022001075090001,999,47
783,0,9022001075092001,1082,47
783,0,9022001075132002,-138,2
783,0,9022001075134002,-157,2
783,0,9022001075245002,1409,47
783,0,9022001075282003,-737,45
783,0,9022001075382001,-359,2
783,0,9022001075397002,3620,10
783,0,9022001075421002,416,40
783,0,9022001075423002,3605,38
783,0,9022001075425002,4216,37
783,0,9022001075427002,4173,36
783,0,9022001075429002,4044,36
783,0,9022001075431002,4403,34
783,0,9022001075433002,4100,33
783,0,9022001075435002,3955,32
783,0,9022001075437002,961,28
783,0,9022001075441002,1320,28
783,0,9022001075443002,1417,28
783,0,9022001075445002,1451,28
783,0,9022001075447002,1945,28
783,0,9022001075449002,3942,28
783,0,9022001075451002,4309,28
783,0,9022001075453002,4172,28
783,0,9022001075455002,3866,28
783,0,9022001075457002,3855,28
783,0,9022001075459002,3217,28
783,0,9022001075461002,2837,28
783,0,9022001075463002,2718,28
783,0,9022001075465002,2304,28
783,0,9022001075467002,1371,28
783,0,9022001075469002,2405,28
783,0,9022001075471002,2753,28
783,0,9022001075473001,1655,28
783,0,9022001075474001,1112,26
783,0,9022001075475002,2078,26
783,0,9022001075477002,1900,26
783,0,9022001075479002,1815,23
783,0,9022001075481002,1597,22
783,0,9022001075483002,1735,21
783,0,9022001075485002,1754,21
783,0,9022001075487002,1872,21
783,0,9022001075489002,1945,21
783,0,9022001075491001,2454,19
783,0,9022001075493002,3396,14
783,0,9022001075499002,4145,14
783,0,9022001075501002,4172,14
783,0,9022001075503002,4481,14
783,0,9022001075505002,4680,14
783,0,9022001075507002,4319,12
783,0,9022001075509002,3210,9
783,0,9022001075511002,3266,9
783,0,9022001075513002,2745,8
783,0,9022001075515002,2117,7
783,0,9022001075517002,1570,6
783,0,9022001075519002,1206,5
783,0,9022001075521002,1011,4
783,0,9022001075524001,853,4
783,0,9022001075716003,-2213,25
783,0,9022001075717001,348,20
783,0,9022001075719002,2373,28
783,0,9022001075723002,-959,43
783,0,9022001075821010,-11299,45
783,0,9022001075821015,-273,2
783,0,9022001081657002,1356,20
783,0,9022001086006001,3311,14
783,0,9022001086054001,4664,14
783,0,9022001086542001,260,3
783,1,9022001070337001,2103,21
783,1,9022001070522002,2727,21
783,1,9022001070524003,3275,21
783,1,9022001070566002,3384,22
783,1,9022001075001010,1269,7
783,1,9022001075002002,1423,7
783,1,9022001075054002,3927,12
783,1,9022001075072002,2455,9
783,1,9022001075086002,3192,11
783,1,9022001075088002,3225,11
783,1,9022001075090002,3283,11
783,1,9022001075245001,2806,10
783,1,9022001075282001,4292,12
783,1,9022001075397001,-2468,34
783,1,9022001075421001,3828,12
783,1,9022001075423001,1398,12
783,1,9022001075425001,2283,15
783,1,9022001075427001,2207,15
783,1,9022001075429001,2210,16
783,1,9022001075431001,1711,18
783,1,9022001075433001,1546,18
783,1,9022001075435001,1460,18
783,1,9022001075437001,3673,24
783,1,9022001075441001,4412,26
783,1,9022001075443001,4659,27
783,1,9022001075445001,4856,27
783,1,9022001075447001,3321,27
783,1,9022001075449001,3235,27
783,1,9022001075451001,2729,27
783,1,9022001075453001,3011,29
783,1,9022001075455001,3408,30
783,1,9022001075457001,3455,30
783,1,9022001075459001,3792,30
783,1,9022001075461001,4405,31
783,1,9022001075463001,4466,31
783,1,9022001075465001,5091,32
783,1,9022001075467001,3163,32
783,1,9022001075469001,2916,32
783,1,9022001075471001,1807,33
783,1,9022001075473002,3438,27
783,1,9022001075474002,899,33
783,1,9022001075475001,2409,33
783,1,9022001075477001,2487,33
783,1,9022001075479001,2578,34
783,1,9022001075481001,2925,34
783,1,9022001075483001,2877,35
783,1,9022001075485001,3039,36
783,1,9022001075487001,3109,37
783,1,9022001075489001,2580,38
783,1,9022001075491005,708,40
783,1,9022001075493001,2903,30
783,1,9022001075499001,1403,30
783,1,9022001075501001,1298,30
783,1,9022001075503001,471,30
783,1,9022001075505001,-636,33
783,1,9022001075507001,-2048,34
783,1,9022001075509001,-2695,34
783,1,9022001075511001,-3094,34
783,1,9022001075513001,-2687,34
783,1,9022001075515001,-1466,34
783,1,9022001075517001,-308,34
783,1,9022001075519001,616,34
783,1,9022001075521001,1486,34
783,1,9022001075524002,2835,34
783,1,9022001075715001,-2339,34
783,1,9022001075716004,-5201,34
783,1,9022001075717003,2913,40
783,1,9022001075719001,5024,32
783,1,9022001075723001,4243,12
783,1,9022001075821007,1429,27
783,1,9022001081657001,4273,40
783,1,9022001086006002,3654,30
783,1,9022001086054002,-312,32
784,0,9022001075126001,193,1
784,0,9022001075162001,240,1
784,0,9022001075164001,290,1
784,0,9022001075174001,378,1
784,0,9022001075185002,2263,26
784,0,9022001075187002,2194,26
784,0,9022001075193002,958,26
784,0,9022001075527002,-559,2
784,0,9022001075527004,-834,18
784,0,9022001075528001,433,17
784,0,9022001075530001,1082,17
784,0,9022001075532001,1349,17
784,0,9022001075534001,2170,17
784,0,9022001075536001,2081,17
784,0,9022001075538001,2198,17
784,0,9022001075540001,2333,17
784,0,9022001075540003,870,7
784,0,9022001075542001,1679,15
784,0,9022001075544001,1624,15
784,0,9022001075546001,1555,14
784,0,9022001075548001,1445,13
784,0,9022001075550001,1827,13
784,0,9022001075552001,1999,13
784,0,9022001075554001,1885,12
784,0,9022001075556001,779,16
784,0,9022001075557002,1102,9
784,0,9022001075559002,1035,9
784,0,9022001075562001,-1172,23
784,0,9022001075563002,1149,9
784,0,9022001075565002,1739,27
784,0,9022001075664001,1112,8
784,0,9022001075664002,1346,8
784,0,9022001075666001,885,8
784,0,9022001075753002,2606,24
784,0,9022001075755002,2991,21
784,0,9022001075757002,2955,20
784,0,9022001075759002,3954,19
784,0,9022001075761002,3204,17
784,0,9022001075763002,2871,17
784,0,9022001075765002,2509,17
784,0,9022001075767002,1497,14
784,0,9022001075788001,3062,21
784,0,9022001075805002,1279,26
784,0,9022001075807002,994,26
784,0,9022001075821010,1133,27
784,0,9022001075866002,338,1
784,0,9022001075885001,3447,18
784,0,9022001075925002,3171,17
784,0,9022001075937002,1163,9
784,0,9022001075940001,2730,20
784,0,9022001075971001,2229,13
784,1,9022001075185001,1556,10
784,1,9022001075187001,1562,10
784,1,9022001075193001,2328,11
784,1,9022001075527001,-821,18
784,1,9022001075528002,1061,15
784,1,9022001075530002,1102,15
784,1,9022001075532002,102,16
784,1,9022001075534002,770,17
784,1,9022001075536002,896,17
784,1,9022001075538002,815,18
784,1,9022001075540002,1816,19
784,1,9022001075540003,-126,7
784,1,9022001075542001,1529,19
784,1,9022001075544002,1582,20
784,1,9022001075546002,1468,20
784,1,9022001075548002,296,20
784,1,9022001075550002,996,20
784,1,9022001075552002,751,21
784,1,9022001075554002,1593,23
784,1,9022001075556002,1346,23
784,1,9022001075559001,985,19
784,1,9022001075562001,-1018,19
784,1,9022001075563001,43,19
784,1,9022001075565001,2021,11
784,1,9022001075664001,-5,7
784,1,9022001075664002,510,8
784,1,9022001075666001,-31,8
784,1,9022001075753001,790,12
784,1,9022001075755001,1044,12
784,1,9022001075757001,1610,13
784,1,9022001075759001,852,13
784,1,9022001075761001,174,15
784,1,9022001075763001,468,16
784,1,9022001075765001,609,16
784,1,9022001075767001,940,16
784,1,9022001075788002,1131,12
784,1,9022001075805001,2093,11
784,1,9022001075807001,2228,11
784,1,9022001075821007,520,28
784,1,9022001075885002,782,15
784,1,9022001075925001,535,15
784,1,9022001075937001,1098,18
784,1,9022001075940001,1513,13
784,1,9022001075971002,879,22
784X,0,9022001075132001,269,3
784X,0,9022001075134001,372,3
784X,0,9022001075136001,403,3
784X,0,9022001075138001,367,3
784X,0,9022001075142001,425,3
784X,0,9022001075148001,475,3
784X,0,9022001075150001,488,3
784X,0,9022001075382003,393,3
784X,0,9022001075554001,321,2
784X,0,9022001075556001,159,2
784X,0,9022001075557002,182,2
784X,0,9022001075559002,185,2
784X,0,9022001075562001,-314,4
784X,0,9022001075563002,225,2
784X,0,9022001075747002,420,3
784X,0,9022001075771002,465,3
784X,0,9022001075821009,-147,3
784X,0,9022001075833001,264,3
784X,0,9022001075937002,197,2
784X,0,9022001075971001,372,2
784X,1,9022001075132002,178,1
784X,1,9022001075134002,161,1
784X,1,9022001075136002,189,1
784X,1,9022001075138002,158,1
784X,1,9022001075142002,295,2
784X,1,9022001075148002,354,2
784X,1,9022001075150002,374,2
784X,1,9022001075382001,293,2
784X,1,9022001075554002,314,2
784X,1,9022001075556002,196,2
784X,1,9022001075559001,399,3
784X,1,9022001075562001,-101,3
784X,1,9022001075563001,165,3
784X,1,9022001075771001,360,2
784X,1,9022001075821001,72,3
784X,1,9022001075833002,233,2
784X,1,9022001075937001,443,3
784X,1,9022001075971002,228,2
786,0,9022001075527005,367,4
786,0,9022001075589002,937,4
786,0,9022001075636001,497,4
786,0,9022001075638001,627,4
786,0,9022001075640001,813,4
786,0,9022001075642001,785,4
786,0,9022001075644001,509,4
786,0,9022001075646001,960,4
786,0,9022001075648001,1132,4
786,0,9022001075652001,633,6
786,0,9022001075654001,987,4
786,0,9022001075773002,524,4
786,0,9022001075775002,1007,4
786,0,9022001075777002,1055,4
786,1,9022001075527005,-35,5
786,1,9022001075589001,1312,5
786,1,9022001075636002,555,2
786,1,9022001075638002,518,2
786,1,9022001075640002,423,4
786,1,9022001075642002,928,6
786,1,9022001075644002,552,2
786,1,9022001075646002,1152,6
786,1,9022001075648002,929,6
786,1,9022001075652001,893,6
786,1,9022001075653001,464,3
786,1,9022001075654002,1053,6
786,1,9022001075773001,549,2
786,1,9022001075775001,385,5
786,1,9022001075777001,1024,6
787,0,9022001075001005,2097,55
787,0,9022001075114002,3530,50
787,0,9022001075126002,25,1
787,0,9022001075162002,49,1
787,0,9022001075164002,-14,1
787,0,9022001075168002,-52,1
787,0,9022001075170003,-65,1
787,0,9022001075174001,-214,1
787,0,9022001075567001,2628,50
787,0,9022001075667002,1429,31
787,0,9022001075669002,1314,31
787,0,9022001075673002,1834,31
787,0,9022001075675002,1583,31
787,0,9022001075677002,466,27
787,0,9022001075679002,232,27
787,0,9022001075681001,8,27
787,0,9022001075681002,17,3
787,0,9022001075683001,-105,3
787,0,9022001075683002,41,3
787,0,9022001075685001,-79,3
787,0,9022001075685002,7,3
787,0,9022001075687001,-96,3
787,0,9022001075687002,-23,3
787,0,9022001075690001,-211,3
787,0,9022001075692001,-126,26
787,0,9022001075694001,160,24
787,0,9022001075697001,324,21
787,0,9022001075698001,-2592,34
787,0,9022001075700001,198,15
787,0,9022001075702001,493,13
787,0,9022001075704001,528,13
787,0,9022001075706001,641,12
787,0,9022001075708001,571,12
787,0,9022001075710001,-2352,23
787,0,9022001075711002,-964,37
787,0,9022001075725002,1845,52
787,0,9022001075795002,840,31
787,0,9022001075797002,2022,46
787,0,9022001075799002,-994,59
787,0,9022001075801002,2094,46
787,0,9022001075803002,2313,46
787,0,9022001075821010,-2555,57
787,0,9022001075839002,1718,52
787,0,9022001075875002,420,13
787,0,9022001075889002,1362,31
787,0,9022001075897002,1601,46
787,0,9022001075899002,2198,46
787,1,9022001075001010,1689,17
787,1,9022001075114001,2952,23
787,1,9022001075567002,1900,19
787,1,9022001075667001,2152,19
787,1,9022001075669001,2160,19
787,1,9022001075673001,1925,19
787,1,9022001075675001,2197,20
787,1,9022001075677001,1723,17
787,1,9022001075679001,1596,17
787,1,9022001075681002,216,1
787,1,9022001075681003,1659,17
787,1,9022001075683001,226,1
787,1,9022001075683002,182,1
787,1,9022001075685001,239,1
787,1,9022001075685002,219,1
787,1,9022001075687001,265,1
787,1,9022001075687002,270,1
787,1,9022001075690001,266,1
787,1,9022001075692002,1759,17
787,1,9022001075694002,1544,17
787,1,9022001075697002,1294,17
787,1,9022001075698002,708,17
787,1,9022001075700002,270,7
787,1,9022001075702002,197,7
787,1,9022001075704002,203,7
787,1,9022001075706002,148,8
787,1,9022001075708002,181,8
787,1,9022001075710001,-190,8
787,1,9022001075711001,1825,21
787,1,9022001075725001,1783,16
787,1,9022001075795002,1760,16
787,1,9022001075797001,3539,26
787,1,9022001075799001,3010,29
787,1,9022001075801001,3059,27
787,1,9022001075803001,2702,27
787,1,9022001075821009,706,66
787,1,9022001075839001,1548,17
787,1,9022001075875001,204,7
787,1,9022001075889001,2135,19
787,1,9022001075897001,3491,27
787,1,9022001075899001,3120,27
787X,0,9022001075001005,379,3
787X,0,9022001075114002,186,2
787X,0,9022001075567001,239,2
787X,0,9022001075667002,256,2
787X,0,9022001075669002,257,2
787X,0,9022001075673002,301,2
787X,0,9022001075675002,267,2
787X,0,9022001075677002,268,2
787X,0,9022001075679002,241,2
787X,0,9022001075681001,167,2
787X,0,9022001075692001,143,2
787X,0,9022001075694001,121,2
787X,0,9022001075697001,85,2
787X,0,9022001075698001,-177,4
787X,0,9022001075700001,40,1
787X,0,9022001075702001,45,1
787X,0,9022001075710001,-240,2
787X,0,9022001075711002,159,2
787X,0,9022001075725002,256,2
787X,0,9022001075795002,193,2
787X,0,9022001075797002,158,2
787X,0,9022001075799002,130,2
787X,0,9022001075801002,136,2
787X,0,9022001075803002,189,2
787X,0,9022001075821010,-70,3
787X,0,9022001075839002,224,2
787X,0,9022001075889002,244,2
787X,1,9022001075001010,465,5
787X,1,9022001075114001,474,5
787X,1,9022001075567002,160,5
787X,1,9022001075667001,1171,7
787X,1,9022001075669001,1200,7
787X,1,9022001075673001,1259,8
787X,1,9022001075675001,1257,8
787X,1,9022001075677001,1169,8
787X,1,9022001075679001,1067,8
787X,1,9022001075681003,1078,8
787X,1,9022001075692002,1174,8
787X,1,9022001075694002,1039,8
787X,1,9022001075697002,951,8
787X,1,9022001075698002,734,8
787X,1,9022001075700002,-51,5
787X,1,9022001075702002,-173,5
787X,1,9022001075704002,-222,5
787X,1,9022001075706002,-277,5
787X,1,9022001075708002,-257,5
787X,1,9022001075710001,-521,5
787X,1,9022001075711001,1208,8
787X,1,9022001075725001,340,5
787X,1,9022001075795002,888,6
787X,1,9022001075797001,541,5
787X,1,9022001075799001,255,5
787X,1,9022001075801001,376,5
787X,1,9022001075803001,325,5
787X,1,9022001075821009,-243,12
787X,1,9022001075839001,178,5
787X,1,9022001075875001,-213,5
787X,1,9022001075889001,1158,7
788,0,9022001075132001,1697,14
788,0,9022001075134001,2157,14
788,0,9022001075136001,2323,14
788,0,9022001075138001,2042,14
788,0,9022001075142001,2348,14
788,0,9022001075148001,2529,14
788,0,9022001075150001,2531,14
788,0,9022001075154001,3180,14
788,0,9022001075156001,2948,14
788,0,9022001075382003,2137,14
788,0,9022001075527005,1136,24
788,0,9022001075528002,2721,8
788,0,9022001075530002,3289,9
788,0,9022001075532002,3693,11
788,0,9022001075534002,3868,12
788,0,9022001075569002,2515,12
788,0,9022001075571002,2722,12
788,0,9022001075573002,3070,12
788,0,9022001075575002,3302,12
788,0,9022001075577002,3398,12
788,0,9022001075579002,3380,12
788,0,9022001075581002,3432,12
788,0,9022001075583002,3644,12
788,0,9022001075585002,3674,12
788,0,9022001075587002,3898,12
788,0,9022001075747002,2199,14
788,0,9022001075771002,2487,14
788,0,9022001075821009,44,15
788,0,9022001075833001,2109,14
788,1,9022001075132002,-539,7
788,1,9022001075134002,-635,7
788,1,9022001075136002,-583,7
788,1,9022001075138002,-711,8
788,1,9022001075142002,351,9
788,1,9022001075148002,1110,11
788,1,9022001075150002,1269,11
788,1,9022001075154002,1736,11
788,1,9022001075382002,1190,11
788,1,9022001075527005,43,16
788,1,9022001075528001,1591,16
788,1,9022001075530001,1164,16
788,1,9022001075532001,945,16
788,1,9022001075534001,875,16
788,1,9022001075569001,1557,11
788,1,9022001075571001,1444,12
788,1,9022001075573001,1272,13
788,1,9022001075575001,1461,15
788,1,9022001075577001,1422,16
788,1,9022001075579001,1392,16
788,1,9022001075581001,1228,16
788,1,9022001075583001,1115,15
788,1,9022001075585001,1039,16
788,1,9022001075587001,788,16
788,1,9022001075771001,1097,11
788,1,9022001075821001,-902,22
788,1,9022001075833002,490,11
789,0,9022001075006001,-435,7
789,0,9022001075185002,90,3
789,0,9022001075187002,19,3
789,0,9022001075193002,-184,3
789,0,9022001075565002,-131,3
789,0,9022001075753002,-78,3
789,0,9022001075805002,-199,3
789,0,9022001075807002,-213,3
789,0,9022001075821010,-159,3
789,0,9022001075996002,255,3
789,1,9022001075006001,43,5
789,1,9022001075185001,452,3
789,1,9022001075187001,511,3
789,1,9022001075193001,700,3
789,1,9022001075565001,632,3
789,1,9022001075753001,804,4
789,1,9022001075805001,690,3
789,1,9022001075807001,714,3
789,1,9022001075821009,107,6
789,1,9022001075996001,294,5
791,0,9022001010250001,9426,16
791,0,9022001010261003,10190,16
791,0,9022001010397002,9852,16
791,0,9022001010537003,7416,17
791,0,9022001011002015,8675,16
791,0,9022001011722002,11939,17
791,0,9022001011725003,10505,17
791,0,9022001013219001,11789,17
791,0,9022001013449001,10246,17
791,0,9022001013451001,10449,17
791,0,9022001013455001,11306,17
791,0,9022001013465001,10979,17
791,0,9022001013467001,10863,17
791,0,9022001013487002,9523,14
791,0,9022001070083002,9381,14
791,0,9022001070084001,8867,14
791,0,9022001070086001,8602,14
791,0,9022001070088001,8454,14
791,0,9022001070178001,8366,13
791,0,9022001070213001,8206,13
791,0,9022001070243003,8010,13
791,0,9022001070245002,7814,13
791,0,9022001070249002,7761,13
791,0,9022001070251002,7739,13
791,0,9022001070253002,7765,13
791,0,9022001070255002,7767,13
791,0,9022001070258007,6741,13
791,0,9022001070498001,6382,11
791,0,9022001070504001,6821,13
791,0,9022001070506001,4608,10
791,0,9022001070508001,3779,8
791,0,9022001070510001,3708,8
791,0,9022001070512001,3612,8
791,0,9022001070514001,3130,7
791,0,9022001070518001,1516,6
791,0,9022001070519002,6267,11
791,0,9022001070587001,9267,14
791,0,9022001070589001,9557,14
791,0,9022001070591001,9469,14
791,0,9022001070645002,7729,13
791,0,9022001070742001,8104,13
791,0,9022001075002002,551,4
791,0,9022001075662002,397,4
791,0,9022001075821007,-313,11
791,1,9022001010250002,1785,6
791,1,9022001010289004,1636,15
791,1,9022001010397001,2047,7
791,1,9022001011002012,1475,5
791,1,9022001011722003,2114,8
791,1,9022001011725007,1788,8
791,1,9022001013219002,2192,8
791,1,9022001013449002,3146,9
791,1,9022001013451002,2552,8
791,1,9022001013455002,2391,8
791,1,9022001013465002,2464,8
791,1,9022001013467002,2495,8
791,1,9022001013487001,3030,11
791,1,9022001070083001,2961,11
791,1,9022001070084002,3262,11
791,1,9022001070086002,3478,11
791,1,9022001070088002,2483,11
791,1,9022001070178002,2558,11
791,1,9022001070213002,2687,12
791,1,9022001070243004,2818,12
791,1,9022001070245001,2999,12
791,1,9022001070249001,2991,12
791,1,9022001070251001,2973,12
791,1,9022001070253001,2882,12
791,1,9022001070255001,2882,12
791,1,9022001070258009,5480,14
791,1,9022001070498002,6625,16
791,1,9022001070504002,6586,16
791,1,9022001070506002,7065,16
791,1,9022001070508002,7203,16
791,1,9022001070510002,7540,16
791,1,9022001070512002,7707,16
791,1,9022001070514002,7788,16
791,1,9022001070518004,8400,17
791,1,9022001070519001,6665,16
791,1,9022001070587002,3050,11
791,1,9022001070589002,3108,11
791,1,9022001070591002,3088,11
791,1,9022001070645001,4481,13
791,1,9022001070742002,2600,11
791,1,9022001074000001,6808,16
791,1,9022001075002001,6569,17
791,1,9022001075662001,7093,17
791,1,9022001075821010,5902,17
792,0,9022001013401007,-150,4
792,0,9022001014071002,5,4
792,0,9022001014071003,10,4
792,0,9022001070057001,-19,4
792,0,9022001070057003,32,4
792,0,9022001070058001,-17,4
792,0,9022001070058002,-4,4
792,0,9022001070062001,-31,4
792,0,9022001070064001,-8,4
792,0,9022001070066001,8,4
792,0,9022001070068001,27,4
792,0,9022001070070001,35,4
792,0,9022001070072001,58,4
792,0,9022001070074001,84,4
792,0,9022001070076001,79,4
792,0,9022001070078001,8,4
792,0,9022001070080001,93,4
792,0,9022001070082001,99,4
792,0,9022001070084001,-7,4
792,0,9022001070086001,-52,4
792,0,9022001070088001,-117,4
792,0,9022001070096001,155,4
792,0,9022001070098001,211,4
792,0,9022001070100001,59,4
792,0,9022001070102001,14,4
792,0,9022001070112001,42,2
792,0,9022001070114001,92,4
792,0,9022001070122001,16,2
792,0,9022001070124001,-383,2
792,0,9022001070320001,-269,4
792,0,9022001070388001,42,4
792,0,9022001070400001,117,4
792,0,9022001070401002,42,4
792,0,9022001070403002,57,4
792,0,9022001070409001,19,4
792,0,9022001070409002,-23,4
792,0,9022001070718001,178,4
792,0,9022001070718002,76,2
792,1,9022001013401005,163,3
792,1,9022001014071002,229,3
792,1,9022001014071003,341,3
792,1,9022001070057001,215,3
792,1,9022001070057002,427,3
792,1,9022001070058001,229,3
792,1,9022001070058002,363,3
792,1,9022001070062002,468,3
792,1,9022001070064002,437,3
792,1,9022001070066002,453,3
792,1,9022001070068002,483,3
792,1,9022001070070002,518,3
792,1,9022001070072002,511,3
792,1,9022001070074002,568,3
792,1,9022001070076002,609,3
792,1,9022001070078002,475,3
792,1,9022001070080002,451,3
792,1,9022001070084002,524,3
792,1,9022001070086002,510,3
792,1,9022001070088002,357,3
792,1,9022001070096002,414,3
792,1,9022001070098001,188,3
792,1,9022001070100002,459,3
792,1,9022001070102002,430,3
792,1,9022001070112003,-346,3
792,1,9022001070113002,521,3
792,1,9022001070114002,621,3
792,1,9022001070122002,-436,3
792,1,9022001070124001,-790,3
792,1,9022001070320004,-53,1
792,1,9022001070388002,102,1
792,1,9022001070401001,183,3
792,1,9022001070403001,173,3
792,1,9022001070409001,353,3
792,1,9022001070409002,226,3
792,1,9022001070718001,8,3
792,1,9022001070718002,365,3
794,1,9022001010289004,-362,4
794,1,9022001011722003,425,2
794,1,9022001011725007,326,2
794,1,9022001013219002,450,2
794,1,9022001013449002,520,2
794,1,9022001013451002,541,2
794,1,9022001013455002,491,2
794,1,9022001013465002,513,2
794,1,9022001013467002,514,2
794,1,9022001013487001,326,2
794,1,9022001070083001,228,2
794,1,9022001070084002,289,2
794,1,9022001070086002,339,2
794,1,9022001070088002,99,2
794,1,9022001070178002,114,2
794,1,9022001070180002,153,2
794,1,9022001070182002,185,2
794,1,9022001070186002,280,2
794,1,9022001070482002,369,2
794,1,9022001070484001,197,2
794,1,9022001070587002,254,2
794,1,9022001070589002,270,2
794,1,9022001070591002,274,2
794,1,9022001070735001,280,2
794,1,9022001070735002,113,2
794,1,9022001070740001,314,2
794,1,9022001070740002,-19,2
794,1,9022001070742001,-202,2
795,0,9022001070010001,2870,13
795,0,9022001070018001,2787,13
795,0,9022001070028001,3423,13
795,0,9022001070030001,3385,13
795,0,9022001070032001,3463,13
795,0,9022001070034001,3501,13
795,0,9022001070038001,3247,13
795,0,9022001070042001,3540,13
795,0,9022001070044001,3633,13
795,0,9022001070046001,3600,13
795,0,9022001070048001,3594,13
795,0,9022001070050001,3178,12
795,0,9022001070052004,3596,13
795,0,9022001070215001,1749,13
795,0,9022001070258006,814,26
795,0,9022001070447001,2992,13
795,0,9022001070447002,3183,13
795,0,9022001070454001,3297,13
795,0,9022001070456001,3118,13
795,0,9022001070458001,3023,13
795,0,9022001070460001,2859,13
795,0,9022001070462001,2976,13
795,0,9022001070464001,3080,13
795,0,9022001070466001,3417,13
795,0,9022001070468001,3549,13
795,0,9022001070470001,3411,13
795,0,9022001070472001,3372,13
795,0,9022001070634001,3297,13
795,0,9022001070737001,3483,13
795,0,9022001070828001,3492,13
795,1,9022001070010002,8041,20
795,1,9022001070018001,6617,20
795,1,9022001070028002,4228,17
795,1,9022001070030002,4313,17
795,1,9022001070032002,4305,17
795,1,9022001070034002,4485,17
795,1,9022001070038005,5226,18
795,1,9022001070042002,4620,17
795,1,9022001070044002,4661,17
795,1,9022001070046002,4693,17
795,1,9022001070048002,5126,18
795,1,9022001070050002,5259,18
795,1,9022001070052003,4466,18
795,1,9022001070215001,3736,24
795,1,9022001070258002,2197,20
795,1,9022001070447001,6994,20
795,1,9022001070447002,7597,20
795,1,9022001070454002,6959,19
795,1,9022001070456002,6960,19
795,1,9022001070458002,7562,20
795,1,9022001070460002,8130,20
795,1,9022001070462002,7822,20
795,1,9022001070464002,6956,20
795,1,9022001070466002,6204,20
795,1,9022001070468002,5633,20
795,1,9022001070470002,5056,20
795,1,9022001070472002,4709,20
795,1,9022001070634002,4116,20
795,1,9022001070737002,4561,17
795,1,9022001070828002,5205,20
796,0,9022001070258009,1200,7
796,0,9022001070322001,1670,7
796,0,9022001070324001,1726,7
796,0,9022001070331002,1818,7
796,0,9022001070333002,1666,7
796,0,9022001070335002,1601,7
796,0,9022001070337002,1500,7
796,0,9022001070341002,1422,7
796,0,9022001070344001,352,8
796,0,9022001070348001,1360,7
796,0,9022001070348002,1700,7
796,0,9022001070350001,1323,7
796,0,9022001070350002,1588,7
796,0,9022001070352001,1206,7
796,0,9022001070779002,1828,7
796,0,9022001070781002,1855,7
796,0,9022001070783002,1887,7
796,0,9022001070785002,1898,7
796,1,9022001010250002,1315,4
796,1,9022001010289004,657,6
796,1,9022001010397001,1385,4
796,1,9022001011002012,1297,4
796,1,9022001011722003,1353,4
796,1,9022001011725007,1194,4
796,1,9022001013219002,1379,4
796,1,9022001013449002,1521,4
796,1,9022001013451002,1527,4
796,1,9022001013455002,1458,4
796,1,9022001013465002,1482,4
796,1,9022001013467002,1491,4
796,1,9022001013487001,1291,4
796,1,9022001070083001,1834,5
796,1,9022001070084002,2277,6
796,1,9022001070086002,2409,6
796,1,9022001070088002,1905,6
796,1,9022001070178002,2048,6
796,1,9022001070213002,2099,6
796,1,9022001070243004,2372,7
796,1,9022001070245001,2455,7
796,1,9022001070249001,2465,7
796,1,9022001070251001,2453,7
796,1,9022001070253001,2420,7
796,1,9022001070255001,2435,7
796,1,9022001070258004,2865,13
796,1,9022001070258009,282,4
796,1,9022001070322002,4543,12
796,1,9022001070324002,4598,12
796,1,9022001070327002,532,4
796,1,9022001070329002,554,4
796,1,9022001070331001,3627,8
796,1,9022001070331003,547,4
796,1,9022001070333001,3094,8
796,1,9022001070335001,2948,8
796,1,9022001070337001,2746,8
796,1,9022001070341001,2489,8
796,1,9022001070344001,1861,8
796,1,9022001070348001,4455,12
796,1,9022001070348002,3519,11
796,1,9022001070350001,4472,12
796,1,9022001070350002,3746,11
796,1,9022001070352001,3784,11
796,1,9022001070587002,1873,5
796,1,9022001070589002,1895,5
796,1,9022001070591002,1898,5
796,1,9022001070645001,2426,7
796,1,9022001070742002,2089,6
796,1,9022001070779001,4641,12
796,1,9022001070781001,4707,12
796,1,9022001070783001,4777,12
796,1,9022001070785001,4281,12
797,1,9022001075001011,1413,8
797,1,9022001075002001,946,7
797,1,9022001075016001,769,7
797,1,9022001075016002,789,5
797,1,9022001075018001,574,7
797,1,9022001075018002,730,5
797,1,9022001075020001,413,7
797,1,9022001075020002,737,5
797,1,9022001075022001,315,7
797,1,9022001075022002,707,5
797,1,9022001075054002,653,5
797,1,9022001075054007,575,5
797,1,9022001075056001,855,7
797,1,9022001075056002,675,5
797,1,9022001075072001,854,5
797,1,9022001075086001,797,5
797,1,9022001075088001,749,5
797,1,9022001075090001,643,5
797,1,9022001075090002,647,5
797,1,9022001075092001,625,5
797,1,9022001075096001,737,5
797,1,9022001075096002,739,5
797,1,9022001075100001,725,5
797,1,9022001075100002,842,5
797,1,9022001075132002,425,2
797,1,9022001075134002,552,4
797,1,9022001075242001,724,5
797,1,9022001075245002,863,5
797,1,9022001075247001,901,5
797,1,9022001075247002,742,5
797,1,9022001075656002,626,5
797,1,9022001075819001,860,5
797,1,9022001075819002,821,7
797,1,9022001075821003,-215,9
797,1,9022001075821008,90,1
797,1,9022001075821010,4986,9
797,1,9022001076201001,-42,9
798,1,9022001075001002,380,3
798,1,9022001075104001,916,6
798,1,9022001075108001,876,6
798,1,9022001075110001,668,6
798,1,9022001075112001,708,4
798,1,9022001075126001,428,4
798,1,9022001075181004,670,6
798,1,9022001075185002,463,4
798,1,9022001075187002,605,4
798,1,9022001075189002,691,4
798,1,9022001075191002,733,4
798,1,9022001075193002,789,4
798,1,9022001075195001,1219,6
798,1,9022001075195002,827,4
798,1,9022001075216002,1117,6
798,1,9022001075218002,1172,6
798,1,9022001075220002,1210,6
798,1,9022001075252001,647,4
798,1,9022001075254001,1063,6
798,1,9022001075391002,1171,6
798,1,9022001075393002,1186,6
798,1,9022001075713001,1004,6
798,1,9022001075727002,1183,6
798,1,9022001075821003,208,5
798,1,9022001075821008,-100,12
8,0,9022001000130001,386,2
8,0,9022001000131001,584,2
8,0,9022001000132001,78,1
8,0,9022001000133001,9,1
8,0,9022001000134001,-98,1
8,0,9022001000145001,3,1
8,0,9022001000401001,-93,2
8,0,9022001000426001,420,2
8,0,9022001000427001,474,2
8,0,9022001000809001,-20,1
80,0,9022001008000001,-4277,83
80,0,9022001008001001,-52,78
80,0,9022001008002001,4686,73
80,0,9022001008003001,-2416,58
80,0,9022001008005001,1591,34
80,0,9022001008006001,2564,46
80,0,9022001008007001,3593,32
80,0,9022001008008001,4145,71
80,0,9022001008009001,-3927,81
80,0,9022001008041001,-39039,88
80,1,9022001008000001,-62502,133
80,1,9022001008001001,-1682,31
80,1,9022001008002001,-247,57
80,1,9022001008003001,-13228,59
80,1,9022001008005001,-5927,71
80,1,9022001008006001,-565,58
80,1,9022001008007001,1826,76
80,1,9022001008008001,-3097,58
80,1,9022001008009001,-2170,21
80,1,9022001008041001,-17041,125
80,1,9022001008059001,395,29
80,1,9022001008068001,2520,26
80,1,9022001008069001,5016,26
80,1,9022001008070001,1206,13
80,1,9022001008071001,79,14
80,1,9022001008072001,3144,13
80,1,9022001008073001,2766,13
80,1,9022001008074001,1175,12
801,1,9022001011725009,-6269,54
801,1,9022001011725013,-14793,79
801,1,9022001013602003,3539,53
801,1,9022001013602004,3991,38
801,1,9022001040004002,6834,48
801,1,9022001040004003,3190,40
801,1,9022001040034001,4804,41
801,1,9022001040048001,4643,41
801,1,9022001040048002,1927,45
801,1,9022001040049001,1303,45
801,1,9022001040049002,4870,41
801,1,9022001040051001,4816,45
801,1,9022001040051002,4557,40
801,1,9022001040060001,242,55
801,1,9022001040062001,1187,51
801,1,9022001040399001,71,4
801,1,9022001080982001,3621,50
801,1,9022001080984001,2721,51
801,1,9022001080986001,2864,51
801,1,9022001080988001,3329,51
801,1,9022001080994001,2960,51
802,0,9022001011725009,-11607,73
802,0,9022001013602003,5886,73
802,0,9022001080005002,13977,61
802,0,9022001080009002,11743,60
802,0,9022001080013002,2985,45
802,0,9022001080015006,-39332,151
802,0,9022001080021002,4770,51
802,0,9022001080023002,5251,54
802,0,9022001080025002,5082,54
802,0,9022001080027002,7542,56
802,0,9022001080029002,3020,55
802,0,9022001080032001,3695,46
802,0,9022001080039002,5302,56
802,0,9022001080056002,3541,47
802,1,9022001011725018,-39233,157
802,1,9022001013602004,3431,41
802,1,9022001080005001,-2410,58
802,1,9022001080013001,-2865,61
802,1,9022001080015003,-8356,61
802,1,9022001080021001,769,60
802,1,9022001080023001,2009,60
802,1,9022001080025001,2495,60
802,1,9022001080027001,3173,60
802,1,9022001080029001,2782,60
802,1,9022001080032002,-1215,60
802,1,9022001080039001,5464,60
802,1,9022001080056001,-1033,60
802,1,9022001080190001,881,59
803,0,9022001013051009,915,9
803,0,9022001013065003,-1041,10
803,0,9022001013148001,231,6
803,0,9022001013338006,105,6
803,0,9022001013379002,-190,10
803,0,9022001013441002,911,9
803,0,9022001013449002,263,7
803,0,9022001013605002,229,5
803,0,9022001013881001,-41,10
803,0,9022001014029001,597,10
803,0,9022001014033003,1139,10
803,0,9022001080005002,897,5
803,0,9022001080009002,582,4
803,0,9022001080013002,188,2
803,0,9022001080015002,-1567,13
803,1,9022001013051005,1262,8
803,1,9022001013065003,-3178,16
803,1,9022001013148002,2931,10
803,1,9022001013338001,2148,11
803,1,9022001013379001,1383,5
803,1,9022001013441001,1675,8
803,1,9022001013449001,3215,10
803,1,9022001013605001,3074,11
803,1,9022001013881002,1408,5
803,1,9022001014029002,1985,8
803,1,9022001014033004,997,5
803,1,9022001080005001,279,13
803,1,9022001080011001,1418,13
803,1,9022001080013001,1897,13
803,1,9022001080015007,1271,13
804,0,9022001011725009,-686,4
804,0,9022001013602003,85,4
804,0,9022001080058001,-7,2
804,0,9022001080060001,-931,8
804,0,9022001080061003,86,2
804,0,9022001080071002,19,3
804,0,9022001080213002,97,3
804,0,9022001080215002,-104,3
804,0,9022001080217002,47,3
804,0,9022001080219002,67,3
804,0,9022001080223002,62,2
804,0,9022001080225002,30,2
804,1,9022001011725020,-2252,7
804,1,9022001080058002,312,2
804,1,9022001080060001,160,2
804,1,9022001080061002,326,2
804,1,9022001080071001,579,2
804,1,9022001080213001,550,2
804,1,9022001080215001,474,2
804,1,9022001080217001,424,2
804,1,9022001080219001,375,2
804,1,9022001080223001,342,2
804,1,9022001080225001,336,2
805,0,9022001011725009,-4786,13
805,0,9022001011725022,-413,3
805,0,9022001013602003,-3513,16
805,0,9022001080061003,-94,10
805,0,9022001080063002,110,9
805,0,9022001080065002,-159,9
805,0,9022001080067002,-435,12
805,0,9022001080069002,-258,6
805,0,9022001080071002,-3701,13
805,0,9022001080213002,-1433,12
805,0,9022001080215002,-5914,14
805,0,9022001080217002,-868,12
805,0,9022001080219002,-435,11
805,0,9022001080249002,-214,6
805,0,9022001080253002,-78,5
805,0,9022001080255002,39,2
805,0,9022001080257002,-120,3
805,0,9022001080259002,-112,3
805,0,9022001080261002,-101,3
805,0,9022001080263002,10,3
805,0,9022001080265002,75,3
805,0,9022001080267002,54,2
805,0,9022001080269002,84,2
805,0,9022001080271002,64,3
805,0,9022001080271003,26,2
805,0,9022001080273002,313,5
805,0,9022001080275002,273,5
805,0,9022001080277002,253,5
805,0,9022001080279002,214,4
805,0,9022001080281002,177,4
805,0,9022001080283002,-2929,9
805,0,9022001080287002,215,4
805,0,9022001080289002,72,2
805,0,9022001080293002,27,1
805,0,9022001080295002,15,1
805,0,9022001080297002,6,1
805,0,9022001080299002,-86,5
805,0,9022001080300001,-1663,6
805,1,9022001011725020,-1569,12
805,1,9022001013602004,828,5
805,1,9022001080061001,970,8
805,1,9022001080063001,1353,9
805,1,9022001080065001,719,9
805,1,9022001080067002,1219,9
805,1,9022001080069001,1546,9
805,1,9022001080071001,1239,6
805,1,9022001080213001,1061,6
805,1,9022001080215001,1622,7
805,1,9022001080217001,1489,7
805,1,9022001080219001,1114,7
805,1,9022001080249001,1466,9
805,1,9022001080253001,1425,9
805,1,9022001080255001,1001,3
805,1,9022001080257001,575,6
805,1,9022001080259001,563,6
805,1,9022001080261001,312,6
805,1,9022001080263001,298,6
805,1,9022001080265001,86,6
805,1,9022001080267001,847,3
805,1,9022001080269001,1092,4
805,1,9022001080271001,1034,11
805,1,9022001080273001,770,11
805,1,9022001080275001,440,11
805,1,9022001080277001,148,11
805,1,9022001080279001,-56,11
805,1,9022001080281001,-444,11
805,1,9022001080283002,-895,11
805,1,9022001080287001,-378,11
805,1,9022001080289001,1237,5
805,1,9022001080293001,-84,3
805,1,9022001080295001,-140,3
805,1,9022001080297001,-208,3
805,1,9022001080299001,516,6
805,1,9022001080300001,-266,3
806,0,9022001011725009,-3633,9
806,0,9022001013602003,-599,8
806,0,9022001080077002,756,6
806,0,9022001080092001,92,6
806,0,9022001080093002,647,6
806,0,9022001080095002,687,6
806,0,9022001080097002,707,6
806,0,9022001080099002,571,5
806,0,9022001080101002,558,5
806,0,9022001080114001,364,4
806,0,9022001080341002,794,7
806,0,9022001080408002,485,6
806,0,9022001080423002,846,7
806,0,9022001080602002,-3054,16
806,0,9022001080625001,81,3
806,0,9022001080627001,217,3
806,1,9022001011725012,1097,41
806,1,9022001013602004,400,12
806,1,9022001080077001,687,19
806,1,9022001080092003,808,17
806,1,9022001080093001,1077,20
806,1,9022001080095001,1013,23
806,1,9022001080097001,1612,25
806,1,9022001080099001,2246,25
806,1,9022001080101001,1409,25
806,1,9022001080114002,982,25
806,1,9022001080341001,438,16
806,1,9022001080408001,955,17
806,1,9022001080423001,224,16
806,1,9022001080602001,-3886,25
806,1,9022001080625002,-1552,25
806,1,9022001080627002,-1155,25
807,0,9022001011725009,-22448,170
807,0,9022001013602003,16854,169
807,0,9022001080077002,21181,142
807,0,9022001080092001,8431,149
807,0,9022001080093002,18683,136
807,0,9022001080095002,16453,121
807,0,9022001080097002,16178,117
807,0,9022001080099002,12941,109
807,0,9022001080101002,9789,106
807,0,9022001080103002,9894,93
807,0,9022001080105002,8704,86
807,0,9022001080107002,6810,84
807,0,9022001080109002,209,187
807,0,9022001080122001,2679,64
807,0,9022001080123002,2858,64
807,0,9022001080125002,1617,62
807,0,9022001080127002,1097,55
807,0,9022001080129002,1277,42
807,0,9022001080341002,23273,152
807,0,9022001080408002,18180,150
807,0,9022001080417003,1220,39
807,0,9022001080419002,5503,81
807,0,9022001080423002,27605,157
807,0,9022001080891002,948,34
807,0,9022001080893002,-2368,54
807,1,9022001011725012,2304,212
807,1,9022001013602004,5467,57
807,1,9022001080077001,11687,103
807,1,9022001080092003,11165,90
807,1,9022001080093001,13069,103
807,1,9022001080095001,12824,105
807,1,9022001080097001,14453,106
807,1,9022001080099001,17594,108
807,1,9022001080101001,14393,111
807,1,9022001080103001,9703,116
807,1,9022001080105001,6274,116
807,1,9022001080107001,4277,116
807,1,9022001080109003,-6516,116
807,1,9022001080122003,4582,48
807,1,9022001080123001,4266,48
807,1,9022001080125001,4509,48
807,1,9022001080127001,4024,48
807,1,9022001080129001,2796,48
807,1,9022001080341001,9495,75
807,1,9022001080408001,10975,75
807,1,9022001080417002,2375,48
807,1,9022001080419001,1512,115
807,1,9022001080423001,7621,74
807,1,9022001080891001,2113,49
807,1,9022001080893001,-2705,49
809,0,9022001011725023,-11996,28
809,0,9022001080122001,1709,17
809,0,9022001080123002,1845,17
809,0,9022001080125002,1057,16
809,0,9022001080127002,776,16
809,0,9022001080129002,-51,24
809,0,9022001080131002,1515,21
809,0,9022001080417003,572,11
809,0,9022001080891002,250,10
809,0,9022001080893002,-1116,24
809,1,9022001011725023,345,48
809,1,9022001080122003,1107,19
809,1,9022001080123001,849,19
809,1,9022001080125001,1144,19
809,1,9022001080127001,1059,20
809,1,9022001080129001,274,20
809,1,9022001080131001,1002,19
809,1,9022001080417002,-144,20
809,1,9022001080891001,-618,20
809,1,9022001080893001,-3136,20
809C,0,9022001080055002,-1842,8
809C,0,9022001080122001,852,4
809C,0,9022001080123002,897,4
809C,0,9022001080125002,769,4
809C,0,9022001080127002,656,3
809C,0,9022001080129002,701,3
809C,0,9022001080131002,767,4
809C,0,9022001080417003,708,3
809C,0,9022001080891002,690,3
809C,0,9022001080893002,265,9
809C,1,9022001080055002,-389,17
809C,1,9022001080122003,433,9
809C,1,9022001080123001,388,9
809C,1,9022001080125001,402,9
809C,1,9022001080127001,331,9
809C,1,9022001080129001,-46,9
809C,1,9022001080131001,326,7
809C,1,9022001080417002,-190,9
809C,1,9022001080891001,-369,9
809C,1,9022001080893001,-1626,9
80X,0,9022001008000001,8973,15
80X,0,9022001008003001,-6619,49
80X,1,9022001008000001,-13436,32
80X,1,9022001008003001,-1499,6
810,0,9022001011725023,-4869,16
810,0,9022001080611001,2859,12
810,0,9022001080801002,1904,8
810,0,9022001080803002,1796,8
810,0,9022001080819002,-950,21
810,0,9022001080821002,192,5
810,0,9022001080823002,1448,6
810,0,9022001080825002,1747,7
810,0,9022001080837002,2308,13
810,0,9022001080966001,2527,11
810,0,9022001080971002,1975,7
810,0,9022001080995002,2714,10
810,1,9022001011725023,873,27
810,1,9022001080611002,805,13
810,1,9022001080801001,4170,18
810,1,9022001080803001,3020,18
810,1,9022001080819001,-1952,19
810,1,9022001080821001,1026,19
810,1,9022001080823001,1068,19
810,1,9022001080825001,1740,19
810,1,9022001080837001,940,13
810,1,9022001080966002,1749,16
810,1,9022001080971001,2138,19
810,1,9022001080995001,2334,17
812C,0,9022001013602003,647,7
812C,0,9022001080005002,1826,6
812C,0,9022001080009002,1608,6
812C,0,9022001080021002,117,3
812C,0,9022001080023002,109,3
812C,0,9022001080025002,94,3
812C,0,9022001080027002,404,5
812C,0,9022001080029002,8,4
812C,0,9022001080032001,76,3
812C,0,9022001080039002,191,5
812C,0,9022001080055001,-1649,9
812C,0,9022001080056002,71,4
812C,1,9022001013602004,879,5
812C,1,9022001080005001,-450,7
812C,1,9022001080021001,228,9
812C,1,9022001080023001,573,9
812C,1,9022001080025001,756,9
812C,1,9022001080027001,785,8
812C,1,9022001080029001,796,9
812C,1,9022001080032002,-252,9
812C,1,9022001080039001,1066,8
812C,1,9022001080055001,-56,16
812C,1,9022001080056001,-622,9
812C,1,9022001080190001,490,8
813C,0,9022001013602003,-44,8
813C,0,9022001080015007,-2003,11
813C,0,9022001080045002,157,4
813C,0,9022001080047002,210,4
813C,0,9022001080049002,186,4
813C,0,9022001080051002,171,4
813C,0,9022001080053002,-2688,12
813C,0,9022001080055001,-3908,13
813C,0,9022001080211001,401,8
813C,1,9022001013602004,914,9
813C,1,9022001080015004,-497,10
813C,1,9022001080045001,-103,8
813C,1,9022001080047001,-136,8
813C,1,9022001080049001,-490,8
813C,1,9022001080051001,-745,8
813C,1,9022001080053001,-1456,8
813C,1,9022001080055001,-575,21
813C,1,9022001080211002,-235,10
814,0,9022001011725009,-609,4
814,0,9022001013602003,428,4
814,0,9022001040004002,481,3
814,0,9022001080179002,461,3
814,0,9022001080193002,376,3
814,0,9022001080195001,-1033,10
814,1,9022001011725014,-1053,10
814,1,9022001013602004,508,4
814,1,9022001040004003,417,4
814,1,9022001080179001,270,4
814,1,9022001080193001,0,4
814,1,9022001080195001,-323,4
815C,0,9022001013602003,349,6
815C,0,9022001080055001,-2051,8
815C,0,9022001080061003,88,3
815C,0,9022001080063002,155,3
815C,0,9022001080065002,82,3
815C,0,9022001080067002,97,3
815C,0,9022001080071002,268,5
815C,0,9022001080079001,-900,7
815C,0,9022001080213002,428,5
815C,0,9022001080215002,-25,5
815C,0,9022001080217002,181,5
815C,0,9022001080219002,198,5
815C,1,9022001013602004,996,5
815C,1,9022001080055001,98,20
815C,1,9022001080061001,617,8
815C,1,9022001080063001,672,8
815C,1,9022001080065001,527,8
815C,1,9022001080067002,76,8
815C,1,9022001080071001,952,8
815C,1,9022001080079001,-979,8
815C,1,9022001080213001,771,8
815C,1,9022001080215001,597,8
815C,1,9022001080217001,691,8
815C,1,9022001080219001,629,8
816,0,9022001011725009,-3933,34
816,0,9022001013017004,2123,33
816,0,9022001013350002,640,15
816,0,9022001013551004,1120,34
816,0,9022001013565002,2207,33
816,0,9022001013567002,2241,32
816,0,9022001013569002,1875,32
816,0,9022001013571002,1840,27
816,0,9022001040004002,104,2
816,0,9022001040056003,166,2
816,0,9022001080011002,212,2
816,0,9022001080013002,222,2
816,0,9022001080015008,-28433,95
816,0,9022001080153004,817,33
816,0,9022001080157002,1936,32
816,0,9022001080159002,2428,33
816,0,9022001080173002,117,2
816,0,9022001080179002,149,2
816,0,9022001080181002,157,2
816,0,9022001080183002,216,2
816,0,9022001080185002,178,2
816,0,9022001080187002,194,2
816,0,9022001080193002,180,2
816,0,9022001080325002,1488,15
816,0,9022001080336001,81,3
816,1,9022001011725016,-24698,85
816,1,9022001013017003,1655,11
816,1,9022001013350001,3598,32
816,1,9022001013551003,621,5
816,1,9022001013565001,2233,16
816,1,9022001013567001,2914,25
816,1,9022001013569001,3449,27
816,1,9022001013571001,4466,31
816,1,9022001040004003,3804,29
816,1,9022001040056002,4726,29
816,1,9022001080011001,130,29
816,1,9022001080013001,-503,29
816,1,9022001080015005,-2338,29
816,1,9022001080153003,653,5
816,1,9022001080157001,1188,7
816,1,9022001080159001,1310,8
816,1,9022001080173001,4648,29
816,1,9022001080179001,4062,29
816,1,9022001080181001,3286,29
816,1,9022001080183001,2441,29
816,1,9022001080185001,1663,29
816,1,9022001080187001,1139,29
816,1,9022001080193001,3603,29
816,1,9022001080325001,5520,32
816,1,9022001080336002,4434,29
817,0,9022001080067002,-162,2
817,0,9022001080079001,-3332,18
817,0,9022001080080001,-1046,16
817,0,9022001080082001,-472,16
817,0,9022001080084001,-3490,21
817,1,9022001080067002,107,4
817,1,9022001080079001,-1944,15
817,1,9022001080080002,-507,7
817,1,9022001080082002,-771,7
817,1,9022001080084001,-1205,7
818C,0,9022001080055002,-7750,18
818C,0,9022001080077002,966,9
818C,0,9022001080092001,33,11
818C,0,9022001080093002,719,9
818C,0,9022001080095002,806,9
818C,0,9022001080097002,731,8
818C,0,9022001080099002,754,8
818C,0,9022001080101002,454,8
818C,0,9022001080103002,355,7
818C,0,9022001080105002,116,5
818C,0,9022001080107002,-17,5
818C,0,9022001080109002,278,20
818C,0,9022001080341002,937,11
818C,0,9022001080408002,798,10
818C,0,9022001080419002,-47,5
818C,0,9022001080423002,812,11
818C,1,9022001080055002,578,26
818C,1,9022001080077001,1206,17
818C,1,9022001080092003,995,16
818C,1,9022001080093001,1611,18
818C,1,9022001080095001,1500,18
818C,1,9022001080097001,1743,18
818C,1,9022001080099001,2135,18
818C,1,9022001080101001,1515,18
818C,1,9022001080103001,365,18
818C,1,9022001080105001,-596,18
818C,1,9022001080107001,-1150,18
818C,1,9022001080109003,-3375,18
818C,1,9022001080341001,1492,14
818C,1,9022001080408001,1908,14
818C,1,9022001080419001,-1773,18
818C,1,9022001080423001,1060,14
819,1,9022001080011001,2586,85
819,1,9022001080011002,50,57
819,1,9022001080013001,2751,85
819,1,9022001080013002,-36,57
819,1,9022001080015005,-5752,89
819,1,9022001080015008,-10627,62
819,1,9022001080061001,571,86
819,1,9022001080061003,2029,60
819,1,9022001080063001,512,86
819,1,9022001080063002,2229,60
819,1,9022001080065001,-1444,86
819,1,9022001080065002,856,60
819,1,9022001080067001,124,2
819,1,9022001080067002,5721,140
819,1,9022001080069001,3848,86
819,1,9022001080069002,2289,54
819,1,9022001080071001,2008,86
819,1,9022001080071002,-1194,60
819,1,9022001080092004,-1197,53
819,1,9022001080092005,-3082,64
819,1,9022001080185001,2952,77
819,1,9022001080185002,-711,59
819,1,9022001080187001,2538,78
819,1,9022001080187002,-335,57
819,1,9022001080211001,3641,85
819,1,9022001080211002,-6602,61
819,1,9022001080213001,2955,86
819,1,9022001080213002,-3613,60
819,1,9022001080215001,-2808,86
819,1,9022001080215002,-741,60
819,1,9022001080217001,2020,86
819,1,9022001080217002,969,60
819,1,9022001080219001,1083,86
819,1,9022001080219002,1637,59
819,1,9022001080249001,3837,86
819,1,9022001080249002,2607,54
819,1,9022001080253001,4427,86
819,1,9022001080253002,2664,53
819,1,9022001080255001,2777,51
819,1,9022001080255002,2115,25
819,1,9022001080257001,3369,35
819,1,9022001080257002,-224,28
819,1,9022001080259001,3535,35
819,1,9022001080259002,2,27
819,1,9022001080261001,2312,35
819,1,9022001080261002,-469,25
819,1,9022001080263001,2042,35
819,1,9022001080263002,249,23
819,1,9022001080265001,1441,35
819,1,9022001080265002,444,19
819,1,9022001080267001,1384,51
819,1,9022001080267002,1963,24
819,1,9022001080269001,2545,51
819,1,9022001080269002,2185,23
819,1,9022001080271001,2487,87
819,1,9022001080271002,802,18
819,1,9022001080271003,1428,19
819,1,9022001080273001,547,87
819,1,9022001080273002,2178,30
819,1,9022001080275001,-1151,87
819,1,9022001080275002,1792,29
819,1,9022001080277001,-2901,87
819,1,9022001080277002,785,24
819,1,9022001080279001,-4004,87
819,1,9022001080279002,737,24
819,1,9022001080281001,-6250,87
819,1,9022001080281002,496,24
819,1,9022001080283001,-47,1
819,1,9022001080283002,-25834,125
819,1,9022001080287001,-6009,87
819,1,9022001080287002,743,24
819,1,9022001080289001,2680,51
819,1,9022001080289002,1847,20
819,1,9022001080293001,-352,13
819,1,9022001080293002,154,7
819,1,9022001080295001,-575,13
819,1,9022001080295002,84,7
819,1,9022001080297001,-896,13
819,1,9022001080297002,28,7
819,1,9022001080299001,2851,35
819,1,9022001080299002,2412,53
819,1,9022001080300001,-3352,19
819,1,9022001080348001,593,51
819,1,9022001080349001,-222,51
819,1,9022001080349002,1787,60
819,1,9022001080351002,88,10
819,1,9022001080356001,965,51
819,1,9022001080358001,1120,51
819,1,9022001080360001,1728,51
819,1,9022001080362001,1456,51
819,1,9022001080364001,920,51
819,1,9022001080366001,538,51
819,1,9022001080368001,779,51
819,1,9022001080372001,481,51
819,1,9022001080383001,312,51
819,1,9022001080383002,1163,60
819,1,9022001080385001,758,51
819,1,9022001080385002,908,60
819,1,9022001080389001,1827,57
819,1,9022001080389002,347,60
819,1,9022001080391001,2834,63
819,1,9022001080391002,98,60
819,1,9022001080393001,2539,64
819,1,9022001080393002,199,60
819,1,9022001080395001,2012,64
819,1,9022001080395002,545,60
819,1,9022001080397001,2288,65
819,1,9022001080397002,76,60
819,1,9022001080399001,2181,68
819,1,9022001080399002,106,60
819,1,9022001080401001,3506,77
819,1,9022001080401002,68,59
82,1,9022001008009002,-132,19
82,1,9022001008054002,-30024,137
82,1,9022001008057001,1684,19
820,1,9022001080092004,-8893,38
820,1,9022001080303001,-637,19
820,1,9022001080323001,-1045,21
820,1,9022001080327001,-620,21
820,1,9022001080328001,-656,21
820,1,9022001080337001,180,21
820,1,9022001080338001,-527,19
820,1,9022001080343001,-2669,21
820,1,9022001080355001,-131,19
820,1,9022001080357001,377,19
820,1,9022001080359001,471,18
820,1,9022001080373001,446,18
820,1,9022001080374001,-636,19
820,1,9022001080375001,-400,19
820,1,9022001080383001,-585,19
820,1,9022001080385001,-1301,21
820,1,9022001080389001,-641,21
821,0,9022001012980002,798,21
821,0,9022001040013002,644,20
821,0,9022001040016001,1714,20
821,0,9022001040019002,1281,20
821,0,9022001040021002,457,20
821,0,9022001040023002,-32,20
821,0,9022001040027002,-117,20
821,0,9022001040029002,127,19
821,0,9022001040031002,276,19
821,0,9022001040034001,1470,19
821,0,9022001040035002,586,19
821,0,9022001040037002,1135,19
821,0,9022001040039002,1068,19
821,0,9022001040041002,884,19
821,0,9022001040045002,449,19
821,0,9022001040048001,959,18
821,0,9022001040049002,448,19
821,0,9022001040051002,292,19
821,0,9022001040085001,1213,27
821,0,9022001040113001,993,27
821,0,9022001040116002,1182,27
821,0,9022001040175003,1548,27
821,0,9022001040177001,1091,27
821,0,9022001040179001,-55,27
821,0,9022001040181001,-202,27
821,0,9022001040982001,1238,23
821,0,9022001040984001,1851,27
821,0,9022001080011002,735,5
821,0,9022001080013002,663,5
821,0,9022001080015008,-7570,35
821,0,9022001080179002,504,19
821,0,9022001080181002,1093,19
821,0,9022001080183002,1713,18
821,0,9022001080185002,1288,12
821,0,9022001080187002,950,7
821,0,9022001080193002,1147,18
821,0,9022001080413001,-2321,27
821,1,9022001012980001,2584,39
821,1,9022001040013001,-159,39
821,1,9022001040019001,2383,41
821,1,9022001040021001,3757,41
821,1,9022001040023001,5032,42
821,1,9022001040027001,7074,47
821,1,9022001040029001,7077,51
821,1,9022001040031001,6591,51
821,1,9022001040035001,5904,52
821,1,9022001040037001,5092,53
821,1,9022001040039001,5699,53
821,1,9022001040041001,6473,53
821,1,9022001040045001,3329,53
821,1,9022001040048002,3998,51
821,1,9022001040049001,4265,51
821,1,9022001040051001,5437,52
821,1,9022001040085002,2023,39
821,1,9022001040113002,1685,38
821,1,9022001040116001,179,38
821,1,9022001040175004,435,38
821,1,9022001040177002,873,38
821,1,9022001040179002,1310,38
821,1,9022001040181002,1206,38
821,1,9022001040982002,2149,39
821,1,9022001040984002,2022,39
821,1,9022001080011001,-4696,52
821,1,9022001080013001,-5738,52
821,1,9022001080015007,-8555,52
821,1,9022001080179001,5289,52
821,1,9022001080181001,1455,52
821,1,9022001080183001,324,52
821,1,9022001080185001,-1683,52
821,1,9022001080187001,-3083,52
821,1,9022001080193001,3628,52
821,1,9022001080413002,-11345,42
822,0,9022001011725009,-1092,5
822,0,9022001013602003,131,5
822,0,9022001080092001,71,4
822,0,9022001080092004,244,4
822,0,9022001080092005,-1118,9
822,0,9022001080341002,304,4
822,0,9022001080348001,344,4
822,0,9022001080356001,214,4
822,0,9022001080358001,199,4
822,0,9022001080360001,263,4
822,0,9022001080362001,218,4
822,0,9022001080364001,167,4
822,0,9022001080366001,126,4
822,0,9022001080368001,212,4
822,0,9022001080372001,232,4
822,0,9022001080408002,229,4
822,0,9022001080423002,857,5
822,1,9022001011725015,-3008,13
822,1,9022001013602004,252,5
822,1,9022001080092004,-287,7
822,1,9022001080092005,-348,5
822,1,9022001080341001,-277,5
822,1,9022001080348001,747,7
822,1,9022001080356001,239,7
822,1,9022001080358001,396,7
822,1,9022001080360001,555,7
822,1,9022001080362001,555,7
822,1,9022001080364001,513,7
822,1,9022001080366001,511,7
822,1,9022001080368001,676,7
822,1,9022001080372001,600,7
822,1,9022001080408001,-231,5
822,1,9022001080423001,-299,5
823,0,9022001011725009,-2308,8
823,0,9022001013602003,1355,8
823,0,9022001080011002,168,4
823,0,9022001080013002,198,4
823,0,9022001080015008,-2821,10
823,0,9022001080092001,487,8
823,0,9022001080185002,8,4
823,0,9022001080187002,76,4
823,0,9022001080341002,1350,8
823,0,9022001080349002,1059,8
823,0,9022001080383002,290,4
823,0,9022001080385002,205,4
823,0,9022001080389002,113,4
823,0,9022001080391002,85,4
823,0,9022001080393002,73,4
823,0,9022001080395002,91,4
823,0,9022001080397002,72,4
823,0,9022001080399002,16,4
823,0,9022001080401002,23,4
823,0,9022001080408002,967,8
823,0,9022001080423002,1570,8
823,1,9022001011725015,-319,9
823,1,9022001013602004,1125,3
823,1,9022001080011001,602,5
823,1,9022001080013001,545,5
823,1,9022001080015007,-5,5
823,1,9022001080092004,842,5
823,1,9022001080185001,830,5
823,1,9022001080187001,707,5
823,1,9022001080341001,837,5
823,1,9022001080343001,1056,5
823,1,9022001080349001,1038,5
823,1,9022001080383001,1023,5
823,1,9022001080385001,1061,5
823,1,9022001080389001,1106,5
823,1,9022001080391001,1188,5
823,1,9022001080393001,1096,5
823,1,9022001080395001,1037,5
823,1,9022001080397001,1031,5
823,1,9022001080399001,937,5
823,1,9022001080401001,934,5
823,1,9022001080408001,865,5
823,1,9022001080423001,829,5
824,0,9022001080013002,2543,29
824,0,9022001080015002,-1432,59
824,0,9022001080021002,3357,29
824,0,9022001080023002,3638,29
824,0,9022001080025002,3815,29
824,0,9022001080029002,4609,32
824,0,9022001080032001,3665,29
824,0,9022001080056002,3185,29
824,0,9022001080058001,400,16
824,0,9022001080060001,-8960,37
824,0,9022001080061003,866,18
824,0,9022001080071002,342,19
824,0,9022001080077001,7835,61
824,0,9022001080092003,7430,60
824,0,9022001080093001,8416,62
824,0,9022001080095001,8890,68
824,0,9022001080097001,10153,70
824,0,9022001080099001,11350,70
824,0,9022001080101001,12596,70
824,0,9022001080103001,13478,70
824,0,9022001080105001,14037,70
824,0,9022001080107001,14735,70
824,0,9022001080211002,975,20
824,0,9022001080213002,-57,19
824,0,9022001080215002,-116,19
824,0,9022001080217002,439,19
824,0,9022001080219002,702,19
824,0,9022001080223002,694,17
824,0,9022001080225002,579,17
824,0,9022001080349002,8803,47
824,0,9022001080383002,7726,45
824,0,9022001080385002,7074,40
824,0,9022001080389002,5651,36
824,0,9022001080403002,5362,35
824,0,9022001080431001,10428,70
824,0,9022001080433001,11751,70
824,0,9022001080567002,-7549,71
824,0,9022001080571002,5939,71
824,0,9022001080573002,9458,71
824,0,9022001080603002,9883,70
824,0,9022001080605002,13934,70
824,0,9022001080833002,16007,70
824,0,9022001080835002,15710,70
824,1,9022001080013001,7271,57
824,1,9022001080015005,2433,40
824,1,9022001080015007,1693,18
824,1,9022001080021001,7349,55
824,1,9022001080023001,7455,55
824,1,9022001080025001,7073,55
824,1,9022001080029001,8014,55
824,1,9022001080032002,6071,55
824,1,9022001080056001,7133,56
824,1,9022001080058002,-1499,40
824,1,9022001080060001,-5457,40
824,1,9022001080061002,-832,40
824,1,9022001080071001,3160,40
824,1,9022001080077002,8762,52
824,1,9022001080092002,3185,53
824,1,9022001080093002,8615,50
824,1,9022001080095003,8551,42
824,1,9022001080097002,5168,30
824,1,9022001080099002,4814,21
824,1,9022001080101002,4260,20
824,1,9022001080103002,2748,15
824,1,9022001080105002,2278,14
824,1,9022001080107002,1963,14
824,1,9022001080211001,3879,40
824,1,9022001080213001,3626,40
824,1,9022001080215001,2390,40
824,1,9022001080217001,1033,40
824,1,9022001080219001,-122,40
824,1,9022001080223001,-1012,40
824,1,9022001080225001,-1229,40
824,1,9022001080349001,6325,53
824,1,9022001080383001,7422,54
824,1,9022001080385001,7434,54
824,1,9022001080389001,7532,54
824,1,9022001080403001,7788,55
824,1,9022001080431002,7668,38
824,1,9022001080433002,6606,32
824,1,9022001080567001,-6522,88
824,1,9022001080571001,140,12
824,1,9022001080573001,424,12
824,1,9022001080603001,-127,12
824,1,9022001080605001,42,12
824,1,9022001080833001,721,12
824,1,9022001080835001,981,13
826,0,9022001080567001,-4069,17
826,0,9022001080801002,-2314,17
826,0,9022001080803002,-2173,17
826,0,9022001084070001,-587,2
826,0,9022001084070002,400,17
826,0,9022001084092001,-2013,17
826,0,9022001084093001,259,17
826,1,9022001080567002,-4061,22
826,1,9022001080801001,569,8
826,1,9022001080803001,727,8
826,1,9022001084070001,552,8
826,1,9022001084092001,-1353,8
827,0,9022001080883001,1546,25
827,0,9022001080951002,2100,24
827,0,9022001080955002,936,24
827,0,9022001080957002,1506,24
827,0,9022001080959002,1936,24
827,0,9022001080961002,2110,24
827,0,9022001084027002,-267,24
827,0,9022001084141002,155,24
827,0,9022001084143002,-1918,24
827,0,9022001084145001,1997,24
827,0,9022001084241002,819,24
827,0,9022001084247003,1709,24
827,1,9022001080883002,1489,15
827,1,9022001080951001,1860,13
827,1,9022001080955001,1363,13
827,1,9022001080957001,1363,13
827,1,9022001080959001,1449,13
827,1,9022001080961001,1475,13
827,1,9022001084027001,1108,13
827,1,9022001084141001,1203,13
827,1,9022001084143001,522,15
827,1,9022001084145002,961,13
827,1,9022001084241002,-163,13
827,1,9022001084247001,395,13
828,0,9022001013266009,-4968,33
828,0,9022001013711001,-543,33
828,0,9022001013713001,-1266,33
828,0,9022001013715001,-1630,33
828,0,9022001013717001,-1928,33
828,0,9022001013738002,-1107,33
828,0,9022001070407002,-29,33
828,0,9022001070619002,1146,32
828,0,9022001070675002,2031,33
828,0,9022001070874001,2983,33
828,0,9022001070876001,2658,33
828,0,9022001080477002,56,33
828,0,9022001080479002,348,33
828,0,9022001080483002,715,24
828,0,9022001080485002,721,21
828,0,9022001080488001,-2047,20
828,0,9022001080489002,1504,33
828,0,9022001080491002,2000,33
828,0,9022001080493002,1253,33
828,0,9022001080495002,3161,33
828,0,9022001080499002,3339,33
828,0,9022001080509002,2349,33
828,1,9022001013266006,-1082,39
828,1,9022001013709003,1988,19
828,1,9022001013711002,1862,19
828,1,9022001013713002,1297,19
828,1,9022001013715002,1157,17
828,1,9022001013717002,1091,15
828,1,9022001013738001,1514,19
828,1,9022001070407001,1913,19
828,1,9022001070619001,2104,19
828,1,9022001070675001,2696,19
828,1,9022001070874002,1830,19
828,1,9022001070876002,2105,19
828,1,9022001080477001,2207,19
828,1,9022001080479001,2518,19
828,1,9022001080483001,1422,19
828,1,9022001080485001,-427,19
828,1,9022001080488001,-2394,19
828,1,9022001080489001,2441,19
828,1,9022001080491001,2421,19
828,1,9022001080493001,1484,19
828,1,9022001080495001,1990,19
828,1,9022001080499001,1797,19
828,1,9022001080509001,2310,19
829,0,9022001070887001,-4121,36
829,0,9022001080795001,-6275,60
829,0,9022001080837001,-4035,60
829,0,9022001084012001,26,38
829,0,9022001084012002,-2187,60
829,0,9022001084014001,-492,38
829,0,9022001084014002,-3065,60
829,0,9022001084022001,-1961,66
829,0,9022001084072003,-7161,60
829,0,9022001084080001,-4016,60
829,1,9022001070887001,1104,3
829,1,9022001080795002,1506,5
829,1,9022001080837002,1337,5
829,1,9022001084012001,1337,5
829,1,9022001084012002,1290,3
829,1,9022001084014001,1351,5
829,1,9022001084014002,1290,3
829,1,9022001084022001,1041,6
829,1,9022001084072001,-6553,57
829,1,9022001084080002,1474,5
830,0,9022001013266009,1315,61
830,0,9022001013709001,6494,62
830,0,9022001013711001,6613,62
830,0,9022001013713001,6372,62
830,0,9022001013715001,6375,62
830,0,9022001013717001,6467,62
830,0,9022001013738002,6095,62
830,0,9022001070611002,10441,62
830,0,9022001070613002,11339,61
830,0,9022001070615002,11167,61
830,0,9022001070617002,10921,59
830,0,9022001070619002,8333,58
830,0,9022001070621002,9834,58
830,0,9022001070623002,10092,58
830,0,9022001070625002,10014,58
830,0,9022001070675002,10436,58
830,0,9022001080567001,-3335,111
830,0,9022001080571003,3353,21
830,0,9022001080573001,3436,21
830,0,9022001080603001,2813,21
830,0,9022001080605001,3031,21
830,0,9022001080607001,3640,21
830,0,9022001080611001,3797,21
830,0,9022001080769002,7121,62
830,0,9022001080785002,10299,55
830,0,9022001080787002,8309,52
830,0,9022001080789002,8761,47
830,0,9022001080791002,7332,34
830,0,9022001080795002,5200,23
830,0,9022001080797002,4023,22
830,0,9022001080837002,7551,28
830,1,9022001013266005,-4356,132
830,1,9022001013709002,3800,42
830,1,9022001013711002,3494,42
830,1,9022001013713002,2653,42
830,1,9022001013715002,2244,38
830,1,9022001013717002,1992,36
830,1,9022001013738001,3260,42
830,1,9022001070609003,4118,42
830,1,9022001070611001,2963,42
830,1,9022001070613001,3269,41
830,1,9022001070615001,3516,43
830,1,9022001070617001,3869,43
830,1,9022001070619001,1778,44
830,1,9022001070621001,4873,48
830,1,9022001070623001,5779,50
830,1,9022001070625001,6153,50
830,1,9022001070675001,4403,43
830,1,9022001080567002,-2532,60
830,1,9022001080571002,4930,60
830,1,9022001080573002,6233,60
830,1,9022001080603002,6121,60
830,1,9022001080605002,7907,60
830,1,9022001080607002,8428,59
830,1,9022001080611002,7931,59
830,1,9022001080769001,5324,42
830,1,9022001080785001,6114,50
830,1,9022001080787001,6531,50
830,1,9022001080789001,7402,50
830,1,9022001080791001,6182,51
830,1,9022001080795001,6357,54
830,1,9022001080797001,7912,55
830,1,9022001080837001,6358,53
831,0,9022001013266009,-4916,70
831,0,9022001013629001,2440,70
831,0,9022001013713001,2814,70
831,0,9022001013715001,1911,70
831,0,9022001013717001,1266,70
831,0,9022001070619002,4071,49
831,0,9022001070621002,3768,41
831,0,9022001070623002,3673,41
831,0,9022001070625002,3701,41
831,0,9022001070675002,5902,51
831,0,9022001070870002,2297,47
831,0,9022001070874001,8344,65
831,0,9022001070876001,7110,64
831,0,9022001070887001,-2261,54
831,0,9022001080460001,3351,70
831,0,9022001080477002,3858,70
831,0,9022001080479002,4288,69
831,0,9022001080489002,5842,69
831,0,9022001080491002,6258,68
831,0,9022001080493002,3899,66
831,0,9022001080495002,7808,65
831,0,9022001080499002,8508,65
831,0,9022001080509002,6790,60
831,0,9022001080785002,3998,41
831,0,9022001080787002,2954,40
831,0,9022001080789002,3422,41
831,0,9022001080791002,3542,41
831,0,9022001080828001,2787,22
831,0,9022001080830001,3925,28
831,0,9022001080832001,2187,19
831,0,9022001080977001,3447,25
831,0,9022001080979001,-2205,28
831,0,9022001080979002,752,34
831,1,9022001013266006,-5679,89
831,1,9022001013629002,1511,19
831,1,9022001013713002,1182,19
831,1,9022001013715002,1056,19
831,1,9022001013717002,1102,19
831,1,9022001070619001,4533,37
831,1,9022001070621001,7840,38
831,1,9022001070623001,7837,38
831,1,9022001070625001,7918,38
831,1,9022001070675001,5089,36
831,1,9022001070870002,6470,38
831,1,9022001070874002,3017,28
831,1,9022001070876002,3893,32
831,1,9022001070887001,1034,19
831,1,9022001070887002,2677,19
831,1,9022001080460002,1396,19
831,1,9022001080477001,1698,19
831,1,9022001080479001,1951,19
831,1,9022001080489001,1927,19
831,1,9022001080491001,2557,20
831,1,9022001080493001,1794,20
831,1,9022001080495001,1969,20
831,1,9022001080499001,1859,20
831,1,9022001080509001,4231,35
831,1,9022001080785001,6923,38
831,1,9022001080787001,6713,38
831,1,9022001080789001,6848,38
831,1,9022001080791001,6607,38
831,1,9022001080828001,2682,19
831,1,9022001080830001,-1096,19
831,1,9022001080832001,2909,19
831,1,9022001080977001,740,19
831,1,9022001080979001,2976,19
831,1,9022001080979002,-3243,19
832,0,9022001080103002,2546,62
832,0,9022001080105002,2974,62
832,0,9022001080107002,2484,62
832,0,9022001080109005,-1296,66
832,0,9022001080114002,1998,62
832,0,9022001080122003,2094,65
832,0,9022001080125001,2408,65
832,0,9022001080127001,2696,65
832,0,9022001080129001,1996,65
832,0,9022001080419002,2505,62
832,0,9022001080560002,-13424,94
832,0,9022001080563001,812,61
832,0,9022001080565001,198,65
832,0,9022001080567001,-3997,65
832,0,9022001080571004,-933,65
832,0,9022001080573001,1029,65
832,0,9022001080575001,1961,65
832,0,9022001080602001,3871,66
832,0,9022001080625002,2438,65
832,0,9022001080627002,-493,64
832,0,9022001084072003,-1201,69
832,0,9022001084080001,477,69
832,1,9022001080103001,2960,24
832,1,9022001080105001,2994,35
832,1,9022001080107001,3064,39
832,1,9022001080109004,1634,39
832,1,9022001080114001,418,13
832,1,9022001080122002,863,39
832,1,9022001080125002,1106,39
832,1,9022001080127002,910,39
832,1,9022001080129002,1999,39
832,1,9022001080419001,2865,39
832,1,9022001080560001,-5241,39
832,1,9022001080563002,-2076,39
832,1,9022001080565002,-983,39
832,1,9022001080567002,577,39
832,1,9022001080571002,-1687,39
832,1,9022001080573002,-1835,39
832,1,9022001080575002,716,39
832,1,9022001084072002,-8691,80
833,0,9022001013264003,-378,19
833,0,9022001013264004,-402,19
833,0,9022001013266009,-1670,19
833,0,9022001013647001,-643,19
833,0,9022001070489001,519,19
833,0,9022001070603002,-570,19
833,0,9022001070628001,-355,19
833,0,9022001070657001,823,19
833,0,9022001070857002,-459,19
833,0,9022001070917002,1052,19
833,0,9022001080542001,964,17
833,0,9022001080543002,1108,19
833,0,9022001080545002,1313,19
833,0,9022001080547002,1200,19
833,0,9022001080550001,-2800,27
833,1,9022001013264003,332,3
833,1,9022001013264004,1655,9
833,1,9022001013266002,626,26
833,1,9022001013647002,107,2
833,1,9022001070489002,3216,15
833,1,9022001070603001,137,2
833,1,9022001070628002,151,2
833,1,9022001070657002,3557,19
833,1,9022001070857001,119,2
833,1,9022001070917001,3840,31
833,1,9022001080542001,3490,31
833,1,9022001080543001,4481,31
833,1,9022001080545001,3058,31
833,1,9022001080547001,2183,31
833,1,9022001080550001,-588,31
834,0,9022001080109005,950,58
834,0,9022001080122002,2885,58
834,0,9022001080123001,2347,58
834,0,9022001080417003,3244,57
834,0,9022001080567002,-7184,61
834,0,9022001080571002,783,59
834,0,9022001080573002,412,58
834,0,9022001080575002,2853,58
834,0,9022001080885002,2084,17
834,0,9022001080891002,2965,56
834,0,9022001080893002,431,68
834,0,9022001080897001,-1118,22
834,1,9022001080109004,4664,27
834,1,9022001080122001,5599,22
834,1,9022001080123002,5475,22
834,1,9022001080417002,4331,27
834,1,9022001080567001,-60,90
834,1,9022001080571001,4827,22
834,1,9022001080573001,5409,22
834,1,9022001080575001,5545,22
834,1,9022001080885001,1018,11
834,1,9022001080891001,4105,27
834,1,9022001080893001,3069,27
834,1,9022001080897001,737,11
834,1,9022001080907001,987,11
835,0,9022001070887001,-10950,55
835,0,9022001080567001,5871,167
835,0,9022001080571003,4885,168
835,0,9022001080573001,575,172
835,0,9022001080603001,-4471,174
835,0,9022001080605001,-8165,174
835,0,9022001080611001,1782,134
835,0,9022001080795002,-240,135
835,0,9022001080797002,-2799,135
835,0,9022001080799002,7723,160
835,0,9022001080801002,7831,161
835,0,9022001080803002,5518,160
835,0,9022001080837002,-5180,135
835,0,9022001080849001,13426,121
835,0,9022001080851001,-27925,126
835,0,9022001080853002,5663,113
835,0,9022001080855001,15305,120
835,0,9022001080857001,16030,120
835,0,9022001080859001,13428,120
835,0,9022001080861001,11854,122
835,0,9022001080863001,3378,16
835,0,9022001080865001,9532,122
835,0,9022001080867001,10724,123
835,0,9022001080869001,10602,124
835,0,9022001080871002,3347,128
835,0,9022001080883002,4896,160
835,0,9022001080895002,7685,160
835,0,9022001080901001,8534,122
835,0,9022001081161001,2320,107
835,0,9022001084012001,-4580,80
835,0,9022001084014001,-3493,80
835,0,9022001084022001,-13304,80
835,0,9022001084045002,14461,146
835,0,9022001084053002,-4970,135
835,1,9022001070887001,-5486,33
835,1,9022001080567002,4765,86
835,1,9022001080571002,1384,86
835,1,9022001080573002,2014,88
835,1,9022001080603002,-182,83
835,1,9022001080605002,-226,90
835,1,9022001080611002,-1366,60
835,1,9022001080795001,-918,56
835,1,9022001080797001,37,61
835,1,9022001080799001,13239,113
835,1,9022001080801001,7309,89
835,1,9022001080803001,9730,93
835,1,9022001080837001,136,61
835,1,9022001080849002,10778,137
835,1,9022001080851001,-8898,138
835,1,9022001080853002,10375,139
835,1,9022001080855002,7845,138
835,1,9022001080857002,5504,138
835,1,9022001080859002,9056,138
835,1,9022001080861002,13815,138
835,1,9022001080863002,242,14
835,1,9022001080865002,14671,138
835,1,9022001080867002,11553,128
835,1,9022001080869002,8527,122
835,1,9022001080871004,3712,121
835,1,9022001080883001,9542,120
835,1,9022001080895001,13951,117
835,1,9022001080901002,14900,137
835,1,9022001081161002,2941,139
835,1,9022001084012002,842,38
835,1,9022001084014002,885,39
835,1,9022001084022001,-10904,65
835,1,9022001084045001,3431,121
835,1,9022001084053001,-3676,66
836,0,9022001080615002,-3287,46
836,0,9022001080617002,-1826,46
836,0,9022001080619002,-1231,46
836,0,9022001080621002,-600,46
836,0,9022001080624001,-12427,51
836,0,9022001084072003,-7756,46
836,0,9022001084080001,-5339,46
836,1,9022001084072001,-4591,35
837,0,9022001080567001,2324,27
837,0,9022001080569001,2321,48
837,0,9022001080571003,3319,30
837,0,9022001080573001,3656,34
837,0,9022001080603001,3426,43
837,0,9022001080605001,2891,46
837,0,9022001080607002,3387,46
837,0,9022001080801002,2684,27
837,0,9022001080803002,2423,26
837,0,9022001080813002,-13674,139
837,0,9022001080815002,994,7
837,0,9022001080817002,1242,11
837,0,9022001080819002,1535,18
837,0,9022001080821002,2104,25
837,0,9022001080823002,2926,27
837,0,9022001080825002,3360,27
837,0,9022001080971002,3044,27
837,0,9022001084031004,-326,48
837,0,9022001084053002,837,46
837,0,9022001084072001,-7435,48
837,0,9022001084086001,-2403,48
837,1,9022001080567002,4380,63
837,1,9022001080569002,1192,20
837,1,9022001080571002,888,63
837,1,9022001080573002,3505,65
837,1,9022001080603002,2319,61
837,1,9022001080605002,2453,59
837,1,9022001080607001,1349,22
837,1,9022001080801001,5188,63
837,1,9022001080803001,7129,65
837,1,9022001080811004,221,6
837,1,9022001080813001,-515,6
837,1,9022001080813003,-8803,67
837,1,9022001080815001,-400,72
837,1,9022001080817001,4435,72
837,1,9022001080819001,7180,72
837,1,9022001080821001,10241,72
837,1,9022001080823001,9301,72
837,1,9022001080825001,8890,72
837,1,9022001080951001,263,6
837,1,9022001080955001,436,6
837,1,9022001080957001,398,6
837,1,9022001080959001,430,6
837,1,9022001080961001,-167,6
837,1,9022001080971001,8211,71
837,1,9022001084027001,364,6
837,1,9022001084031003,566,19
837,1,9022001084053001,507,28
837,1,9022001084072004,-8004,106
837,1,9022001084086002,499,15
837,1,9022001084141001,391,6
837,1,9022001084145002,167,6
837,1,9022001084238001,293,6
837,1,9022001084247002,291,6
838,0,9022001080109005,650,37
838,0,9022001080122003,1885,27
838,0,9022001080125001,2084,28
838,0,9022001080127001,2731,33
838,0,9022001080129001,2603,37
838,0,9022001080419002,1563,36
838,0,9022001080567001,310,15
838,0,9022001080571004,673,83
838,0,9022001080573001,784,19
838,0,9022001080575001,1445,23
838,0,9022001080799002,780,15
838,0,9022001080801002,764,15
838,0,9022001080803002,512,15
838,0,9022001080807002,-1684,17
838,0,9022001080811004,757,15
838,0,9022001080813002,-1020,44
838,0,9022001080835002,384,36
838,0,9022001080895002,785,15
838,0,9022001084053002,-1903,17
838,0,9022001084053003,-3175,19
838,1,9022001080109004,-5701,74
838,1,9022001080122002,1451,68
838,1,9022001080125002,40,69
838,1,9022001080127002,-1210,69
838,1,9022001080129002,-1978,57
838,1,9022001080419001,-3822,54
838,1,9022001080567002,-898,46
838,1,9022001080571002,-10123,70
838,1,9022001080573002,-57,69
838,1,9022001080575002,1921,69
838,1,9022001080799001,-944,46
838,1,9022001080801001,-133,46
838,1,9022001080803001,-290,46
838,1,9022001080807001,-11847,44
838,1,9022001080811002,-2593,46
838,1,9022001080813003,-6462,46
838,1,9022001080835001,-2460,54
838,1,9022001080895001,-1474,46
838,1,9022001084053001,-1008,103
839,0,9022001080122002,4393,58
839,0,9022001080567002,-1862,58
839,0,9022001080571002,1149,58
839,0,9022001080573002,1962,58
839,0,9022001080575002,6038,58
839,0,9022001080633002,3021,58
839,0,9022001080635002,2972,58
839,0,9022001080637002,4026,57
839,0,9022001080639002,4045,58
839,0,9022001080641002,4466,57
839,0,9022001080643002,4945,57
839,0,9022001080681002,2614,58
839,0,9022001080683002,6729,57
839,0,9022001080685002,7155,57
839,0,9022001080687002,7706,56
839,0,9022001080689002,7895,56
839,0,9022001080691002,7161,55
839,0,9022001080693002,11858,55
839,0,9022001080695002,12074,55
839,0,9022001080697002,12135,55
839,0,9022001080699002,12279,55
839,0,9022001080701002,12598,54
839,0,9022001080703002,13253,53
839,0,9022001080705002,13281,53
839,0,9022001080707002,12776,53
839,0,9022001080709002,11742,53
839,0,9022001080711002,10310,52
839,0,9022001080713002,9855,51
839,0,9022001080715001,2750,35
839,0,9022001080715002,8402,48
839,0,9022001080717002,12751,53
839,0,9022001080719001,3096,36
839,0,9022001080719002,4519,46
839,0,9022001080722001,-4132,58
839,0,9022001080727002,3035,33
839,0,9022001080729002,2976,35
839,0,9022001080731002,2946,35
839,0,9022001080733002,2879,35
839,0,9022001080735002,2772,34
839,0,9022001080737002,2772,34
839,0,9022001080739002,2670,33
839,0,9022001080741002,2769,31
839,0,9022001080743002,3279,32
839,0,9022001080746001,-3850,37
839,0,9022001080747002,2985,32
839,1,9022001080122004,3921,21
839,1,9022001080567001,-2992,58
839,1,9022001080571001,652,18
839,1,9022001080573001,1723,18
839,1,9022001080575001,2841,18
839,1,9022001080635001,4734,21
839,1,9022001080637001,5260,21
839,1,9022001080639001,5303,21
839,1,9022001080641001,5290,21
839,1,9022001080643001,5317,21
839,1,9022001080681001,4725,21
839,1,9022001080683001,5115,21
839,1,9022001080685001,5069,21
839,1,9022001080687001,4933,21
839,1,9022001080689001,4949,21
839,1,9022001080691001,3219,21
839,1,9022001080693001,2324,21
839,1,9022001080695001,2249,21
839,1,9022001080697001,1839,21
839,1,9022001080699001,1531,21
839,1,9022001080701001,749,21
839,1,9022001080703001,1920,24
839,1,9022001080705001,766,26
839,1,9022001080707001,914,26
839,1,9022001080709001,581,26
839,1,9022001080711001,1046,26
839,1,9022001080713001,1359,26
839,1,9022001080715001,2202,28
839,1,9022001080715003,4842,19
839,1,9022001080717001,1616,22
839,1,9022001080719001,3255,29
839,1,9022001080719002,4546,19
839,1,9022001080722001,1352,30
839,1,9022001080727001,4861,19
839,1,9022001080729001,4930,19
839,1,9022001080731001,5028,19
839,1,9022001080733001,5082,19
839,1,9022001080735001,5113,19
839,1,9022001080737001,5193,19
839,1,9022001080739001,5204,19
839,1,9022001080741001,5075,19
839,1,9022001080743001,4862,19
839,1,9022001080746001,3392,19
839,1,9022001080747001,5025,19
84,0,9022001008034001,336,5
84,0,9022001008040002,-728,8
84,0,9022001008052001,77,2
84,0,9022001008054001,-270,8
84,0,9022001008056001,510,4
84,0,9022001008058001,-2826,10
84,1,9022001008034001,82,5
84,1,9022001008040002,-4762,11
84,1,9022001008052001,85,9
84,1,9022001008054001,216,2
84,1,9022001008056001,-388,6
84,1,9022001008058001,-545,9
840,0,9022001040029001,14420,39
840,0,9022001040037001,14160,42
840,0,9022001040045001,13150,43
840,0,9022001040049001,12385,44
840,0,9022001040085002,4064,23
840,0,9022001040113002,4034,22
840,0,9022001040117002,812,19
840,0,9022001040129002,1526,19
840,0,9022001040133001,-2410,60
840,0,9022001040982002,3751,24
840,0,9022001040984002,4143,23
840,0,9022001080011002,14002,52
840,0,9022001080015002,10628,53
840,0,9022001080092003,16710,63
840,0,9022001080093001,20316,66
840,0,9022001080095001,19972,70
840,0,9022001080116001,20566,72
840,0,9022001080185002,13960,52
840,0,9022001080411001,15490,54
840,0,9022001080567002,1987,74
840,0,9022001080571002,14119,74
840,0,9022001080573002,16292,73
840,0,9022001080603002,16454,73
840,0,9022001080605002,19770,73
840,0,9022001080833002,15606,73
840,1,9022001040029002,23823,63
840,1,9022001040037002,26208,62
840,1,9022001040045002,22449,61
840,1,9022001040049002,21679,60
840,1,9022001040085001,24095,76
840,1,9022001040113001,19601,76
840,1,9022001040129001,19617,76
840,1,9022001040131001,18927,76
840,1,9022001040133003,11772,77
840,1,9022001040982001,28197,73
840,1,9022001040984001,28849,76
840,1,9022001080011001,18761,59
840,1,9022001080015007,17324,59
840,1,9022001080092001,18506,41
840,1,9022001080093002,18663,39
840,1,9022001080095002,17961,39
840,1,9022001080116002,18611,37
840,1,9022001080185001,18841,58
840,1,9022001080411002,18147,48
840,1,9022001080567001,-2937,76
840,1,9022001080571001,2884,28
840,1,9022001080573001,3520,28
840,1,9022001080603001,2510,29
840,1,9022001080605001,14923,31
840,1,9022001080833001,16663,32
842,0,9022001080097002,311,3
842,0,9022001080099002,572,3
842,0,9022001080101002,551,3
842,0,9022001080103002,660,3
842,0,9022001080105002,729,3
842,0,9022001080107002,721,3
842,0,9022001080109005,669,3
842,0,9022001080122003,305,2
842,0,9022001080125001,794,3
842,0,9022001080127001,808,3
842,0,9022001080129001,772,3
842,0,9022001080419002,740,3
842,0,9022001080567001,-3,2
842,0,9022001080571001,3,2
842,0,9022001080573001,97,2
842,0,9022001080575001,135,2
842,0,9022001080801002,43,2
842,0,9022001080803002,-8,2
842,0,9022001080883002,-2,2
842,0,9022001080951001,115,2
842,0,9022001080955001,96,2
842,0,9022001080957001,67,2
842,0,9022001080959001,90,2
842,0,9022001080961001,92,2
842,0,9022001084027001,3,1
842,0,9022001084141001,3,1
842,0,9022001084145002,91,2
842,0,9022001084247001,107,2
842,1,9022001080099001,473,1
842,1,9022001080101001,475,1
842,1,9022001080103001,465,1
842,1,9022001080105001,474,1
842,1,9022001080107001,461,1
842,1,9022001080109004,422,3
842,1,9022001080122002,369,2
842,1,9022001080125002,357,2
842,1,9022001080127002,326,2
842,1,9022001080129002,339,2
842,1,9022001080419001,453,1
842,1,9022001080567002,289,2
842,1,9022001080571002,177,2
842,1,9022001080573002,232,2
842,1,9022001080575002,371,2
842,1,9022001080801001,435,2
842,1,9022001080803001,452,2
842,1,9022001080883001,197,2
842,1,9022001080951002,361,2
842,1,9022001080955002,242,2
842,1,9022001080957002,272,2
842,1,9022001080959002,287,2
842,1,9022001080961002,283,2
842,1,9022001084027002,136,2
842,1,9022001084141002,182,2
842,1,9022001084143002,-1,2
842,1,9022001084145001,369,2
842,1,9022001084247003,338,2
843,0,9022001080871011,-792,12
843,0,9022001080875001,138,12
843,0,9022001080877001,-126,20
843,0,9022001081065002,-167,5
843,0,9022001081067002,-107,5
843,0,9022001081079002,-107,5
843,0,9022001081085002,-57,5
843,0,9022001081089002,164,5
843,0,9022001081091002,293,5
843,0,9022001081093002,322,5
843,0,9022001081097002,237,5
843,0,9022001081099002,207,5
843,0,9022001081101002,179,5
843,0,9022001081103002,125,5
843,0,9022001081105002,-1145,6
843,1,9022001080871006,-187,25
843,1,9022001080875002,313,3
843,1,9022001080877001,1061,6
843,1,9022001080877002,-7,3
843,1,9022001081065001,106,3
843,1,9022001081067001,271,3
843,1,9022001081079001,226,3
843,1,9022001081085001,231,3
843,1,9022001081089001,135,3
843,1,9022001081091001,-37,3
843,1,9022001081093001,-45,3
843,1,9022001081097001,-58,3
843,1,9022001081099001,-71,3
843,1,9022001081101001,-75,3
843,1,9022001081103001,-77,3
843,1,9022001081105001,-209,3
844,0,9022001080871001,1035,38
844,0,9022001080871003,512,20
844,0,9022001080879002,379,56
844,0,9022001080881002,713,56
844,0,9022001080899002,688,56
844,0,9022001080908001,642,20
844,0,9022001085013002,1407,56
844,0,9022001085315002,1373,56
844,0,9022001085317002,-1423,76
844,1,9022001080871003,1806,95
844,1,9022001080879001,1731,45
844,1,9022001080881001,1927,45
844,1,9022001080899001,2337,45
844,1,9022001080908001,-9676,52
844,1,9022001080909001,1680,37
844,1,9022001085013001,1404,45
844,1,9022001085315001,1311,45
844,1,9022001085317002,-1696,45
845,0,9022001080643004,-944,8
845,0,9022001080683002,-749,8
845,0,9022001080685002,-660,8
845,0,9022001080687002,-424,8
845,0,9022001080689002,-356,8
845,0,9022001080691002,-561,8
845,0,9022001080871011,-1660,8
845,0,9022001081003002,-1252,8
845,0,9022001081005002,-1199,8
845,0,9022001081007002,-1097,8
845,0,9022001081009002,-1094,8
845,0,9022001081013002,-146,8
845,0,9022001081015002,-57,8
845,0,9022001081017002,-73,8
845,0,9022001081019001,182,4
845,0,9022001081019002,-295,5
845,0,9022001081021002,320,7
845,0,9022001081023002,321,7
845,0,9022001081025002,304,7
845,0,9022001081027002,210,5
845,0,9022001081029002,18,3
845,0,9022001081031002,26,3
845,0,9022001081033002,26,3
845,0,9022001081036001,-434,5
845,0,9022001081037001,221,4
845,0,9022001081037002,-249,5
845,0,9022001081039001,228,4
845,0,9022001081040001,-198,5
845,0,9022001081041001,231,4
845,0,9022001081042001,-83,5
845,0,9022001081043001,-448,5
845,0,9022001081048001,-166,5
845,1,9022001080643003,48,2
845,1,9022001080683001,64,2
845,1,9022001080685001,54,2
845,1,9022001080687001,36,2
845,1,9022001080689001,32,2
845,1,9022001080691001,-147,2
845,1,9022001080871009,-11,8
845,1,9022001081003001,63,2
845,1,9022001081005001,73,2
845,1,9022001081007001,60,2
845,1,9022001081009001,61,2
845,1,9022001081013001,-49,2
845,1,9022001081015001,-111,2
845,1,9022001081017001,-153,2
845,1,9022001081021001,-150,2
845,1,9022001081023001,-175,2
845,1,9022001081025001,-161,2
845,1,9022001081027001,-185,2
845,1,9022001081029001,-175,2
845,1,9022001081031001,-151,2
845,1,9022001081033001,-147,2
845,1,9022001081036001,-180,2
846,0,9022001080649001,1303,29
846,0,9022001080651001,652,29
846,0,9022001080653001,-118,47
846,0,9022001080657001,1928,43
846,0,9022001080659001,2367,43
846,0,9022001080661001,2755,43
846,0,9022001080663001,3442,43
846,0,9022001080665001,3505,43
846,0,9022001080665002,3612,43
846,0,9022001080668002,2516,43
846,0,9022001080871011,-6210,44
846,0,9022001080875001,-965,44
846,0,9022001080877001,812,44
846,0,9022001081065002,1990,44
846,0,9022001081069002,4568,44
846,0,9022001081071001,-4662,37
846,0,9022001081073001,1545,43
846,0,9022001081074001,3561,44
846,0,9022001085018001,3367,44
846,0,9022001085020001,3059,44
846,1,9022001080871006,-1293,54
847,0,9022001075491006,-218,11
847,0,9022001075493001,731,11
847,0,9022001075717001,-168,31
847,0,9022001080871011,-3389,19
847,0,9022001080875001,-904,18
847,0,9022001080877001,-154,18
847,0,9022001081065002,-26,18
847,0,9022001081067002,344,17
847,0,9022001081079002,316,17
847,0,9022001081085002,330,17
847,0,9022001081089002,1179,17
847,0,9022001081091002,1273,17
847,0,9022001081093002,1164,17
847,0,9022001081095002,766,17
847,0,9022001081107002,635,17
847,0,9022001081109002,651,16
847,0,9022001081111002,603,16
847,0,9022001081113002,670,16
847,0,9022001081115002,627,13
847,0,9022001081117002,804,13
847,0,9022001081119002,342,12
847,0,9022001081121002,-209,12
847,0,9022001081123002,517,12
847,0,9022001081125002,644,12
847,0,9022001081127002,620,11
847,0,9022001081129002,671,11
847,0,9022001081131002,674,11
847,0,9022001081133002,737,11
847,0,9022001081135002,737,11
847,0,9022001081137002,759,11
847,0,9022001086006003,1103,11
847,1,9022001075397001,-185,1
847,1,9022001075491002,1504,15
847,1,9022001075491005,-113,1
847,1,9022001075493001,16,1
847,1,9022001075493002,2652,16
847,1,9022001075499001,-45,1
847,1,9022001075501001,-55,1
847,1,9022001075503001,-86,1
847,1,9022001075505001,-113,1
847,1,9022001075507001,-161,1
847,1,9022001075509001,-195,1
847,1,9022001075511001,-202,1
847,1,9022001075513001,-188,1
847,1,9022001075515001,-128,1
847,1,9022001075517001,-111,1
847,1,9022001075519001,-85,1
847,1,9022001075715001,-182,1
847,1,9022001075716004,2338,2
847,1,9022001075717001,-1132,16
847,1,9022001075717003,-47,1
847,1,9022001080871007,440,29
847,1,9022001080875002,71,1
847,1,9022001080877002,138,2
847,1,9022001081065001,195,2
847,1,9022001081067001,272,2
847,1,9022001081079001,253,2
847,1,9022001081085001,297,2
847,1,9022001081089001,359,2
847,1,9022001081091001,345,2
847,1,9022001081093001,391,2
847,1,9022001081095001,448,2
847,1,9022001081107001,907,3
847,1,9022001081109001,1307,4
847,1,9022001081111001,1318,4
847,1,9022001081113001,2427,8
847,1,9022001081115001,2372,10
847,1,9022001081117001,2820,13
847,1,9022001081119001,3059,14
847,1,9022001081121001,3122,14
847,1,9022001081123001,3022,14
847,1,9022001081125001,2822,14
847,1,9022001081127001,2731,14
847,1,9022001081129001,2620,14
847,1,9022001081131001,2535,14
847,1,9022001081133001,2386,14
847,1,9022001081135001,2427,14
847,1,9022001081137001,2617,14
847,1,9022001086006001,2183,15
847,1,9022001086006002,44,1
847,1,9022001086054002,-108,1
848,0,9022001070580001,2559,22
848,0,9022001075465002,1175,15
848,0,9022001075467002,871,15
848,0,9022001075469002,1541,15
848,0,9022001075471002,1601,15
848,0,9022001075474004,-920,21
848,0,9022001075475002,597,18
848,0,9022001075477004,837,18
848,0,9022001075509003,1584,11
848,0,9022001075511002,1391,11
848,0,9022001075513002,877,11
848,0,9022001075515002,895,8
848,0,9022001075517002,939,8
848,0,9022001075519002,664,8
848,0,9022001075521002,1044,8
848,0,9022001075524001,729,8
848,0,9022001075716001,842,26
848,0,9022001075719002,1102,15
848,0,9022001080849001,3825,28
848,0,9022001080855001,3352,27
848,0,9022001080857001,3872,27
848,0,9022001080859001,3687,27
848,0,9022001080861001,3629,28
848,0,9022001080865001,3686,28
848,0,9022001080867001,4534,28
848,0,9022001080869001,4878,28
848,0,9022001080871001,-4846,28
848,0,9022001080901001,3876,28
848,0,9022001081163002,2157,27
848,0,9022001081165002,2023,27
848,0,9022001081167002,1554,27
848,0,9022001081169002,1999,27
848,0,9022001081171002,2426,27
848,0,9022001081173002,2521,27
848,0,9022001081175002,2798,27
848,0,9022001081177002,3097,26
848,0,9022001081179002,3000,23
848,0,9022001081181002,2961,23
848,0,9022001081183002,2980,23
848,0,9022001081185002,2998,23
848,0,9022001081189002,3042,22
848,0,9022001081191002,2343,21
848,0,9022001081193002,2303,21
848,0,9022001081195002,1717,20
848,0,9022001081197002,1629,20
848,0,9022001081199002,975,20
848,0,9022001081201002,1192,20
848,0,9022001081203002,868,19
848,0,9022001081205002,2472,21
848,0,9022001081207002,1876,27
848,0,9022001081215002,1173,18
848,0,9022001081217002,624,17
848,0,9022001081219002,941,17
848,0,9022001081221002,1086,16
848,0,9022001081223002,980,16
848,0,9022001081225002,1050,12
848,0,9022001081227002,606,13
848,0,9022001081229002,1454,12
848,0,9022001081231002,1558,12
848,0,9022001081233002,1646,12
848,0,9022001081235002,1860,12
848,0,9022001081237002,1834,12
848,0,9022001081239002,1772,12
848,0,9022001081243002,2859,23
848,0,9022001081245002,1690,12
848,0,9022001081247002,2413,27
848,0,9022001081451001,44,1
848,0,9022001086191002,2910,27
848,0,9022001086542001,268,4
848,0,9022001086550001,2905,25
848,0,9022001086998001,-4,1
848,1,9022001070580002,3062,16
848,1,9022001075465001,3526,18
848,1,9022001075467001,3265,18
848,1,9022001075469001,2344,18
848,1,9022001075471001,1333,18
848,1,9022001075474003,401,22
848,1,9022001075475001,2655,21
848,1,9022001075477003,2707,21
848,1,9022001075509001,4775,27
848,1,9022001075511001,5028,27
848,1,9022001075513001,5637,27
848,1,9022001075515001,3623,28
848,1,9022001075517001,2817,28
848,1,9022001075519001,2176,29
848,1,9022001075521001,987,29
848,1,9022001075524002,561,29
848,1,9022001075715001,3811,28
848,1,9022001075716002,1223,2
848,1,9022001075716004,-2161,27
848,1,9022001075719001,3420,18
848,1,9022001080849002,935,2
848,1,9022001080855002,1129,3
848,1,9022001080857002,1080,3
848,1,9022001080859002,1084,3
848,1,9022001080861002,953,2
848,1,9022001080865002,253,1
848,1,9022001080871009,-694,26
848,1,9022001080901002,248,1
848,1,9022001081163001,2493,7
848,1,9022001081165001,2789,8
848,1,9022001081167001,2876,8
848,1,9022001081169001,4614,13
848,1,9022001081171001,4935,14
848,1,9022001081173001,5350,15
848,1,9022001081175001,5335,16
848,1,9022001081177001,5300,16
848,1,9022001081179001,5398,16
848,1,9022001081181001,5338,16
848,1,9022001081183001,5328,16
848,1,9022001081185001,5480,16
848,1,9022001081189001,3103,16
848,1,9022001081191001,3254,17
848,1,9022001081193001,3111,17
848,1,9022001081195001,2967,17
848,1,9022001081197001,2942,17
848,1,9022001081199001,2272,18
848,1,9022001081201001,3173,17
848,1,9022001081203001,3468,17
848,1,9022001081205001,3259,17
848,1,9022001081207001,4028,11
848,1,9022001081215001,2693,21
848,1,9022001081217001,2629,21
848,1,9022001081219001,2724,22
848,1,9022001081221001,2675,22
848,1,9022001081223001,2638,22
848,1,9022001081225001,1915,23
848,1,9022001081227001,2984,23
848,1,9022001081229001,3555,23
848,1,9022001081231001,3390,23
848,1,9022001081233001,3204,23
848,1,9022001081235001,2906,23
848,1,9022001081237001,3580,24
848,1,9022001081239001,3526,24
848,1,9022001081243001,5493,16
848,1,9022001081245001,3788,24
848,1,9022001081247001,5173,15
848,1,9022001081451002,1008,2
848,1,9022001081631001,1180,2
848,1,9022001086191001,5367,16
848,1,9022001086550002,5437,16
849,0,9022001075491002,-2415,30
849,0,9022001075493002,28,30
849,0,9022001075717001,-5669,29
849,0,9022001081252001,465,26
849,0,9022001081254001,579,25
849,0,9022001081255002,-988,30
849,0,9022001081257002,-574,30
849,0,9022001081259002,17,29
849,0,9022001081261002,566,29
849,0,9022001081263002,1092,29
849,0,9022001081265002,1522,29
849,0,9022001081267002,1781,29
849,0,9022001081269002,1381,29
849,0,9022001081271002,1055,29
849,0,9022001081273002,986,29
849,0,9022001081275002,1635,29
849,0,9022001081277002,1749,29
849,0,9022001081279002,2010,29
849,0,9022001081281002,2161,29
849,0,9022001081283002,2066,29
849,0,9022001081283003,1292,29
849,0,9022001081285002,1399,23
849,0,9022001081287002,930,29
849,0,9022001081289002,827,29
849,0,9022001081291002,782,29
849,0,9022001081293002,754,27
849,0,9022001081295002,533,25
849,0,9022001081297002,461,23
849,0,9022001081299002,308,19
849,0,9022001081301002,113,16
849,0,9022001081304001,-6483,25
849,0,9022001081305002,-200,30
849,0,9022001085296002,1356,29
849,0,9022001085299001,570,29
849,0,9022001086006001,-478,30
849,1,9022001075491006,65,13
849,1,9022001075493001,1396,13
849,1,9022001075717003,1205,31
849,1,9022001081252001,504,7
849,1,9022001081254002,-545,19
849,1,9022001081255001,1963,13
849,1,9022001081257001,1998,13
849,1,9022001081259001,1793,13
849,1,9022001081261001,1550,13
849,1,9022001081263001,1356,13
849,1,9022001081265001,1242,13
849,1,9022001081267001,1289,14
849,1,9022001081269001,2118,17
849,1,9022001081271001,2349,17
849,1,9022001081273001,2299,17
849,1,9022001081275001,1975,18
849,1,9022001081277001,1763,18
849,1,9022001081279001,1693,18
849,1,9022001081281001,1543,19
849,1,9022001081283001,686,19
849,1,9022001081283003,1725,18
849,1,9022001081285001,88,19
849,1,9022001081287001,10,19
849,1,9022001081289001,-224,19
849,1,9022001081291001,-339,19
849,1,9022001081293001,-388,19
849,1,9022001081295001,-799,19
849,1,9022001081297001,-924,19
849,1,9022001081299001,-1033,19
849,1,9022001081301001,-1226,19
849,1,9022001081304001,-3201,19
849,1,9022001081305001,1850,13
849,1,9022001085296002,1887,18
849,1,9022001085299001,511,18
849,1,9022001085305001,96,19
850,0,9022001081199002,124,3
850,0,9022001081321001,-63,5
850,0,9022001081323002,680,5
850,0,9022001081325002,754,5
850,0,9022001081327002,825,5
850,0,9022001081329002,411,4
850,0,9022001081332001,400,4
850,1,9022001081199001,140,4
850,1,9022001081321001,-51,7
850,1,9022001081323001,404,3
850,1,9022001081325001,349,3
850,1,9022001081327001,311,3
850,1,9022001081329001,248,4
850,1,9022001081332001,275,4
852,0,9022001075509001,729,17
852,0,9022001075511001,695,17
852,0,9022001075513001,931,17
852,0,9022001075515001,864,17
852,0,9022001075517001,414,17
852,0,9022001075519001,101,17
852,0,9022001075521001,-516,18
852,0,9022001075524002,-637,18
852,0,9022001075715001,327,17
852,0,9022001075716003,-32,1
852,0,9022001075716004,-1800,17
852,0,9022001081237001,1191,15
852,0,9022001081239001,1037,16
852,0,9022001081245001,1450,15
852,0,9022001081391002,3123,15
852,0,9022001081393002,3228,15
852,0,9022001081395002,3315,15
852,0,9022001081397002,2971,15
852,0,9022001081399002,2947,15
852,0,9022001081401002,2930,15
852,0,9022001081403002,2836,15
852,0,9022001081405002,2828,15
852,0,9022001081407002,2798,15
852,0,9022001081409002,2667,12
852,0,9022001081411002,2212,11
852,0,9022001081413002,2186,11
852,0,9022001081415002,2192,11
852,0,9022001081417002,2100,11
852,0,9022001081419002,1923,11
852,0,9022001081421002,1897,11
852,0,9022001081423002,1944,11
852,0,9022001081425002,1894,11
852,0,9022001081428001,-2337,22
852,0,9022001081429002,2165,11
852,0,9022001081431002,1988,11
852,0,9022001081433002,1892,11
852,0,9022001081435002,2718,12
852,0,9022001081437002,3048,15
852,0,9022001081451002,-133,1
852,0,9022001081631001,-68,1
852,0,9022001086451002,3075,15
852,1,9022001075509003,1205,6
852,1,9022001075511002,1012,6
852,1,9022001075513002,568,5
852,1,9022001075515002,839,5
852,1,9022001075517002,870,5
852,1,9022001075519002,751,5
852,1,9022001075521002,917,5
852,1,9022001075524001,705,5
852,1,9022001075716003,-795,18
852,1,9022001081237002,352,7
852,1,9022001081239002,986,7
852,1,9022001081245002,744,7
852,1,9022001081391001,369,7
852,1,9022001081393001,238,7
852,1,9022001081395001,107,7
852,1,9022001081397001,181,7
852,1,9022001081399001,190,7
852,1,9022001081401001,168,7
852,1,9022001081403001,191,7
852,1,9022001081405001,178,7
852,1,9022001081407001,137,8
852,1,9022001081409001,48,8
852,1,9022001081411001,-40,8
852,1,9022001081413001,-86,8
852,1,9022001081415001,-133,8
852,1,9022001081417001,-61,8
852,1,9022001081419001,95,8
852,1,9022001081421001,80,8
852,1,9022001081423001,-27,8
852,1,9022001081425001,-62,8
852,1,9022001081428001,-1067,8
852,1,9022001081429001,-74,8
852,1,9022001081431001,64,8
852,1,9022001081433001,-65,8
852,1,9022001081435001,-40,8
852,1,9022001081437001,469,7
852,1,9022001081439001,-114,8
852,1,9022001086451001,515,7
854,0,9022001075511003,2078,16
854,0,9022001075511004,2114,20
854,0,9022001075513001,1637,20
854,0,9022001075513002,2100,15
854,0,9022001075515004,1523,33
854,0,9022001075521001,1787,38
854,0,9022001075524002,2254,38
854,0,9022001075715001,1134,32
854,0,9022001075716002,2068,38
854,0,9022001081441002,1892,39
854,0,9022001081443002,1955,39
854,0,9022001081445002,2146,39
854,0,9022001081447002,2240,39
854,0,9022001081449002,2448,39
854,0,9022001081451002,3881,39
854,0,9022001081453002,4324,39
854,0,9022001081455002,4141,38
854,0,9022001081457002,4224,38
854,0,9022001081459002,4348,38
854,0,9022001081461002,2317,37
854,0,9022001081465002,2702,34
854,0,9022001081471001,2145,19
854,0,9022001081473001,2258,18
854,0,9022001081473002,2328,20
854,0,9022001081475001,508,2
854,0,9022001081476001,1911,38
854,0,9022001081481002,939,37
854,0,9022001081621001,1952,23
854,0,9022001081623001,1572,24
854,0,9022001081637001,-521,39
854,0,9022001081639001,-3814,47
854,0,9022001081641002,-3809,39
854,0,9022001086101002,1366,39
854,1,9022001075397002,419,5
854,1,9022001075509001,-230,5
854,1,9022001075509002,500,5
854,1,9022001075511001,-531,5
854,1,9022001075511002,748,5
854,1,9022001075511003,2460,20
854,1,9022001075511004,470,20
854,1,9022001075513001,-1318,25
854,1,9022001075513002,3414,25
854,1,9022001075515003,5120,41
854,1,9022001075521002,5916,41
854,1,9022001075524003,4479,41
854,1,9022001075715002,-269,41
854,1,9022001075716001,397,41
854,1,9022001081441001,-652,13
854,1,9022001081443001,-555,13
854,1,9022001081445001,-297,13
854,1,9022001081447001,-103,13
854,1,9022001081449001,-48,13
854,1,9022001081451001,-86,14
854,1,9022001081453001,-101,15
854,1,9022001081455001,66,17
854,1,9022001081457001,-198,23
854,1,9022001081459001,-408,30
854,1,9022001081461001,5541,41
854,1,9022001081465001,4633,41
854,1,9022001081471001,631,20
854,1,9022001081473001,2205,20
854,1,9022001081473002,1037,20
854,1,9022001081476002,5564,41
854,1,9022001081481001,6414,41
854,1,9022001081621002,-3257,41
854,1,9022001081623002,-1089,41
854,1,9022001081637002,-273,12
854,1,9022001081639002,-5788,41
854,1,9022001081641002,-13031,56
854,1,9022001086101001,-189,14
854,1,9022001086196001,-13,5
856,0,9022001075474003,-1798,15
856,0,9022001075475002,-1306,15
856,0,9022001075477004,-1094,15
856,0,9022001081215002,-820,15
856,0,9022001081217002,-467,15
856,0,9022001081219002,-121,15
856,0,9022001081221002,119,15
856,0,9022001081223003,-164,15
856,0,9022001081349002,875,11
856,0,9022001081353002,1135,15
856,0,9022001081355002,973,15
856,0,9022001081357002,1180,15
856,0,9022001081359002,894,11
856,0,9022001081361002,894,11
856,0,9022001081363002,559,9
856,0,9022001081365002,285,7
856,0,9022001081367002,309,7
856,0,9022001081369002,285,7
856,0,9022001081371002,165,7
856,0,9022001081374001,-1221,9
856,1,9022001075474003,-736,10
856,1,9022001075475001,210,5
856,1,9022001075477003,241,5
856,1,9022001081215001,247,5
856,1,9022001081217001,272,5
856,1,9022001081219001,276,5
856,1,9022001081221001,284,5
856,1,9022001081223001,118,5
856,1,9022001081349001,-58,5
856,1,9022001081353001,111,5
856,1,9022001081355001,89,4
856,1,9022001081357001,-41,5
856,1,9022001081359001,-55,5
856,1,9022001081361001,-87,5
856,1,9022001081363001,7,5
856,1,9022001081365001,-18,5
856,1,9022001081367001,-8,5
856,1,9022001081369001,5,5
856,1,9022001081371001,99,5
856,1,9022001081374001,-353,5
858,0,9022001075397002,6488,21
858,0,9022001075465002,683,48
858,0,9022001075467002,-103,48
858,0,9022001075469002,2045,48
858,0,9022001075471002,2470,48
858,0,9022001075474004,-1394,48
858,0,9022001075475002,510,48
858,0,9022001075477002,13,47
858,0,9022001075479002,-365,37
858,0,9022001075481002,-558,36
858,0,9022001075483002,-297,34
858,0,9022001075485002,-111,34
858,0,9022001075487002,257,32
858,0,9022001075489002,242,24
858,0,9022001075491001,-326,21
858,0,9022001075493002,2096,21
858,0,9022001075499002,3554,21
858,0,9022001075501002,3632,21
858,0,9022001075503002,4448,21
858,0,9022001075505002,5123,21
858,0,9022001075507002,6087,21
858,0,9022001075509002,6539,21
858,0,9022001075511002,6852,21
858,0,9022001075513002,5647,19
858,0,9022001075515002,5030,19
858,0,9022001075517002,4492,19
858,0,9022001075519002,3425,19
858,0,9022001075521002,2910,18
858,0,9022001075524001,1265,16
858,0,9022001075716003,-1442,17
858,0,9022001075717001,-1815,21
858,0,9022001075719002,-600,48
858,0,9022001081191002,-7,1
858,0,9022001081193002,20,1
858,0,9022001081195002,42,1
858,0,9022001081197002,66,1
858,0,9022001081199002,-7499,48
858,0,9022001081201002,-4954,48
858,0,9022001081203002,-4576,48
858,0,9022001081205002,-12,1
858,0,9022001081631002,-490,14
858,0,9022001081633002,-510,14
858,0,9022001081635002,-638,14
858,0,9022001081637002,-236,14
858,0,9022001081641002,-8527,37
858,0,9022001081643002,-468,14
858,0,9022001081649002,-1,22
858,0,9022001081651002,-101,21
858,0,9022001081653002,-311,21
858,0,9022001081655002,-521,21
858,0,9022001081657003,-685,23
858,0,9022001086006001,1905,21
858,0,9022001086054001,4921,21
858,0,9022001086542001,192,9
858,0,9022001086998001,3,1
858,1,9022001075397001,-5814,32
858,1,9022001075465001,1317,20
858,1,9022001075467001,1045,20
858,1,9022001075469001,803,19
858,1,9022001075471001,418,20
858,1,9022001075474002,127,20
858,1,9022001075475001,1056,20
858,1,9022001075477001,1191,20
858,1,9022001075479001,1258,19
858,1,9022001075481001,1464,20
858,1,9022001075483001,1443,20
858,1,9022001075485001,1429,20
858,1,9022001075487001,1345,20
858,1,9022001075489001,922,20
858,1,9022001075491004,-670,33
858,1,9022001075491005,-1691,32
858,1,9022001075493001,1289,32
858,1,9022001075499001,-1194,32
858,1,9022001075501001,-1391,32
858,1,9022001075503001,-2501,32
858,1,9022001075505001,-3789,32
858,1,9022001075507001,-5429,32
858,1,9022001075509001,-5854,32
858,1,9022001075511001,-6219,32
858,1,9022001075513001,-5907,32
858,1,9022001075515001,-4677,32
858,1,9022001075517001,-3336,33
858,1,9022001075519001,-2390,34
858,1,9022001075521001,-863,35
858,1,9022001075524002,1546,35
858,1,9022001075715001,-5617,32
858,1,9022001075716002,-2269,30
858,1,9022001075716004,-955,5
858,1,9022001075717003,251,33
858,1,9022001075719001,1295,20
858,1,9022001081193001,181,2
858,1,9022001081195001,168,2
858,1,9022001081197001,162,2
858,1,9022001081199001,-3754,45
858,1,9022001081201001,1444,20
858,1,9022001081203001,1704,20
858,1,9022001081631001,-124,30
858,1,9022001081633001,-476,30
858,1,9022001081635001,-803,30
858,1,9022001081637001,-2391,30
858,1,9022001081641002,-4908,30
858,1,9022001081643001,-172,30
858,1,9022001081649001,567,21
858,1,9022001081651001,566,25
858,1,9022001081653001,77,32
858,1,9022001081655001,693,33
858,1,9022001081657004,456,20
858,1,9022001086006002,1976,32
858,1,9022001086054002,-3159,32
858,1,9022001086998001,-307,2
861,0,9022001011723002,-955,11
861,0,9022001075515002,-55,2
861,0,9022001075716001,53,2
861,0,9022001081643004,43,2
861,0,9022001081660001,-864,10
861,0,9022001086006003,1561,6
861,1,9022001011723001,14,11
861,1,9022001075515001,2768,10
861,1,9022001075716003,2189,10
861,1,9022001081643003,1214,10
861,1,9022001081660002,58,10
861,1,9022001086006002,3343,9
862,0,9022001011723002,-269,1
865,0,9022001070102002,15287,49
865,0,9022001070108010,11348,49
865,0,9022001070112003,16767,51
865,0,9022001070124002,18736,53
865,0,9022001070130001,20266,56
865,0,9022001070169001,7233,56
865,0,9022001070178001,8788,45
865,0,9022001070186002,1272,45
865,0,9022001070216002,4229,19
865,0,9022001070222002,1276,19
865,0,9022001070320005,-18,54
865,0,9022001070385002,4118,19
865,0,9022001070397003,713,14
865,0,9022001070482002,4067,36
865,0,9022001070691002,1104,21
865,0,9022001070720001,1438,15
865,0,9022001070742001,7959,45
865,0,9022001070813002,4571,19
865,0,9022001070861001,2697,19
865,0,9022001070863001,2629,19
865,0,9022001070865002,3909,19
865,0,9022001070911002,792,15
865,0,9022001080567001,-9661,57
865,0,9022001080801002,-5912,57
865,0,9022001084241001,114,4
865,1,9022001070102001,-1409,19
865,1,9022001070108002,-745,3
865,1,9022001070108003,1769,16
865,1,9022001070112001,-1280,19
865,1,9022001070124001,-2326,19
865,1,9022001070130002,-1102,16
865,1,9022001070169002,1063,10
865,1,9022001070178002,1995,19
865,1,9022001070186011,2695,21
865,1,9022001070216001,3337,43
865,1,9022001070222001,4808,27
865,1,9022001070320001,2262,45
865,1,9022001070385001,7435,45
865,1,9022001070397001,8674,45
865,1,9022001070400001,7490,45
865,1,9022001070482001,3668,20
865,1,9022001070643001,12910,45
865,1,9022001070691001,4193,22
865,1,9022001070720002,11021,45
865,1,9022001070742002,3009,20
865,1,9022001070813001,6912,45
865,1,9022001070861002,10509,45
865,1,9022001070863002,10456,45
865,1,9022001070865001,8102,45
865,1,9022001070911003,9746,45
865,1,9022001080567002,-4003,48
865,1,9022001080801001,1360,7
865,1,9022001084241001,4,2
869,0,9022001011723002,-1084,4
869,0,9022001080637002,158,3
869,0,9022001080639002,162,3
869,0,9022001080641002,177,3
869,0,9022001080643002,186,3
869,0,9022001080683002,213,3
869,0,9022001080685002,227,3
869,0,9022001080687002,228,3
869,0,9022001080689002,131,2
869,0,9022001080691002,95,2
869,0,9022001080693002,138,1
869,0,9022001080695002,153,1
869,0,9022001080697002,159,1
869,0,9022001080699002,169,1
869,0,9022001080701002,193,1
869,0,9022001080703002,233,1
869,0,9022001080717002,210,1
869,0,9022001080722001,-1125,4
869,1,9022001011723001,-494,4
869,1,9022001080637001,801,4
869,1,9022001080639001,818,4
869,1,9022001080641001,867,4
869,1,9022001080643001,912,4
869,1,9022001080683001,927,4
869,1,9022001080685001,924,4
869,1,9022001080687001,924,4
869,1,9022001080689001,970,4
869,1,9022001080691001,407,4
869,1,9022001080693001,228,4
869,1,9022001080695001,219,4
869,1,9022001080697001,162,4
869,1,9022001080699001,113,4
869,1,9022001080701001,-13,4
869,1,9022001080703001,-208,4
869,1,9022001080705001,-327,4
869,1,9022001080707001,-339,4
869,1,9022001080709001,-336,4
869,1,9022001080711001,-267,4
869,1,9022001080713001,-256,4
869,1,9022001080715001,-115,4
869,1,9022001080717001,-88,4
869,1,9022001080719001,76,4
869,1,9022001080722001,-775,4
873,0,9022001011725009,-26623,148
873,0,9022001013602003,-7721,148
873,0,9022001080005002,12120,135
873,0,9022001080009002,8596,133
873,0,9022001080013002,1279,132
873,0,9022001080015009,-12711,131
873,0,9022001080045002,-4786,130
873,0,9022001080047002,-2042,121
873,0,9022001080049002,-1859,120
873,0,9022001080051002,-1773,119
873,0,9022001080053002,-38821,136
873,1,9022001011725019,-30838,151
873,1,9022001013602004,2978,25
873,1,9022001080005001,-2608,45
873,1,9022001080011001,947,45
873,1,9022001080013001,2717,45
873,1,9022001080015004,1263,45
873,1,9022001080045001,2191,45
873,1,9022001080047001,2129,45
873,1,9022001080049001,921,45
873,1,9022001080051001,356,45
873,1,9022001080053001,-2551,45
875,0,9022001011725009,-23560,147
875,0,9022001013602003,124,147
875,0,9022001080005002,16229,139
875,0,9022001080009002,11632,135
875,0,9022001080013002,3300,127
875,0,9022001080015009,-9989,125
875,0,9022001080061003,-2107,119
875,0,9022001080065002,-457,110
875,0,9022001080067002,1682,108
875,0,9022001080079001,-42925,141
875,0,9022001080211002,-7270,124
875,0,9022001080213002,-7761,123
875,0,9022001080215002,-10849,121
875,0,9022001080217002,-5722,121
875,0,9022001080219002,-3952,121
875,1,9022001011725019,-34492,155
875,1,9022001013602004,3825,49
875,1,9022001080005001,-4869,64
875,1,9022001080011001,25,65
875,1,9022001080013001,2939,67
875,1,9022001080015005,1386,71
875,1,9022001080061001,169,76
875,1,9022001080065001,-4251,76
875,1,9022001080067002,-2378,76
875,1,9022001080079001,-8314,76
875,1,9022001080211001,5758,74
875,1,9022001080213001,6572,76
875,1,9022001080215001,2100,76
875,1,9022001080217001,3735,76
875,1,9022001080219001,1855,76
889,0,9022001081547001,-154,2
889,0,9022001081549001,23,2
889,0,9022001081551001,-1112,4
889,0,9022001081553002,-271,3
889,0,9022001081555002,148,3
889,0,9022001081557002,200,3
889,0,9022001081559002,168,3
889,0,9022001081561001,121,3
889,0,9022001081563002,127,3
889,0,9022001081565002,22,3
889,0,9022001081567002,85,3
889,0,9022001081569002,51,3
889,0,9022001081572001,-2613,10
889,1,9022001081547001,-72,1
889,1,9022001081549001,-182,1
889,1,9022001081551001,-4053,14
889,1,9022001081553001,-54,1
889,1,9022001081555001,-238,1
889,1,9022001081557001,-258,1
889,1,9022001081559001,-233,1
889,1,9022001081561001,-209,1
889,1,9022001081563001,-194,1
889,1,9022001081565001,-162,1
889,1,9022001081567001,-163,1
889,1,9022001081569001,-118,1
889,1,9022001081572001,-289,1
89,0,9022001008011001,2308,13
89,0,9022001008015001,-10445,24
89,0,9022001008017001,2471,9
89,0,9022001008018001,249,6
89,0,9022001008019001,851,5
89,1,9022001008011001,-7046,21
89,1,9022001008015001,810,7
89,1,9022001008017001,229,2
89,1,9022001008018001,466,2
89,1,9022001008019001,201,2
890,0,9022001010537001,-108,5
890,0,9022001011725008,699,5
890,0,9022001011725009,-631,7
890,0,9022001013017004,762,12
890,0,9022001013350002,507,12
890,0,9022001013551004,739,12
890,0,9022001013565002,664,12
890,0,9022001013567002,724,12
890,0,9022001013569002,690,12
890,0,9022001013571002,814,12
890,0,9022001040004002,513,12
890,0,9022001040056003,806,12
890,0,9022001080011002,22,4
890,0,9022001080013002,-32,4
890,0,9022001080015009,-406,4
890,0,9022001080061003,167,4
890,0,9022001080063002,50,3
890,0,9022001080065002,21,3
890,0,9022001080067002,61,3
890,0,9022001080071002,50,4
890,0,9022001080079001,-5229,10
890,0,9022001080153004,749,12
890,0,9022001080157002,720,12
890,0,9022001080159002,793,11
890,0,9022001080173002,782,12
890,0,9022001080179002,1038,12
890,0,9022001080181002,727,8
890,0,9022001080183002,438,6
890,0,9022001080185002,160,5
890,0,9022001080187002,14,4
890,0,9022001080193002,1020,10
890,0,9022001080211002,-200,4
890,0,9022001080213002,-47,4
890,0,9022001080215002,167,4
890,0,9022001080217002,222,4
890,0,9022001080219002,206,4
890,0,9022001080325002,627,12
890,0,9022001080336001,884,12
890,1,9022001010537004,-1070,4
890,1,9022001011725019,-2504,15
890,1,9022001013017003,348,6
890,1,9022001013350001,51,7
890,1,9022001013551003,292,6
890,1,9022001013565001,375,6
890,1,9022001013567001,343,6
890,1,9022001013569001,388,6
890,1,9022001013571001,447,6
890,1,9022001040004003,310,8
890,1,9022001040056002,299,7
890,1,9022001080011001,483,15
890,1,9022001080013001,747,15
890,1,9022001080015005,250,15
890,1,9022001080061001,61,15
890,1,9022001080063001,62,15
890,1,9022001080065001,-160,15
890,1,9022001080067002,-115,15
890,1,9022001080071001,-50,15
890,1,9022001080079001,-1085,15
890,1,9022001080153003,231,6
890,1,9022001080157001,344,6
890,1,9022001080159001,317,6
890,1,9022001080173001,180,7
890,1,9022001080179001,530,10
890,1,9022001080181001,357,11
890,1,9022001080183001,481,11
890,1,9022001080185001,590,12
890,1,9022001080187001,620,15
890,1,9022001080193001,375,10
890,1,9022001080211001,730,15
890,1,9022001080213001,196,15
890,1,9022001080215001,-1234,15
890,1,9022001080217001,340,15
890,1,9022001080219001,182,15
890,1,9022001080325001,639,7
890,1,9022001080336002,162,7
892,0,9022001010537001,-96,3
892,0,9022001011725008,377,3
892,0,9022001011725009,-448,4
892,0,9022001013602003,568,7
892,0,9022001080077002,1170,7
892,0,9022001080092001,396,7
892,0,9022001080093002,1145,7
892,0,9022001080095002,1225,7
892,0,9022001080097002,1275,7
892,0,9022001080099002,1152,7
892,0,9022001080101002,1055,7
892,0,9022001080103002,912,7
892,0,9022001080105002,825,7
892,0,9022001080107002,681,7
892,0,9022001080109005,367,7
892,0,9022001080122003,77,1
892,0,9022001080125001,63,1
892,0,9022001080127001,147,2
892,0,9022001080129001,287,3
892,0,9022001080341002,689,7
892,0,9022001080408002,614,7
892,0,9022001080419002,586,7
892,0,9022001080423002,801,7
892,0,9022001080567001,57,1
892,0,9022001080571001,136,3
892,0,9022001080573001,60,1
892,0,9022001080575001,68,1
892,0,9022001080801002,57,1
892,0,9022001080803002,34,1
892,0,9022001080813002,-750,12
892,0,9022001080821002,42,1
892,0,9022001080823002,77,1
892,0,9022001080825002,81,1
892,0,9022001080971002,45,1
892,1,9022001010537004,-894,7
892,1,9022001011725012,285,9
892,1,9022001013602004,204,2
892,1,9022001080077001,379,6
892,1,9022001080092003,548,6
892,1,9022001080093001,338,6
892,1,9022001080095001,195,6
892,1,9022001080097001,344,7
892,1,9022001080099001,407,7
892,1,9022001080101001,451,7
892,1,9022001080103001,486,7
892,1,9022001080105001,554,8
892,1,9022001080107001,605,8
892,1,9022001080109004,57,8
892,1,9022001080122002,-44,9
892,1,9022001080125002,52,9
892,1,9022001080127002,-69,9
892,1,9022001080129002,126,8
892,1,9022001080341001,689,6
892,1,9022001080408001,735,6
892,1,9022001080419001,627,8
892,1,9022001080423001,608,6
892,1,9022001080567002,58,9
892,1,9022001080571002,-543,9
892,1,9022001080573002,-133,9
892,1,9022001080575002,-42,9
892,1,9022001080801001,165,10
892,1,9022001080803001,510,12
892,1,9022001080813003,-1438,13
892,1,9022001080815001,-641,13
892,1,9022001080817001,-344,13
892,1,9022001080819001,-136,13
892,1,9022001080821001,439,13
892,1,9022001080823001,457,13
892,1,9022001080825001,808,12
892,1,9022001080971001,631,12
893,0,9022001010537001,-2633,19
893,0,9022001011725008,2520,19
893,0,9022001013264004,3687,19
893,0,9022001013267002,4951,19
893,0,9022001070603002,4561,19
893,0,9022001070609002,4517,19
893,0,9022001070611002,4632,19
893,0,9022001070613002,4419,19
893,0,9022001070615002,4250,19
893,0,9022001070617002,3615,18
893,0,9022001070619002,2935,18
893,0,9022001070621002,4186,18
893,0,9022001070623002,4073,18
893,0,9022001070625002,4019,18
893,0,9022001070628001,4221,19
893,0,9022001070675002,3311,18
893,0,9022001080567001,1018,14
893,0,9022001080569001,1217,14
893,0,9022001080571003,872,15
893,0,9022001080573001,961,14
893,0,9022001080603001,494,14
893,0,9022001080605001,748,14
893,0,9022001080785002,4067,18
893,0,9022001080787002,3600,18
893,0,9022001080789002,3876,18
893,0,9022001080791002,3626,17
893,0,9022001080795002,3752,17
893,0,9022001080801002,1221,14
893,0,9022001080803002,1035,14
893,0,9022001080837002,3789,17
893,0,9022001080849001,843,10
893,0,9022001080851001,-2107,11
893,0,9022001080853002,528,10
893,0,9022001080855001,876,10
893,0,9022001080857001,948,10
893,0,9022001080859001,875,10
893,0,9022001080861001,934,11
893,0,9022001080865001,965,11
893,0,9022001080867001,1486,12
893,0,9022001080869001,1635,13
893,0,9022001080871009,773,13
893,0,9022001080875001,891,13
893,0,9022001080875002,1927,13
893,0,9022001080877001,1411,13
893,0,9022001080883002,835,13
893,0,9022001080901001,1237,12
893,0,9022001081161001,59,9
893,0,9022001084031004,1624,15
893,0,9022001084045002,1288,13
893,0,9022001084072002,2746,16
893,0,9022001084080002,3208,17
893,0,9022001084086001,2054,16
893,1,9022001010537004,149,16
893,1,9022001011725022,496,5
893,1,9022001013264003,952,8
893,1,9022001013267001,961,7
893,1,9022001070603001,1278,8
893,1,9022001070609001,1007,8
893,1,9022001070611001,951,9
893,1,9022001070613001,1264,10
893,1,9022001070615001,1296,10
893,1,9022001070617001,1709,11
893,1,9022001070619001,1576,11
893,1,9022001070621001,1836,11
893,1,9022001070623001,1972,11
893,1,9022001070625001,2004,11
893,1,9022001070628002,1418,8
893,1,9022001070670002,560,7
893,1,9022001070675001,1805,11
893,1,9022001080567002,2173,14
893,1,9022001080569002,2823,12
893,1,9022001080571002,1689,13
893,1,9022001080573002,1970,13
893,1,9022001080603002,1848,13
893,1,9022001080605002,2892,12
893,1,9022001080785001,1876,10
893,1,9022001080787001,1890,11
893,1,9022001080789001,1846,11
893,1,9022001080791001,1652,11
893,1,9022001080795001,1427,11
893,1,9022001080801001,2370,14
893,1,9022001080803001,2738,15
893,1,9022001080837001,1477,11
893,1,9022001080849002,4129,18
893,1,9022001080851001,903,18
893,1,9022001080853002,3489,18
893,1,9022001080855002,3515,18
893,1,9022001080857002,3432,18
893,1,9022001080859002,3848,18
893,1,9022001080861002,4442,18
893,1,9022001080865002,4487,18
893,1,9022001080867002,4581,18
893,1,9022001080869002,4546,18
893,1,9022001080871004,2688,16
893,1,9022001080875001,3713,17
893,1,9022001080875002,3368,16
893,1,9022001080877001,3656,17
893,1,9022001080883001,2656,15
893,1,9022001080901002,4580,18
893,1,9022001081161002,2268,18
893,1,9022001084031003,2535,12
893,1,9022001084045001,2115,15
893,1,9022001084072004,2372,12
893,1,9022001084080001,1866,11
893,1,9022001084086002,2452,12
898,0,9022001075397002,151,1
898,0,9022001075491002,100,1
898,0,9022001075491006,-6,1
898,0,9022001075493001,36,1
898,0,9022001075493002,169,1
898,0,9022001075499002,150,1
898,0,9022001075501002,148,1
898,0,9022001075503002,157,1
898,0,9022001075505002,151,1
898,0,9022001075507002,155,1
898,0,9022001075509002,147,1
898,0,9022001075511002,152,1
898,0,9022001075513002,130,1
898,0,9022001075515002,109,1
898,0,9022001075517002,85,1
898,0,9022001075519002,47,1
898,0,9022001075716003,-49,1
898,0,9022001075717001,23,1
898,0,9022001080871011,-154,1
898,0,9022001080875001,-71,1
898,0,9022001080877001,-88,1
898,0,9022001081065002,-60,1
898,0,9022001081445001,-3,1
898,0,9022001081447001,25,1
898,0,9022001081449001,32,1
898,0,9022001081451001,-2,1
898,0,9022001081459001,-40,1
898,0,9022001081641002,-101,1
898,0,9022001081660002,-4,1
898,0,9022001086006001,151,1
898,0,9022001086006003,106,1
898,0,9022001086054001,165,1
898,0,9022001086101001,2,1
9,0,9022001000128001,68,4
9,0,9022001000130001,-126,4
9,0,9022001000131001,406,4
9,0,9022001000132001,121,3
9,0,9022001000133001,191,3
9,0,9022001000134001,66,3
9,0,9022001000301001,-453,8
9,0,9022001000306001,-2374,8
9,0,9022001000401001,-1376,3
9,0,9022001000401005,-277,2
9,0,9022001000401006,-159,3
9,0,9022001000405001,269,4
9,0,9022001000406001,126,4
9,0,9022001000408001,375,4
9,0,9022001000411001,29,2
9,0,9022001000426001,114,2
9,0,9022001000427001,114,2
9,0,9022001000428001,276,4
9,0,9022001000430001,135,1
9,0,9022001000431001,-132,2
9,0,9022001000801001,-138,4
9,0,9022001000802001,85,4
9,0,9022001000803001,-337,3
9,0,9022001000804001,22,3
9,0,9022001000805001,-151,3
9,0,9022001000806001,-74,3
9,0,9022001000807001,-69,3
9,0,9022001000809001,112,3
9,0,9022001000810001,-218,3
9,0,9022001000811001,72,1
9,0,9022001000812001,103,1
9,0,9022001000814001,-1228,3
9,0,9022001000844001,-143,1
9,0,9022001000902001,-329,5
9,0,9022001000903001,776,6
9,0,9022001000904001,370,4
9,0,9022001000905001,-216,4
9,0,9022001000955001,305,6
9,1,9022001000128001,-11,1
9,1,9022001000130001,-90,1
9,1,9022001000301002,-1306,2
9,1,9022001000301003,-1190,2
9,1,9022001000301009,-1200,2
9,1,9022001000401004,54,1
9,1,9022001000401005,-33,1
9,1,9022001000401006,-331,2
9,1,9022001000401008,-428,2
9,1,9022001000402001,253,1
9,1,9022001000403001,229,1
9,1,9022001000405001,211,3
9,1,9022001000406001,206,3
9,1,9022001000407001,241,1
9,1,9022001000408001,218,2
9,1,9022001000409001,266,1
9,1,9022001000411001,-11,1
9,1,9022001000426001,-11,1
9,1,9022001000427001,-58,1
9,1,9022001000428001,-11,1
9,1,9022001000430001,150,2
9,1,9022001000431001,319,3
9,1,9022001000801001,28,3
9,1,9022001000802001,404,1
9,1,9022001000803001,98,1
9,1,9022001000804001,6,1
9,1,9022001000805001,-15,1
9,1,9022001000806001,56,2
9,1,9022001000807001,-258,2
9,1,9022001000809001,17,2
9,1,9022001000810001,-520,3
9,1,9022001000811001,-188,3
9,1,9022001000812001,-1088,2
9,1,9022001000813001,-197,3
9,1,9022001000814001,-1369,3
9,1,9022001000844001,-1372,2
9,1,9022001000903001,-43,1
9,1,9022001000904001,15,1
9,1,9022001000905001,-19,1
9,1,9022001000955001,31,1
908,1,9022001012351003,13,5
908,1,9022001012592006,-3052,17
908,1,9022001016703001,888,3
908,1,9022001016705001,934,3
908,1,9022001016707001,987,3
908,1,9022001016709001,1036,3
908,1,9022001016711001,1083,3
908,1,9022001016713001,1419,4
908,1,9022001016715001,1506,4
908,1,9022001016719001,1649,4
908,1,9022001016721001,1723,4
908,1,9022001016723001,1651,4
908,1,9022001016725001,1098,4
908,1,9022001016727001,1019,5
908,1,9022001016728001,939,5
908,1,9022001016729001,806,5
908,1,9022001016730001,854,4
908,1,9022001016730002,499,5
908,1,9022001016733001,809,4
908,1,9022001016735001,226,5
908,1,9022001016736002,-219,5
908,1,9022001016738002,4,5
908,1,9022001016740002,-146,5
908,1,9022001016742002,28,5
908,1,9022001016746001,-1002,5
908,1,9022001016748001,-652,5
908,1,9022001016750001,7,5
908,1,9022001016752001,27,5
908,1,9022001016752002,-75,5
908,1,9022001016754001,-450,5
908,1,9022001016754002,-55,5
908,1,9022001016756001,-20,5
908,1,9022001016756002,-1234,5
908,1,9022001016758001,-1599,5
908,1,9022001016759001,-739,5
908,1,9022001050101001,-265,5
91,0,9022001010008002,375,8
91,0,9022001010012002,261,8
91,0,9022001010014002,249,8
91,0,9022001010019004,237,11
91,0,9022001010024002,-26,12
91,0,9022001010028001,-3481,13
91,0,9022001010031001,1876,13
91,0,9022001010033001,2025,13
91,0,9022001010034002,1998,13
91,0,9022001010037001,1913,13
91,0,9022001010040002,1919,13
91,0,9022001010045002,1719,13
91,0,9022001010052002,-2100,13
91,0,9022001010054001,-1716,13
91,0,9022001010056001,-1221,13
91,0,9022001010058001,-939,13
91,0,9022001010060001,-183,13
91,0,9022001010062002,413,13
91,0,9022001010153001,1596,13
91,0,9022001010155001,1184,13
91,0,9022001010369005,155,8
91,0,9022001010421002,345,8
91,0,9022001010449002,200,8
91,0,9022001010451002,196,8
91,0,9022001010453002,193,8
91,0,9022001010455002,271,8
91,0,9022001010462001,134,8
91,0,9022001010505001,713,12
91,0,9022001010645004,181,8
91,0,9022001010733002,280,8
91,0,9022001010736001,-2546,22
91,1,9022001010008001,983,17
91,1,9022001010012001,810,16
91,1,9022001010014001,1355,16
91,1,9022001010016001,1601,16
91,1,9022001010019003,1707,16
91,1,9022001010024001,1532,15
91,1,9022001010028003,-404,23
91,1,9022001010031002,952,14
91,1,9022001010034001,982,14
91,1,9022001010037002,1019,14
91,1,9022001010040001,936,13
91,1,9022001010045001,879,11
91,1,9022001010052003,1110,11
91,1,9022001010054002,1224,11
91,1,9022001010056002,1370,11
91,1,9022001010058002,1394,11
91,1,9022001010060002,1382,11
91,1,9022001010062001,1380,11
91,1,9022001010153002,959,11
91,1,9022001010155002,1184,11
91,1,9022001010369006,94,17
91,1,9022001010421001,1360,17
91,1,9022001010449001,690,16
91,1,9022001010451001,219,17
91,1,9022001010453001,14,17
91,1,9022001010455003,-980,17
91,1,9022001010462002,779,17
91,1,9022001010505002,1911,15
91,1,9022001010645003,882,17
91,1,9022001010733001,-930,17
91,1,9022001010736002,-2278,17
921,0,9022001020001002,-86,5
921,0,9022001020041002,54,5
921,0,9022001020761001,264,5
921,0,9022001020771001,224,5
921,0,9022001020781001,159,5
921,0,9022001020791001,-151,5
921,0,9022001020801001,-391,5
921,0,9022001021111001,59,5
921,0,9022001021121001,606,7
921,0,9022001021121003,-55,6
921,0,9022001021131001,509,7
921,0,9022001021151001,39,7
921,0,9022001021161001,8,7
921,0,9022001021171001,-608,7
921,0,9022001023001001,-2093,7
921,0,9022001023081001,-586,5
921,0,9022001023091001,-176,5
921,0,9022001023101001,262,6
921,0,9022001023500001,466,7
921,0,9022001023502001,-175,7
921,0,9022001023503001,416,7
921,0,9022001023505001,-669,7
921,0,9022001023507001,-1184,7
921,0,9022001023509001,-1552,7
921,0,9022001023516001,-2001,7
921,1,9022001020001001,-77,3
921,1,9022001020041001,-613,3
921,1,9022001020680001,-23,1
921,1,9022001020761002,-517,3
921,1,9022001020771002,-262,3
921,1,9022001020781002,-201,3
921,1,9022001020791002,-8,3
921,1,9022001020801002,101,3
921,1,9022001021111002,-111,3
921,1,9022001021121003,33,3
921,1,9022001021131002,-20,3
921,1,9022001021151002,70,3
921,1,9022001021161002,65,3
921,1,9022001021171002,67,3
921,1,9022001021191002,-23,2
921,1,9022001021202001,-34,1
921,1,9022001023001001,-850,3
921,1,9022001023081001,-193,3
921,1,9022001023091001,-88,3
921,1,9022001023101001,122,3
921,1,9022001023500001,228,3
921,1,9022001023502001,-124,3
921,1,9022001023503002,-14,3
921,1,9022001023508001,105,3
921,1,9022001023512001,132,3
921,1,9022001023514001,-54,2
921,1,9022001023516001,-592,5
923,0,9022001020001001,-916,5
923,0,9022001020021001,245,4
923,0,9022001020021003,314,7
923,0,9022001020031002,333,3
923,0,9022001020041002,60,2
923,0,9022001020611001,176,3
923,0,9022001020611002,367,3
923,0,9022001020621001,256,3
923,0,9022001020961001,-346,4
923,0,9022001020971001,-386,4
923,0,9022001020973001,-430,4
923,0,9022001020981001,-279,4
923,0,9022001020991001,-165,4
923,0,9022001021001001,-225,5
923,0,9022001021011001,-290,5
923,0,9022001021021001,-270,5
923,0,9022001021031001,-205,5
923,0,9022001021031002,-434,5
923,0,9022001021041001,-401,5
923,0,9022001023001001,-888,3
923,0,9022001023015001,28,2
923,0,9022001023031001,49,4
923,0,9022001023041001,-773,4
923,0,9022001023071001,-539,5
923,0,9022001023081001,-1537,5
923,1,9022001020001002,72,4
923,1,9022001020021001,367,7
923,1,9022001020031001,435,7
923,1,9022001020041001,-192,16
923,1,9022001020221001,498,7
923,1,9022001020221002,-487,9
923,1,9022001020231002,-223,9
923,1,9022001020231003,1194,9
923,1,9022001020241001,1220,9
923,1,9022001020241002,-66,9
923,1,9022001020261001,925,9
923,1,9022001020271003,996,9
923,1,9022001020512001,-346,8
923,1,9022001020611001,543,7
923,1,9022001020611002,818,7
923,1,9022001020621001,782,7
923,1,9022001020961002,239,7
923,1,9022001020971002,333,7
923,1,9022001020981002,440,7
923,1,9022001020991002,441,7
923,1,9022001021001002,381,7
923,1,9022001021011002,386,7
923,1,9022001021021002,292,7
923,1,9022001021031001,681,7
923,1,9022001021031002,230,7
923,1,9022001021041001,128,7
923,1,9022001023001001,-1172,15
923,1,9022001023031001,366,7
923,1,9022001023041001,250,7
923,1,9022001023071002,709,7
923,1,9022001023081001,-512,4
93,0,9022001010250001,1195,9
93,0,9022001010254003,1213,9
93,0,9022001010255004,1055,9
93,0,9022001010256003,1043,9
93,0,9022001010599002,953,9
93,0,9022001010611002,890,8
93,0,9022001010949002,752,9
93,0,9022001010976004,1341,9
93,0,9022001010985002,931,7
93,0,9022001010987002,935,9
93,0,9022001010991002,641,7
93,0,9022001010993002,556,4
93,0,9022001010995001,328,2
93,0,9022001011002016,-646,8
93,0,9022001040058002,400,3
93,0,9022001040065001,410,3
93,0,9022001040129002,66,2
93,0,9022001040130002,-1656,12
93,0,9022001040523003,418,3
93,1,9022001010593001,385,2
93,1,9022001010599001,971,5
93,1,9022001010611001,941,5
93,1,9022001010949001,1097,5
93,1,9022001010976003,370,2
93,1,9022001010985001,1191,5
93,1,9022001010987001,1223,5
93,1,9022001010991001,1273,5
93,1,9022001010993001,1305,5
93,1,9022001010995002,1155,5
93,1,9022001011002012,-1378,10
93,1,9022001040058001,1295,5
93,1,9022001040065002,1224,5
93,1,9022001040129001,1237,5
93,1,9022001040130001,365,5
93,1,9022001040131001,1299,5
93,1,9022001040133003,1166,5
93,1,9022001040523002,1296,5
94,0,9022001010040002,445,12
94,0,9022001010045002,161,12
94,0,9022001010098003,-895,12
94,0,9022001010136002,436,4
94,0,9022001010151003,1069,12
94,0,9022001010183002,1418,12
94,0,9022001010188002,1321,12
94,0,9022001010191002,1241,12
94,0,9022001010193001,1111,12
94,0,9022001010194004,701,12
94,0,9022001010198002,547,12
94,0,9022001010199002,732,12
94,0,9022001010203001,72,12
94,0,9022001010261002,122,1
94,0,9022001010363004,1399,12
94,0,9022001010367002,1463,11
94,0,9022001010369001,1123,11
94,0,9022001010401001,318,3
94,0,9022001010421002,1457,10
94,0,9022001010627002,-36,12
94,0,9022001010645002,1616,8
94,0,9022001010647002,592,7
94,0,9022001010649002,572,7
94,0,9022001010651002,601,6
94,0,9022001010653002,639,5
94,0,9022001010655002,491,4
94,0,9022001010658001,363,4
94,0,9022001010659002,316,4
94,0,9022001010661002,347,4
94,0,9022001011725004,-2857,25
94,1,9022001010040001,1110,19
94,1,9022001010045001,1082,19
94,1,9022001010098003,-3529,22
94,1,9022001010136001,271,30
94,1,9022001010151002,-923,24
94,1,9022001010183003,62,23
94,1,9022001010188001,-272,23
94,1,9022001010191001,-4,20
94,1,9022001010192001,433,20
94,1,9022001010194006,667,20
94,1,9022001010198001,1165,19
94,1,9022001010199001,1317,20
94,1,9022001010203002,852,19
94,1,9022001010261004,-606,30
94,1,9022001010363005,-472,26
94,1,9022001010367001,-635,28
94,1,9022001010369008,-1193,28
94,1,9022001010401002,-69,30
94,1,9022001010421001,-204,29
94,1,9022001010627001,581,19
94,1,9022001010645001,-840,29
94,1,9022001010647001,217,29
94,1,9022001010649001,-316,29
94,1,9022001010651001,625,30
94,1,9022001010653001,-190,30
94,1,9022001010655001,-458,30
94,1,9022001010657001,-259,30
94,1,9022001010659001,-169,30
94,1,9022001010661001,-1399,30
94,1,9022001011725004,-3005,30
94,1,9022001070692001,711,30
952,0,9022001017304002,117,2
952,0,9022001050121004,-25,5
952,0,9022001050125004,197,5
952,0,9022001050152001,-563,3
952,0,9022001050154001,-653,3
952,0,9022001050158001,-330,3
952,0,9022001050231002,201,5
952,0,9022001050342002,374,2
952,0,9022001050348002,294,2
952,0,9022001050350002,236,3
952,0,9022001050450001,-544,5
952,0,9022001050454001,212,5
952,0,9022001050457001,-23,5
952,0,9022001050458001,274,5
952,0,9022001050460001,285,5
952,0,9022001050462001,145,5
952,0,9022001050467002,-2669,5
952,0,9022001050474001,377,2
952,0,9022001050478001,329,2
952,0,9022001050480001,314,2
952,0,9022001050482001,323,2
952,0,9022001050484001,274,2
952,0,9022001050486001,250,2
952,0,9022001050490001,-1107,5
952,0,9022001050493002,221,5
952,0,9022001051886002,121,2
952,1,9022001017304001,144,12
952,1,9022001050121004,-87,8
952,1,9022001050125003,26,7
952,1,9022001050134002,199,3
952,1,9022001050137001,194,7
952,1,9022001050144002,495,8
952,1,9022001050152001,-1881,8
952,1,9022001050154001,-552,8
952,1,9022001050156002,208,8
952,1,9022001050231001,-224,8
952,1,9022001050342001,-395,9
952,1,9022001050348001,-1901,9
952,1,9022001050350001,-1134,9
952,1,9022001050409001,-2981,10
952,1,9022001050450001,-1049,5
952,1,9022001050454002,45,7
952,1,9022001050457001,122,8
952,1,9022001050458002,-10,8
952,1,9022001050460002,-141,8
952,1,9022001050462002,-501,8
952,1,9022001050467001,-728,8
952,1,9022001050474002,-674,9
952,1,9022001050478002,-976,9
952,1,9022001050480001,-1562,9
952,1,9022001050482001,-985,9
952,1,9022001050484002,-1936,10
952,1,9022001050486002,-2417,10
952,1,9022001050490001,-4382,11
952,1,9022001050493001,102,7
952,1,9022001051886001,-1415,11
953,0,9022001051693002,21,1
953,0,9022001051712002,7,3
953,0,9022001055101001,-305,2
953,0,9022001055102001,-62,3
953,0,9022001055103001,-18,3
953,0,9022001055105001,-529,7
953,0,9022001055106001,-102,1
953,0,9022001055111001,72,1
953,0,9022001055112001,-52,1
953,0,9022001055114001,-197,1
953,1,9022001055105001,-864,8
955,1,9022001050501007,4869,20
955,1,9022001050502001,2460,8
955,1,9022001050502002,3767,4
955,1,9022001050504001,4300,8
955,1,9022001050504002,3767,4
955,1,9022001050506001,4426,8
955,1,9022001050512001,4334,6
955,1,9022001050514001,4334,6
955,1,9022001052346001,4334,6
955,1,9022001052347001,4334,6
955,1,9022001052348001,5129,7
955,1,9022001052349001,4780,8
955,1,9022001052358001,3332,8
955,1,9022001052359001,3767,4
955,1,9022001052361001,4951,7
955,1,9022001052703001,8067,12
955,1,9022001052709001,3604,8
955,1,9022001052710001,4334,6
955,1,9022001052711001,3699,8
955,1,9022001060731001,4038,8
96,0,9022001010031005,258,11
96,0,9022001010102001,293,10
96,0,9022001010107002,-756,11
96,0,9022001010110001,-240,11
96,0,9022001010112001,83,11
96,0,9022001010122001,520,10
96,0,9022001010151002,-2803,11
96,0,9022001010188001,-1363,11
96,0,9022001010191001,-964,11
96,0,9022001010250001,696,8
96,0,9022001010251001,575,8
96,0,9022001010261003,430,7
96,0,9022001010395002,604,8
96,0,9022001010397002,628,8
96,0,9022001010414001,585,10
96,0,9022001010665001,-6104,23
96,0,9022001010676002,126,4
96,0,9022001010682002,108,4
96,0,9022001010684001,-5,4
96,0,9022001011002015,611,10
96,1,9022001010031004,-391,21
96,1,9022001010107001,18,21
96,1,9022001010110002,-301,21
96,1,9022001010112002,-357,21
96,1,9022001010120002,-320,21
96,1,9022001010122002,-625,21
96,1,9022001010151005,-1584,22
96,1,9022001010188002,124,20
96,1,9022001010250002,168,22
96,1,9022001010251002,695,23
96,1,9022001010261005,150,23
96,1,9022001010294003,-410,21
96,1,9022001010395001,704,23
96,1,9022001010397001,693,23
96,1,9022001010676001,471,23
96,1,9022001010682001,1149,23
96,1,9022001010684002,1415,23
96,1,9022001010788001,-4309,23
96,1,9022001011002012,-1991,23
968,1,9022001062303002,-621,6
968,1,9022001062309001,-3,3
968,1,9022001062309002,-449,4
968,1,9022001062311001,-15,4
968,1,9022001062311002,-437,4
968,1,9022001062317002,120,2
968,1,9022001062319001,-978,6
968,1,9022001062319002,-1989,7
968,1,9022001062411001,-170,4
968,1,9022001062411002,-213,4
968,1,9022001066013001,-995,6
968,1,9022001066013002,-1176,8
968,1,9022001066017001,-1081,6
968,1,9022001066019001,-862,6
968,1,9022001066019002,-2013,7
968,1,9022001067120001,-698,6
968,1,9022001067121001,-1272,7
968,1,9022001067123001,45,5
968,1,9022001067127001,-133,4
968,1,9022001067128001,-636,9
968,1,9022001067131001,-1973,8
968,1,9022001067132001,-487,6
968,1,9022001067134001,-137,4
968,1,9022001067137001,-2074,12
968,1,9022001067137002,-1253,7
968,1,9022001081661001,-846,6
968,1,9022001081662001,-689,7
968,1,9022001081663001,-125,4
968,1,9022001081664001,-33,3
968,1,9022001081664002,-619,4
969,1,9022001063051002,-314,2
969,1,9022001063070002,-2187,8
969,1,9022001063073001,-1976,12
969,1,9022001063300001,-300,6
969,1,9022001063807001,-214,2
969,1,9022001063807002,-227,4
969,1,9022001064001001,-926,8
969,1,9022001064003001,-1277,8
969,1,9022001064176001,387,6
969,1,9022001064474002,-642,6
969,1,9022001064476001,135,6
969,1,9022001064476002,449,6
969,1,9022001064555001,438,6
969,1,9022001064559001,-461,3
969,1,9022001064562001,-188,2
969,1,9022001064562002,-270,4
969,1,9022001064567001,-1925,13
969,1,9022001064571001,51,6
969,1,9022001064573001,452,6
969,1,9022001064586002,308,6
969,1,9022001064591001,478,6
969,1,9022001064886001,380,6
969,1,9022001065001001,-276,2
969,1,9022001065001002,-432,12
969,1,9022001065003001,-96,2
969,1,9022001065003002,-594,5
969,1,9022001065004001,-365,4
969,1,9022001065004002,-110,2
969,1,9022001065007001,-140,2
969,1,9022001065007002,-325,4
969,1,9022001065015001,-254,2
969,1,9022001065015002,-117,4
969,1,9022001065017001,-242,2
969,1,9022001065017002,-247,4
969,1,9022001065035001,380,6
969,1,9022001065037001,364,6
969,1,9022001065039001,393,6
969,1,9022001065041001,389,6
969,1,9022001065055001,-127,6
969,1,9022001065055002,514,6
969,1,9022001065067001,-1475,8
969,1,9022001065067002,-328,2
969,1,9022001065069001,-286,2
969,1,9022001065069002,-1638,8
978,0,9022001075001015,52,6
978,0,9022001075072003,450,6
978,0,9022001075074002,527,6
978,0,9022001075080001,-1,6
978,0,9022001075082001,112,6
978,0,9022001075084001,555,6
978,0,9022001075126001,114,5
978,0,9022001075168004,7,3
978,0,9022001075633002,246,6
978,0,9022001075821003,185,6
978,0,9022001075845003,184,2
978,0,9022001075855002,-362,3
978,0,9022001075861002,133,3
978,0,9022001075863002,363,3
978,0,9022001075866002,649,3
978,0,9022001075880001,-95,2
978,0,9022001075919001,562,6
978,0,9022001075921001,-52,6
978,0,9022001075923001,-495,6
978,1,9022001075001016,393,4
978,1,9022001075002001,537,3
978,1,9022001075008001,711,4
978,1,9022001075072003,449,2
978,1,9022001075074001,361,2
978,1,9022001075080002,412,2
978,1,9022001075082002,348,2
978,1,9022001075084001,509,2
978,1,9022001075126002,399,3
978,1,9022001075168003,-160,3
978,1,9022001075170003,895,4
978,1,9022001075633001,321,3
978,1,9022001075821007,338,3
978,1,9022001075845004,2444,5
978,1,9022001075855001,301,3
978,1,9022001075861001,-281,3
978,1,9022001075863001,-702,3
978,1,9022001075880001,2508,5
978,1,9022001075919002,351,2
978,1,9022001075921001,383,2
978,1,9022001075923001,218,4
979,0,9022001075001015,73,1
979,0,9022001075012004,-134,2
979,0,9022001075014004,-170,2
979,0,9022001075016002,-10,2
979,0,9022001075018003,-194,2
979,0,9022001075059002,-151,2
979,0,9022001075072003,-319,2
979,0,9022001075210003,-120,1
979,0,9022001075633002,177,1
979,0,9022001075847001,19,2
979,0,9022001075901001,1416,3
979,0,9022001075903001,1736,3
979,0,9022001075907001,-223,2
979,0,9022001075915002,-131,2
979,0,9022001075927001,-278,2
979,1,9022001075001016,780,3
979,1,9022001075002001,1023,3
979,1,9022001075008001,1025,3
979,1,9022001075012003,184,2
979,1,9022001075014003,-27,1
979,1,9022001075059003,122,2
979,1,9022001075072003,642,3
979,1,9022001075206002,298,3
979,1,9022001075210003,-86,3
979,1,9022001075633001,764,3
979,1,9022001075842001,55,3
979,1,9022001075843002,322,3
979,1,9022001075845002,393,3
979,1,9022001075847001,1069,3
979,1,9022001075901001,-233,3
979,1,9022001075907001,157,1
979,1,9022001075915001,246,2
981,1,9022001080109001,515,8
981,1,9022001080122001,1939,7
981,1,9022001080122003,2627,8
981,1,9022001080123002,1865,7
981,1,9022001080129001,1555,8
981,1,9022001080131002,831,7
981,1,9022001080419002,750,7
981,1,9022001080807002,-2128,14
981,1,9022001084034001,743,7
981,1,9022001084038001,2295,8
981,1,9022001084042001,1951,8
981,1,9022001084044001,1991,8
981,1,9022001084050001,215,1
981,1,9022001084052001,842,5
981,1,9022001084053003,204,7
981,1,9022001084111001,615,8
981,1,9022001084112001,1075,8
981,1,9022001085073002,1803,6
